seal,ref,s_date,e_date,closest_gps_s_date,closest_gps_e_date,diff_s,diff_e,haulout_number,cnt,end_number,lat,lon
B22,hg32-07-11,2011-06-16T20:13:00Z,2011-06-16T20:34:00Z,2011-06-16T20:14:44Z,2011-06-16T20:36:20Z,104,140,0,1,0,48.3679599761963,-4.86619997024536
B22,hg32-07-11,2011-06-16T20:49:00Z,2011-06-16T21:22:00Z,2011-06-16T20:46:20Z,2011-06-16T21:26:40Z,160,280,1,1,1,48.3662261962891,-4.8552098274231
B22,hg32-07-11,2011-06-17T00:04:30Z,2011-06-17T01:33:00Z,2011-06-17T00:03:16Z,2011-06-17T01:36:52Z,74,232,2,1,2,48.3664102554321,-4.85504496097565
B22,hg32-07-11,2011-06-17T02:04:30Z,2011-06-17T02:24:00Z,2011-06-17T02:06:52Z,2011-06-17T02:25:12Z,142,72,3,1,3,48.3614196777344,-4.84767007827759
B22,hg32-07-11,2011-06-17T20:35:00Z,2011-06-17T20:50:00Z,2011-06-17T20:32:36Z,2011-06-17T20:42:36Z,144,444,4,1,4,48.3681182861328,-4.8812198638916
B22,hg32-07-11,2011-06-17T21:09:15Z,2011-06-18T01:40:00Z,2011-06-17T21:13:00Z,2011-06-18T01:40:08Z,225,8,5,1,5,48.3659337361654,-4.87923336029053
B22,hg32-07-11,2011-06-18T10:40:00Z,2011-06-18T10:55:00Z,2011-06-18T10:35:36Z,2011-06-18T10:56:16Z,264,76,6,1,6,48.3653297424316,-4.87894010543823
B22,hg32-07-11,2011-06-18T11:15:15Z,2011-06-18T13:01:00Z,2011-06-18T11:16:24Z,2011-06-18T13:03:04Z,69,124,7,1,7,48.3659839630127,-4.87954497337341
B22,hg32-07-11,2011-06-18T21:11:30Z,2011-06-18T21:31:00Z,2011-06-18T21:15:56Z,2011-06-18T21:33:16Z,266,136,8,1,8,48.3672981262207,-4.86074018478394
B22,hg32-07-11,2011-06-18T22:11:15Z,2011-06-19T02:30:00Z,2011-06-18T22:06:16Z,2011-06-19T02:29:04Z,299,56,9,1,9,48.3659448623657,-4.87915992736816
B22,hg32-07-11,2011-06-19T11:23:15Z,2011-06-19T13:33:00Z,2011-06-19T11:19:20Z,2011-06-19T13:35:16Z,235,136,10,1,10,48.3658847808838,-4.87968993186951
B22,hg32-07-11,2011-06-19T22:36:15Z,2011-06-20T03:16:00Z,2011-06-19T22:39:36Z,2011-06-20T03:22:20Z,201,380,11,1,11,48.3656692504883,-4.87905979156494
B22,hg32-07-11,2011-06-20T12:12:15Z,2011-06-20T14:13:00Z,2011-06-20T12:10:36Z,2011-06-20T14:15:48Z,99,168,12,1,12,48.3660488128662,-4.8788800239563
B22,hg32-07-11,2011-06-21T02:12:15Z,2011-06-21T04:16:00Z,2011-06-21T02:14:44Z,2011-06-21T04:14:52Z,149,68,13,1,13,48.3622274398804,-4.85512244701386
B22,hg32-07-11,2011-06-21T11:10:30Z,2011-06-21T12:15:00Z,2011-06-21T11:15:04Z,2011-06-21T12:13:20Z,274,100,14,1,14,48.3680896759033,-4.86181998252868
B22,hg32-07-11,2011-06-21T12:58:30Z,2011-06-21T13:12:00Z,2011-06-21T12:57:00Z,2011-06-21T13:07:00Z,90,300,15,1,15,48.3664283752441,-4.85489988327026
B22,hg32-07-11,2011-06-21T13:31:15Z,2011-06-21T15:47:00Z,2011-06-21T13:37:56Z,2011-06-21T15:51:08Z,401,248,16,1,16,48.3622798919677,-4.85509014129638
B22,hg32-07-11,2011-06-23T10:51:15Z,2011-06-23T14:01:00Z,2011-06-23T10:53:44Z,2011-06-23T14:00:32Z,149,28,19,1,19,48.3672345479329,-4.86086336771647
B22,hg32-07-11,2011-06-23T14:13:15Z,2011-06-23T17:17:00Z,2011-06-23T14:10:32Z,2011-06-23T17:16:08Z,163,52,20,1,20,48.3627599080404,-4.85535335540771
B22,hg32-07-11,2011-06-24T05:39:00Z,2011-06-24T06:39:00Z,2011-06-24T05:26:28Z,2011-06-24T06:37:24Z,752,96,21,1,21,48.3623142242431,-4.84808504581452
B22,hg32-07-11,2011-06-24T11:47:45Z,2011-06-24T18:08:00Z,2011-06-24T11:48:52Z,2011-06-24T18:40:44Z,67,1964,22,1,22,48.3676541646322,-4.86066993077596
B22,hg32-07-11,2011-06-25T04:23:15Z,2011-06-25T06:57:00Z,2011-06-25T04:27:08Z,2011-06-25T06:59:16Z,233,136,23,1,23,48.3677215576172,-4.86064982414245
B22,hg32-07-11,2011-06-25T13:34:15Z,2011-06-25T15:53:00Z,2011-06-25T13:37:16Z,2011-06-25T15:54:28Z,181,88,24,1,24,48.3674449920654,-4.86074519157409
B22,hg32-07-11,2011-06-26T04:35:15Z,2011-06-26T07:51:00Z,2011-06-26T04:38:52Z,2011-06-26T07:53:20Z,217,140,25,1,25,48.3662662506104,-4.85522508621216
B22,hg32-07-11,2011-06-27T05:00:15Z,2011-06-27T06:37:00Z,2011-06-27T04:55:20Z,2011-06-27T06:35:56Z,295,64,26,1,26,48.3661193847657,-4.85525488853455
B22,hg32-07-11,2011-06-28T07:37:15Z,2011-06-28T10:32:00Z,2011-06-28T07:32:44Z,2011-06-28T10:46:52Z,271,892,27,1,27,48.3661308288574,-4.85510015487671
B22,hg32-07-11,2011-06-29T06:57:15Z,2011-06-29T09:43:00Z,2011-06-29T06:55:44Z,2011-06-29T09:55:32Z,91,752,28,1,28,48.3434600830078,-4.87952518463135
B22,hg32-07-11,2011-06-30T06:32:30Z,2011-06-30T07:46:00Z,2011-06-30T06:39:00Z,2011-06-30T07:41:04Z,390,296,29,1,29,48.3408336639404,-4.8757450580597
B22,hg32-07-11,2011-06-30T07:59:00Z,2011-06-30T09:14:00Z,2011-06-30T08:01:04Z,2011-06-30T09:26:32Z,124,752,30,1,30,48.3437995910645,-4.88011980056763
B22,hg32-07-11,2011-07-01T06:53:30Z,2011-07-01T07:34:00Z,2011-07-01T06:48:48Z,2011-07-01T07:45:04Z,282,664,31,1,31,48.3405418395996,-4.87536001205444
B22,hg32-07-11,2011-07-01T07:43:30Z,2011-07-01T08:24:00Z,2011-07-01T07:45:04Z,2011-07-01T08:25:28Z,94,88,32,1,32,48.3436508178711,-4.88075017929077
B22,hg32-07-11,2011-07-02T08:23:30Z,2011-07-02T09:04:00Z,2011-07-02T08:21:44Z,2011-07-02T09:06:04Z,106,124,35,1,35,48.3433609008789,-4.88071012496948
B22,hg32-07-11,2011-07-02T09:38:15Z,2011-07-02T12:15:00Z,2011-07-02T09:36:48Z,2011-07-02T12:18:36Z,87,216,36,1,36,48.3606853485107,-4.88209509849548
B22,hg32-07-11,2011-07-03T08:38:30Z,2011-07-03T10:13:00Z,2011-07-03T08:41:32Z,2011-07-03T10:15:08Z,182,128,37,1,37,48.3409996032715,-4.87579011917114
B22,hg32-07-11,2011-07-04T09:48:00Z,2011-07-04T10:51:00Z,2011-07-04T09:52:00Z,2011-07-04T10:52:40Z,240,100,38,1,38,48.3409690856934,-4.87551021575928
B22,hg32-07-11,2011-07-04T10:56:00Z,2011-07-04T11:44:00Z,2011-07-04T10:52:40Z,2011-07-04T11:45:04Z,200,64,39,1,39,48.3436584472656,-4.88081979751587
B22,hg32-07-11,2011-07-05T09:39:00Z,2011-07-05T10:12:00Z,2011-07-05T09:38:20Z,2011-07-05T10:19:16Z,40,436,40,1,40,48.367790222168,-4.86550998687744
B22,hg32-07-11,2011-07-05T10:49:15Z,2011-07-05T13:56:00Z,2011-07-05T10:39:28Z,2011-07-05T14:01:08Z,587,308,41,1,41,48.3608741760254,-4.88169503211975
B22,hg32-07-11,2011-07-06T11:14:15Z,2011-07-06T15:21:00Z,2011-07-06T11:17:32Z,2011-07-06T15:26:00Z,197,300,42,1,42,48.3678588867188,-4.8607398668925
B22,hg32-07-11,2011-07-09T05:07:15Z,2011-07-09T07:23:00Z,2011-07-09T05:08:44Z,2011-07-09T07:25:52Z,89,172,43,1,43,48.3678550720215,-4.86074495315552
B22,hg32-07-11,2011-07-09T11:59:15Z,2011-07-09T14:00:00Z,2011-07-09T11:55:36Z,2011-07-09T14:03:00Z,219,180,44,1,44,48.3678245544433,-4.86108493804931
B22,hg32-07-11,2011-07-09T14:33:30Z,2011-07-09T15:59:00Z,2011-07-09T14:33:40Z,2011-07-09T16:01:08Z,10,128,45,1,45,48.3660907745361,-4.85519480705261
B22,hg32-07-11,2011-07-10T03:39:15Z,2011-07-10T06:46:00Z,2011-07-10T03:43:24Z,2011-07-10T06:44:04Z,249,116,46,1,46,48.3195457458496,-4.83499336242676
B22,hg32-07-11,2011-07-10T16:55:30Z,2011-07-10T17:27:00Z,2011-07-10T16:52:36Z,2011-07-10T17:25:16Z,174,104,47,1,47,48.368106842041,-4.86064004898071
B22,hg32-07-11,2011-07-11T05:07:15Z,2011-07-11T08:38:00Z,2011-07-11T05:03:52Z,2011-07-11T08:33:52Z,203,248,48,1,48,48.3624699910482,-4.8553900718689
B22,hg32-07-11,2011-07-12T05:22:15Z,2011-07-12T08:59:00Z,2011-07-12T05:26:48Z,2011-07-12T08:46:48Z,273,732,49,1,49,48.3662439982096,-4.85528659820556
B22,hg32-07-11,2011-07-13T06:43:15Z,2011-07-13T08:35:00Z,2011-07-13T06:42:24Z,2011-07-13T08:35:24Z,51,24,50,1,50,48.3435211181641,-4.87996006011963
B22,hg32-07-11,2011-07-14T07:36:30Z,2011-07-14T09:02:00Z,2011-07-14T07:38:40Z,2011-07-14T09:04:48Z,130,168,51,1,51,48.3437614440918,-4.88024997711182
B22,hg32-07-11,2011-07-15T09:27:15Z,2011-07-15T11:43:00Z,2011-07-15T09:24:32Z,2011-07-15T11:14:32Z,163,1708,52,1,52,48.3664093017579,-4.85491991043091
B22,hg32-07-11,2011-07-18T09:53:15Z,2011-07-18T14:21:00Z,2011-07-18T09:51:56Z,2011-07-18T14:24:00Z,79,180,53,1,53,48.367977142334,-4.86609983444214
B22,hg32-07-11,2011-07-19T12:21:00Z,2011-07-19T13:09:00Z,2011-07-19T12:24:20Z,2011-07-19T13:10:04Z,200,64,54,1,54,48.3405113220215,-4.87523984909058
B22,hg32-07-11,2011-07-19T23:26:15Z,2011-07-20T02:36:00Z,2011-07-19T23:26:12Z,2011-07-20T02:45:44Z,3,584,55,1,55,48.3233757019043,-4.83944010734558
B22,hg32-07-11,2011-07-20T09:15:00Z,2011-07-20T09:27:00Z,2011-07-20T09:20:52Z,2011-07-20T09:32:08Z,352,308,56,1,56,48.3678016662598,-4.86124992370605
B22,hg32-07-11,2011-07-20T09:34:15Z,2011-07-20T11:59:00Z,2011-07-20T09:32:08Z,2011-07-20T12:10:32Z,127,692,57,1,57,48.3678207397461,-4.86084508895874
B22,hg32-07-11,2011-07-20T12:10:15Z,2011-07-20T14:56:00Z,2011-07-20T12:10:32Z,2011-07-20T16:00:56Z,17,3896,58,1,58,48.3663902282715,-4.85493993759155
B22,hg32-07-11,2011-07-21T11:49:15Z,2011-07-21T13:29:00Z,2011-07-21T11:53:08Z,2011-07-21T13:31:00Z,233,120,59,1,59,48.3661003112793,-4.8553900718689
B22,hg32-07-11,2011-07-21T13:46:30Z,2011-07-21T14:12:00Z,2011-07-21T13:42:16Z,2011-07-21T14:15:00Z,254,180,60,1,60,48.362491607666,-4.85524988174438
B22,hg32-07-11,2011-07-22T11:36:15Z,2011-07-22T14:43:00Z,2011-07-22T11:31:32Z,2011-07-22T14:53:32Z,283,632,61,1,61,48.367919921875,-4.86638498306275
B22,hg32-07-11,2011-07-23T14:26:15Z,2011-07-23T18:45:00Z,2011-07-23T14:21:40Z,2011-07-23T18:48:08Z,275,188,62,1,62,48.3677762349447,-4.8607300122579
B22,hg32-07-11,2011-07-23T23:47:00Z,2011-07-24T00:35:00Z,2011-07-23T23:47:44Z,2011-07-24T00:37:00Z,44,120,63,1,63,48.3670387268066,-4.86078977584839
B22,hg32-07-11,2011-07-24T15:04:15Z,2011-07-24T18:11:00Z,2011-07-24T15:00:40Z,2011-07-24T18:15:32Z,215,272,64,1,64,48.3662300109863,-4.85517501831055
B22,hg32-07-11,2011-07-25T12:15:15Z,2011-07-25T15:31:00Z,2011-07-25T12:13:16Z,2011-07-25T15:34:08Z,119,188,65,1,65,48.3677215576172,-4.86091995239258
B22,hg32-07-11,2011-07-25T15:40:30Z,2011-07-25T15:57:00Z,2011-07-25T15:44:08Z,2011-07-25T15:44:08Z,218,772,66,1,66,48.3662910461426,-4.8552098274231
B22,hg32-07-11,2011-07-26T05:09:15Z,2011-07-26T08:04:00Z,2011-07-26T04:59:12Z,2011-07-26T08:16:32Z,603,752,67,1,67,48.366268157959,-4.85526990890503
B22,hg32-07-11,2011-07-26T16:57:15Z,2011-07-26T20:31:00Z,2011-07-26T16:59:12Z,2011-07-26T20:33:04Z,117,124,68,1,68,48.3661766052246,-4.85524670283
B22,hg32-07-11,2011-07-27T06:28:15Z,2011-07-27T09:23:00Z,2011-07-27T06:26:28Z,2011-07-27T09:24:52Z,107,112,69,1,69,48.3625755310059,-4.85514998435974
B22,hg32-07-11,2011-07-28T07:02:15Z,2011-07-28T08:42:00Z,2011-07-28T07:05:16Z,2011-07-28T08:44:32Z,181,152,70,1,70,48.3664817810059,-4.85494995117188
B22,hg32-07-11,2011-07-29T07:25:15Z,2011-07-29T10:20:00Z,2011-07-29T07:30:32Z,2011-07-29T10:24:24Z,317,264,71,1,71,48.3434104919434,-4.88011503219604
B22,hg32-07-11,2011-07-30T07:49:15Z,2011-07-30T09:38:00Z,2011-07-30T07:45:56Z,2011-07-30T09:36:08Z,199,112,72,1,72,48.3431396484375,-4.88015985488892
B22,hg32-07-11,2011-07-31T08:22:00Z,2011-07-31T08:58:00Z,2011-07-31T08:26:36Z,2011-07-31T09:09:08Z,276,668,73,1,73,48.3434181213379,-4.88018989562988
B22,hg32-07-11,2011-07-31T11:44:00Z,2011-07-31T12:20:00Z,2011-07-31T11:46:20Z,2011-07-31T11:46:20Z,140,2020,74,1,74,48.3736801147461,-4.86246013641357
B22,hg32-07-11,2011-08-01T13:12:00Z,2011-08-01T13:42:00Z,2011-08-01T13:10:44Z,2011-08-01T13:41:28Z,76,32,75,1,75,48.3960456848145,-4.89051508903504
B22,hg32-07-11,2011-08-01T21:17:15Z,2011-08-02T01:36:00Z,2011-08-01T21:19:48Z,2011-08-02T01:38:20Z,153,140,76,1,76,48.3233184814453,-4.83931016921997
B22,hg32-07-11,2011-08-02T10:21:30Z,2011-08-02T11:50:00Z,2011-08-02T10:25:24Z,2011-08-02T11:51:04Z,234,64,77,1,77,48.3232498168945,-4.83936023712158
B22,hg32-07-11,2011-08-02T12:00:00Z,2011-08-02T12:30:00Z,2011-08-02T11:51:04Z,2011-08-02T12:33:20Z,536,200,78,1,78,48.3231845518768,-4.83982987283493
B22,hg32-07-11,2011-08-02T21:47:15Z,2011-08-03T02:24:00Z,2011-08-02T21:49:56Z,2011-08-03T02:25:16Z,161,76,79,1,79,48.3194561004639,-4.83503007888794
B22,hg32-07-11,2011-08-03T10:04:15Z,2011-08-03T14:08:00Z,2011-08-03T10:00:04Z,2011-08-03T14:18:16Z,251,616,80,1,80,48.3230495452881,-4.83911490440368
B22,hg32-07-11,2011-08-04T23:37:15Z,2011-08-05T03:41:00Z,2011-08-04T23:37:40Z,2011-08-05T03:38:04Z,25,176,81,1,81,48.3233769734701,-4.83939663569133
B22,hg32-07-11,2011-08-05T13:32:15Z,2011-08-05T15:15:00Z,2011-08-05T13:40:00Z,2011-08-05T15:17:24Z,465,144,82,1,82,48.3233604431152,-4.83934020996094
B22,hg32-07-11,2011-08-07T11:58:30Z,2011-08-07T12:12:00Z,2011-08-07T11:58:16Z,2011-08-07T12:08:16Z,14,224,83,1,83,48.3676681518555,-4.86081981658936
B22,hg32-07-11,2011-08-08T06:21:15Z,2011-08-08T08:04:00Z,2011-08-08T06:20:24Z,2011-08-08T09:23:52Z,51,4792,86,1,86,48.3678817749023,-4.86042022705078
B22,hg32-07-11,2011-08-08T14:49:45Z,2011-08-08T20:16:00Z,2011-08-08T14:46:40Z,2011-08-08T20:18:56Z,185,176,87,1,87,48.3673496246338,-4.86080479621887
B22,hg32-07-11,2011-08-11T05:01:15Z,2011-08-11T08:11:00Z,2011-08-11T04:58:08Z,2011-08-11T08:22:08Z,187,668,90,1,90,48.3677101135254,-4.8606698513031
B22,hg32-07-11,2011-08-12T06:43:00Z,2011-08-12T07:31:00Z,2011-08-12T06:43:12Z,2011-08-12T07:33:04Z,12,124,91,1,91,48.3671989440918,-4.86065006256104
B22,hg32-07-11,2011-08-12T07:38:15Z,2011-08-12T11:33:00Z,2011-08-12T07:43:04Z,2011-08-12T11:37:00Z,289,240,92,1,92,48.3661893208822,-4.85560671488444
B22,hg32-07-11,2011-08-13T09:05:15Z,2011-08-13T11:30:00Z,2011-08-13T09:01:00Z,2011-08-13T11:32:40Z,255,160,93,1,93,48.3664455413819,-4.85562491416931
B22,hg32-07-11,2011-08-14T09:06:15Z,2011-08-14T12:13:00Z,2011-08-14T09:04:40Z,2011-08-14T12:15:52Z,95,172,94,1,94,48.3658256530762,-4.85617995262146
B22,hg32-07-11,2011-08-15T04:45:00Z,2011-08-15T04:57:00Z,2011-08-15T05:28:36Z,2011-08-15T05:28:36Z,2616,1896,95,1,95,48.4110589373437,-4.79050791048846
B22,hg32-07-11,2011-08-15T22:39:15Z,2011-08-16T01:25:00Z,2011-08-16T00:27:24Z,2011-08-16T01:26:48Z,6489,108,96,1,96,48.3235092163086,-4.83972978591919
B22,hg32-07-11,2011-08-17T10:32:15Z,2011-08-17T13:15:00Z,2011-08-17T10:32:28Z,2011-08-17T13:15:08Z,13,8,97,1,97,48.3231258392334,-4.83895015716552
B22,hg32-07-11,2011-08-18T12:06:15Z,2011-08-18T13:52:00Z,2011-08-18T12:10:20Z,2011-08-18T13:50:20Z,245,100,98,1,98,48.3231601715088,-4.83921504020691
B22,hg32-07-11,2011-08-18T23:25:15Z,2011-08-19T03:11:00Z,2011-08-18T23:32:24Z,2011-08-19T03:25:20Z,429,860,99,1,99,48.3679402669271,-4.86619663238525
B22,hg32-07-11,2011-08-19T11:56:15Z,2011-08-19T14:15:00Z,2011-08-19T11:47:00Z,2011-08-19T14:33:44Z,555,1124,100,1,100,48.3232612609863,-4.83914995193481
B22,hg32-07-11,2011-08-19T23:41:15Z,2011-08-20T03:21:00Z,2011-08-19T23:38:56Z,2011-08-20T03:20:04Z,139,56,101,1,101,48.323356628418,-4.8394832611084
B22,hg32-07-11,2011-08-20T13:06:30Z,2011-08-20T14:29:00Z,2011-08-20T13:02:44Z,2011-08-20T14:34:28Z,226,328,102,1,102,48.3235092163086,-4.8390998840332
B22,hg32-07-11,2011-08-21T00:45:15Z,2011-08-21T04:55:00Z,2011-08-21T00:48:08Z,2011-08-21T04:56:32Z,173,92,103,1,103,48.3662808736165,-4.85515673955282
B22,hg32-07-11,2011-08-21T14:13:30Z,2011-08-21T15:00:00Z,2011-08-21T14:17:04Z,2011-08-21T15:14:28Z,214,868,104,1,104,48.3625717163086,-4.85536003112793
B22,hg32-07-11,2011-08-23T01:59:15Z,2011-08-23T06:12:00Z,2011-08-23T01:58:00Z,2011-08-23T06:13:16Z,75,76,105,1,105,48.3663291931152,-4.85532331466675
B22,hg32-07-11,2011-08-23T06:27:00Z,2011-08-23T06:51:00Z,2011-08-23T06:35:40Z,2011-08-23T06:52:24Z,520,84,106,1,106,48.3671913146973,-4.86144018173218
B22,hg32-07-11,2011-08-23T13:18:00Z,2011-08-23T14:12:00Z,2011-08-23T13:21:16Z,2011-08-23T14:14:24Z,196,144,107,1,107,48.3678588867188,-4.8609299659729
B22,hg32-07-11,2011-08-23T15:23:15Z,2011-08-23T18:57:00Z,2011-08-23T15:30:12Z,2011-08-23T19:02:56Z,417,356,108,1,108,48.3662694295247,-4.85517342885335
B22,hg32-07-11,2011-08-25T03:33:45Z,2011-08-25T09:00:00Z,2011-08-25T03:35:32Z,2011-08-25T09:08:28Z,107,508,109,1,109,48.3671900431315,-4.86069329579671
B22,hg32-07-11,2011-08-26T05:34:15Z,2011-08-26T07:41:00Z,2011-08-26T05:34:00Z,2011-08-26T07:42:20Z,15,80,110,1,110,48.3671684265137,-4.86069011688232
B22,hg32-07-11,2011-08-26T07:46:15Z,2011-08-26T09:32:00Z,2011-08-26T07:42:20Z,2011-08-26T09:44:20Z,235,740,111,1,111,48.366268157959,-4.85551977157593
B22,hg32-07-11,2011-08-27T06:25:00Z,2011-08-27T07:55:00Z,2011-08-27T06:20:48Z,2011-08-27T07:57:20Z,252,140,112,1,112,48.3672409057617,-4.86069011688232
B22,hg32-07-11,2011-08-27T08:01:15Z,2011-08-27T10:08:00Z,2011-08-27T07:57:20Z,2011-08-27T10:10:28Z,235,148,113,1,113,48.3659687042236,-4.85561490058899
B22,hg32-07-11,2011-08-27T20:04:15Z,2011-08-27T23:08:00Z,2011-08-27T20:05:08Z,2011-08-27T23:08:08Z,53,8,114,1,114,48.3660888671875,-4.85584020614624
B22,hg32-07-11,2011-08-28T07:30:15Z,2011-08-28T09:13:00Z,2011-08-28T07:26:00Z,2011-08-28T09:14:24Z,255,84,115,1,115,48.3435897827148,-4.88015985488892
B22,hg32-07-11,2011-08-28T20:16:15Z,2011-08-29T00:02:00Z,2011-08-28T20:17:24Z,2011-08-29T00:15:40Z,69,820,116,1,116,48.3233464558919,-4.83948659896851
B22,hg32-07-11,2011-08-29T08:06:15Z,2011-08-29T10:34:00Z,2011-08-29T08:03:20Z,2011-08-29T10:34:08Z,175,8,117,1,117,48.3436603546143,-4.88067507743836
B22,hg32-07-11,2011-08-30T09:08:15Z,2011-08-30T12:03:00Z,2011-08-30T09:06:28Z,2011-08-30T12:00:12Z,107,168,118,1,118,48.3227971394857,-4.83878660202026
B22,hg32-07-11,2011-08-31T11:00:15Z,2011-08-31T13:13:00Z,2011-08-31T10:55:52Z,2011-08-31T13:16:56Z,263,236,119,1,119,48.3231849670411,-4.83910989761353
B22,hg32-07-11,2011-09-01T10:06:30Z,2011-09-01T10:41:00Z,2011-09-01T10:03:24Z,2011-09-01T10:43:20Z,186,140,120,1,120,48.3438301086426,-4.88018989562988
B22,hg32-07-11,2011-09-01T12:08:00Z,2011-09-01T12:35:00Z,2011-09-01T12:38:16Z,2011-09-01T12:38:16Z,1816,196,121,1,121,48.3269447007109,-4.84565796677435
B22,hg32-07-11,2011-09-01T23:12:15Z,2011-09-02T02:13:00Z,2011-09-01T23:10:56Z,2011-09-02T02:16:28Z,79,208,122,1,122,48.3234214782715,-4.83932018280029
B22,hg32-07-11,2011-09-02T11:35:15Z,2011-09-02T14:18:00Z,2011-09-02T11:33:52Z,2011-09-02T14:35:36Z,83,1056,123,1,123,48.32320022583,-4.83892512321472
B22,hg32-07-11,2011-09-02T23:30:15Z,2011-09-03T02:58:00Z,2011-09-02T23:32:56Z,2011-09-03T02:52:56Z,161,304,124,1,124,48.3233706156413,-4.83950996398926
B22,hg32-07-11,2011-09-05T12:58:15Z,2011-09-05T15:50:00Z,2011-09-05T13:01:28Z,2011-09-05T15:46:44Z,193,196,125,1,125,48.3674736022949,-4.86066659291586
B22,hg32-07-11,2011-09-06T04:33:15Z,2011-09-06T08:19:00Z,2011-09-06T04:37:20Z,2011-09-06T07:57:20Z,245,1300,126,1,126,48.3679262797038,-4.86101007461548
B22,hg32-07-11,2011-09-07T04:12:45Z,2011-09-07T09:21:00Z,2011-09-07T04:17:12Z,2011-09-07T09:17:12Z,267,228,127,1,127,48.3674621582031,-4.86086010932922
B22,hg32-07-11,2011-09-07T16:37:45Z,2011-09-07T22:04:00Z,2011-09-07T16:38:16Z,2011-09-07T22:03:04Z,31,56,128,1,128,48.3676929473877,-4.86075747013092
B22,hg32-07-11,2011-09-08T19:30:15Z,2011-09-08T22:07:00Z,2011-09-08T19:28:40Z,2011-09-08T22:09:04Z,95,124,129,1,129,48.3625106811524,-4.85540509223938
B22,hg32-07-11,2011-09-09T06:34:15Z,2011-09-09T10:56:00Z,2011-09-09T06:38:36Z,2011-09-09T11:00:40Z,261,280,130,1,130,48.3677965799968,-4.8606333732605
B22,hg32-07-11,2011-09-10T05:42:15Z,2011-09-10T07:34:00Z,2011-09-10T05:41:24Z,2011-09-10T07:37:16Z,51,196,131,1,131,48.3598518371582,-4.84902477264404
B22,hg32-07-11,2011-09-10T08:42:15Z,2011-09-10T11:52:00Z,2011-09-10T08:40:04Z,2011-09-10T13:52:04Z,131,7204,132,1,132,48.3684664459309,-4.86060223006278
B22,hg32-07-11,2011-09-10T19:36:15Z,2011-09-10T23:22:00Z,2011-09-10T19:40:40Z,2011-09-10T23:26:36Z,265,276,133,1,133,48.3661092122396,-4.85507663091024
B22,hg32-07-11,2011-09-11T09:46:30Z,2011-09-11T10:42:00Z,2011-09-11T09:43:24Z,2011-09-11T09:53:24Z,186,2916,134,1,134,48.3623199462891,-4.84833002090454
B22,hg32-07-11,2011-09-12T21:28:15Z,2011-09-12T23:32:00Z,2011-09-12T21:33:24Z,2011-09-12T23:36:56Z,309,296,135,1,135,48.3232460021973,-4.83956003189086
B22,hg32-07-11,2011-09-13T22:20:15Z,2011-09-14T01:36:00Z,2011-09-13T22:19:44Z,2011-09-14T01:38:51Z,31,171,136,1,136,48.3623571395076,-4.85390139977137
B22,hg32-07-11,2011-09-14T10:30:30Z,2011-09-14T11:26:00Z,2011-09-14T10:24:12Z,2011-09-14T11:27:04Z,378,64,137,1,137,48.3672876752446,-4.86167626770293
B22,hg32-07-11,2011-09-14T21:20:15Z,2011-09-15T01:06:00Z,2011-09-14T21:20:36Z,2011-09-15T01:06:04Z,21,4,138,1,138,48.3233896891276,-4.83934005101522
B22,hg32-07-11,2011-09-15T10:28:15Z,2011-09-15T13:08:00Z,2011-09-15T10:29:04Z,2011-09-15T13:07:16Z,49,44,139,1,139,48.3234469095866,-4.83953984578451
B22,hg32-07-11,2011-09-15T22:32:15Z,2011-09-16T02:21:00Z,2011-09-15T22:32:44Z,2011-09-16T02:16:04Z,29,296,140,1,140,48.3623481750488,-4.85508403778076
B22,hg32-07-11,2011-09-16T11:07:15Z,2011-09-16T12:44:00Z,2011-09-16T11:07:40Z,2011-09-16T12:58:56Z,25,896,141,1,141,48.3234462738037,-4.83932518959045
B22,hg32-07-11,2011-09-18T11:26:15Z,2011-09-18T15:09:00Z,2011-09-18T11:27:04Z,2011-09-18T15:25:44Z,49,1004,142,1,142,48.3673566182455,-4.86064672470093
B22,hg32-07-11,2011-09-19T01:20:15Z,2011-09-19T03:21:00Z,2011-09-19T01:16:28Z,2011-09-19T03:37:40Z,227,1000,143,1,143,48.362621307373,-4.85544013977051
B22,hg32-07-11,2011-09-19T11:11:15Z,2011-09-19T14:30:00Z,2011-09-19T11:07:52Z,2011-09-19T14:31:16Z,203,76,144,1,144,48.3672199249268,-4.8607850074768
B22,hg32-07-11,2011-09-20T14:59:15Z,2011-09-20T17:27:00Z,2011-09-20T13:02:08Z,2011-09-20T17:28:56Z,7027,116,145,1,145,48.3604078545444,-4.84938162452039
B22,hg32-07-11,2011-09-20T23:19:45Z,2011-09-21T06:58:00Z,2011-09-20T23:22:20Z,2011-09-21T07:00:44Z,155,164,146,1,146,48.367202758789,-4.86077988147736
B22,hg32-07-11,2011-09-22T00:32:45Z,2011-09-22T08:05:00Z,2011-09-22T00:35:44Z,2011-09-22T08:06:48Z,179,108,147,1,147,48.3671699523926,-4.86080198287964
B22,hg32-07-11,2011-09-23T17:11:15Z,2011-09-23T21:15:00Z,2011-09-23T17:12:52Z,2011-09-23T21:30:56Z,97,956,148,1,148,48.366322517395,-4.85544991493225
B22,hg32-07-11,2011-09-24T19:22:15Z,2011-09-24T21:47:00Z,2011-09-24T19:21:32Z,2011-09-24T21:42:20Z,43,280,149,1,149,48.3661251068116,-4.85514998435974
B22,hg32-07-11,2011-09-25T19:36:15Z,2011-09-25T22:43:00Z,2011-09-25T19:37:32Z,2011-09-25T23:02:40Z,77,1180,150,1,150,48.3660011291504,-4.85577011108398
B22,hg32-07-11,2011-09-26T21:07:15Z,2011-09-26T23:05:00Z,2011-09-26T21:06:44Z,2011-09-26T22:56:44Z,31,496,151,1,151,48.3231410980225,-4.83903980255127
B22,hg32-07-11,2011-09-27T09:07:15Z,2011-09-27T11:23:00Z,2011-09-27T09:02:20Z,2011-09-27T11:19:20Z,295,220,152,1,152,48.3233604431152,-4.83917681376139
B22,hg32-07-11,2011-09-27T19:12:15Z,2011-09-27T23:58:00Z,2011-09-27T19:14:08Z,2011-09-28T00:01:32Z,113,212,153,1,153,48.336856842041,-4.85777346293132
B22,hg32-07-11,2011-09-28T20:36:15Z,2011-09-29T00:52:00Z,2011-09-28T20:32:52Z,2011-09-29T00:57:00Z,203,300,154,1,154,48.3652534484863,-4.87910985946655
B22,hg32-07-11,2011-09-30T11:14:15Z,2011-09-30T12:57:00Z,2011-09-30T11:19:12Z,2011-09-30T12:55:04Z,297,116,157,1,157,48.3438549041748,-4.88045477867126
B22,hg32-07-11,2011-10-01T11:55:15Z,2011-10-01T13:41:00Z,2011-10-01T11:56:00Z,2011-10-01T13:36:00Z,45,300,158,1,158,48.3437061309814,-4.88088488578797
B22,hg32-07-11,2011-10-01T22:42:45Z,2011-10-02T03:33:00Z,2011-10-01T22:47:40Z,2011-10-02T03:34:36Z,295,96,159,1,159,48.3656400044759,-4.8790831565857
B22,hg32-07-11,2011-10-03T00:05:15Z,2011-10-03T03:42:00Z,2011-10-02T23:58:20Z,2011-10-03T03:38:20Z,415,220,160,1,160,48.3233985900879,-4.83969020843506
B22,hg32-07-11,2011-10-04T00:21:15Z,2011-10-04T04:10:00Z,2011-10-04T00:19:56Z,2011-10-04T04:10:08Z,79,8,161,1,161,48.3671328226725,-4.86062335968017
B22,hg32-07-11,2011-10-05T03:01:45Z,2011-10-05T07:52:00Z,2011-10-05T02:59:28Z,2011-10-05T07:49:12Z,137,168,162,1,162,48.3678398132324,-4.86071999867757
B22,hg32-07-11,2011-10-05T14:14:45Z,2011-10-05T20:41:00Z,2011-10-05T14:11:36Z,2011-10-05T21:29:08Z,189,2888,163,1,163,48.3676681518555,-4.86091995239258
B22,hg32-07-11,2011-10-07T07:09:30Z,2011-10-07T08:02:00Z,2011-10-07T07:03:32Z,2011-10-07T08:01:08Z,358,52,166,1,166,48.3407287597656,-4.87508010864258
B22,hg32-07-11,2011-10-08T06:39:15Z,2011-10-08T09:19:00Z,2011-10-08T06:42:40Z,2011-10-08T09:24:28Z,205,328,167,1,167,48.362377166748,-4.85522667566935
B22,hg32-07-11,2011-10-08T17:36:45Z,2011-10-08T23:09:00Z,2011-10-08T17:40:48Z,2011-10-08T23:11:28Z,243,148,168,1,168,48.3671518961589,-4.86059665679932
B22,hg32-07-11,2011-10-09T18:47:45Z,2011-10-09T23:50:00Z,2011-10-09T18:44:24Z,2011-10-09T23:55:20Z,201,320,169,1,169,48.3675931294759,-4.86045010884603
B22,hg32-07-11,2011-10-10T08:55:30Z,2011-10-10T10:30:00Z,2011-10-10T08:57:56Z,2011-10-10T10:31:36Z,146,96,170,1,170,48.3404693603516,-4.87528991699219
B22,hg32-07-11,2011-10-11T08:46:15Z,2011-10-11T10:41:00Z,2011-10-11T08:45:48Z,2011-10-11T10:25:48Z,27,912,171,1,171,48.3437614440918,-4.88064002990723
B22,hg32-07-11,2011-10-11T19:52:15Z,2011-10-11T23:56:00Z,2011-10-11T19:55:48Z,2011-10-11T23:52:04Z,213,236,172,1,172,48.3233604431152,-4.83954000473023
B22,hg32-07-11,2011-10-12T21:06:15Z,2011-10-13T00:07:00Z,2011-10-12T21:06:56Z,2011-10-13T00:11:44Z,41,284,173,1,173,48.3232898712158,-4.8392448425293
B22,hg32-07-11,2011-10-13T09:49:15Z,2011-10-13T12:02:00Z,2011-10-13T09:54:20Z,2011-10-13T12:01:20Z,305,40,174,1,174,48.3437067667643,-4.87997325261434
B22,hg32-07-11,2011-10-13T21:14:15Z,2011-10-14T00:30:00Z,2011-10-13T21:21:28Z,2011-10-14T00:40:04Z,433,604,175,1,175,48.3232154846191,-4.83935523033142
B22,hg32-07-11,2011-10-14T10:38:15Z,2011-10-14T13:06:00Z,2011-10-14T10:36:00Z,2011-10-14T13:35:40Z,135,1780,176,1,176,48.3232650756836,-4.83950495719909
B22,hg32-07-11,2011-10-15T11:29:00Z,2011-10-15T12:35:00Z,2011-10-15T11:33:40Z,2011-10-15T12:37:04Z,280,124,177,1,177,48.3358116149902,-4.84289979934692
B22,hg32-07-11,2011-10-15T22:10:15Z,2011-10-16T01:23:00Z,2011-10-15T22:13:20Z,2011-10-16T01:26:16Z,185,196,178,1,178,48.3233489990235,-4.839515209198
B22,hg32-07-11,2011-10-16T22:57:15Z,2011-10-17T02:46:00Z,2011-10-16T22:58:24Z,2011-10-17T02:41:48Z,69,252,179,1,179,48.3658170700073,-4.87893748283386
B22,hg32-07-11,2011-10-18T03:30:15Z,2011-10-18T05:31:00Z,2011-10-18T02:47:40Z,2011-10-18T05:44:36Z,2555,816,180,1,180,48.3694275226823,-4.85202885994701
B22,hg32-07-11,2011-10-18T13:34:30Z,2011-10-18T15:03:00Z,2011-10-18T13:31:08Z,2011-10-18T15:05:52Z,202,172,181,1,181,48.365865938937,-4.87890466152153
B22,hg32-07-11,2011-10-19T13:30:15Z,2011-10-19T16:52:00Z,2011-10-19T13:28:44Z,2011-10-19T16:55:08Z,91,188,182,1,182,48.366039276123,-4.87883996963501
B22,hg32-07-11,2011-10-20T12:36:15Z,2011-10-20T16:37:00Z,2011-10-20T12:34:48Z,2011-10-20T16:29:56Z,87,424,183,1,183,48.3675409952799,-4.86053005854289
B22,hg32-07-11,2011-10-21T06:53:30Z,2011-10-21T08:13:00Z,2011-10-21T06:49:28Z,2011-10-21T08:15:16Z,242,136,184,1,184,48.3670883178711,-4.86093997955322
B22,hg32-07-11,2011-10-21T18:42:15Z,2011-10-21T20:49:00Z,2011-10-21T18:42:40Z,2011-10-21T20:53:32Z,25,272,185,1,185,48.3673313685826,-4.86075292314802
B22,hg32-07-11,2011-10-21T21:54:00Z,2011-10-21T22:51:00Z,2011-10-21T21:53:40Z,2011-10-21T22:40:04Z,20,656,186,1,186,48.3675498962402,-4.86057996749878
B22,hg32-07-11,2011-10-22T15:36:45Z,2011-10-22T22:03:00Z,2011-10-22T15:38:28Z,2011-10-22T22:01:32Z,103,88,187,1,187,48.3676204681396,-4.86067008972168
B22,hg32-07-11,2011-10-23T16:56:30Z,2011-10-23T17:52:00Z,2011-10-23T16:53:08Z,2011-10-23T17:54:56Z,202,176,188,1,188,48.3673240661621,-4.86095209121704
B22,hg32-07-11,2011-10-24T17:43:45Z,2011-10-24T23:10:00Z,2011-10-24T17:39:40Z,2011-10-24T23:09:24Z,245,36,189,1,189,48.3671165466308,-4.86069803237915
B22,hg32-07-11,2011-10-25T08:32:30Z,2011-10-25T09:43:00Z,2011-10-25T08:35:56Z,2011-10-25T09:44:52Z,206,112,190,1,190,48.3437169392904,-4.88007338841756
B22,hg32-07-11,2011-10-25T18:05:15Z,2011-10-25T19:51:00Z,2011-10-25T18:05:20Z,2011-10-25T19:48:04Z,5,176,191,1,191,48.367177327474,-4.86065340042114
B22,hg32-07-11,2011-10-27T20:32:15Z,2011-10-28T00:24:00Z,2011-10-27T20:35:08Z,2011-10-28T00:48:28Z,173,1468,192,1,192,48.3653450012207,-4.87912011146545
B22,hg32-07-11,2011-10-28T09:35:15Z,2011-10-28T12:24:00Z,2011-10-28T09:34:24Z,2011-10-28T12:23:04Z,51,56,193,1,193,48.3437099456788,-4.880380153656
B22,hg32-07-11,2011-10-28T21:12:15Z,2011-10-29T01:13:00Z,2011-10-28T21:16:52Z,2011-10-29T01:11:40Z,277,80,194,1,194,48.3233273824056,-4.83951346079508
B22,hg32-07-11,2011-10-29T10:05:15Z,2011-10-29T13:18:00Z,2011-10-29T10:06:04Z,2011-10-29T13:15:12Z,49,168,195,1,195,48.3659795125326,-4.87926324208577
B22,hg32-07-11,2011-10-30T03:40:45Z,2011-10-30T14:37:00Z,2011-10-30T02:49:56Z,2011-10-30T14:41:52Z,3049,292,196,1,196,48.3710422515869,-4.880313316981
B22,hg32-07-11,2011-10-31T12:23:15Z,2011-10-31T14:51:00Z,2011-10-31T12:25:24Z,2011-10-31T15:01:20Z,129,620,197,1,197,48.3683013916016,-4.88216018676758
B22,hg32-07-11,2011-11-01T03:49:45Z,2011-11-01T12:28:00Z,2011-11-01T02:51:32Z,2011-11-01T12:30:04Z,3493,124,198,1,198,48.371019744873,-4.88047208786011
B22,hg32-07-11,2011-11-01T14:39:15Z,2011-11-01T16:52:00Z,2011-11-01T14:36:44Z,2011-11-01T16:54:28Z,151,148,199,1,199,48.3713366190592,-4.87806669871012
B22,hg32-07-11,2011-11-02T08:52:15Z,2011-11-02T11:29:00Z,2011-11-02T08:53:28Z,2011-11-02T11:30:12Z,73,72,200,1,200,48.3715496063232,-4.88204002380371
B22,hg32-07-11,2011-11-02T16:57:30Z,2011-11-02T17:14:00Z,2011-11-02T16:58:00Z,2011-11-02T17:18:00Z,30,240,201,1,201,48.3719844818115,-4.8824450969696
B22,hg32-07-11,2011-11-02T19:55:00Z,2011-11-02T20:07:00Z,2011-11-02T19:55:20Z,2011-11-02T20:07:40Z,20,40,202,1,202,48.3714408874512,-4.88186979293823
B22,hg32-07-11,2011-11-02T20:20:45Z,2011-11-03T04:41:00Z,2011-11-02T20:17:40Z,2011-11-03T05:05:28Z,185,1468,203,1,203,48.3715190887451,-4.8818199634552
B22,hg32-07-11,2011-11-04T03:17:15Z,2011-11-04T07:51:00Z,2011-11-04T02:58:56Z,2011-11-04T07:53:24Z,1099,144,204,1,204,48.3675498962402,-4.86050510406494
B22,hg32-07-11,2011-11-04T10:03:45Z,2011-11-04T22:33:00Z,2011-11-04T10:00:16Z,2011-11-04T22:34:36Z,209,96,205,1,205,48.3707727704729,-4.8803129196167
B22,hg32-07-11,2011-11-05T12:37:15Z,2011-11-05T14:41:00Z,2011-11-05T12:39:52Z,2011-11-05T14:37:20Z,157,220,206,1,206,48.3710708618164,-4.88154665629069
B22,hg32-07-11,2011-11-05T15:16:45Z,2011-11-05T23:25:00Z,2011-11-05T15:15:28Z,2011-11-05T23:20:28Z,77,272,207,1,207,48.3675617641873,-4.86117564307319
B22,hg32-07-11,2011-11-07T02:24:15Z,2011-11-07T04:58:00Z,2011-11-07T02:23:04Z,2011-11-07T05:09:04Z,71,664,208,1,208,48.371244430542,-4.88229489326477
B22,hg32-07-11,2011-11-07T19:06:15Z,2011-11-07T21:40:00Z,2011-11-07T19:02:32Z,2011-11-07T21:34:12Z,223,348,209,1,209,48.3233540852865,-4.83939679463705
B22,hg32-07-11,2011-11-08T07:50:15Z,2011-11-08T11:12:00Z,2011-11-08T07:48:20Z,2011-11-08T11:13:48Z,115,108,210,1,210,48.3603553771973,-4.84992504119873
B22,hg32-07-11,2011-11-08T16:57:30Z,2011-11-08T17:11:00Z,2011-11-08T17:00:56Z,2011-11-08T17:13:00Z,206,120,211,1,211,48.3596611022949,-4.84940004348755
B22,hg32-07-11,2011-11-08T17:41:45Z,2011-11-09T00:08:00Z,2011-11-08T17:45:00Z,2011-11-09T00:09:08Z,195,68,212,1,212,48.3671035766602,-4.86079994837443
B22,hg32-07-11,2011-11-09T09:23:15Z,2011-11-09T11:21:00Z,2011-11-09T09:22:04Z,2011-11-09T11:23:12Z,71,132,213,1,213,48.3625850677491,-4.85528993606567
B22,hg32-07-11,2011-11-09T21:11:15Z,2011-11-10T00:03:00Z,2011-11-09T21:13:32Z,2011-11-10T00:05:12Z,137,132,214,1,214,48.36256980896,-4.85529494285583
B22,hg32-07-11,2011-11-10T10:50:30Z,2011-11-10T11:49:00Z,2011-11-10T10:53:40Z,2011-11-10T11:48:00Z,190,60,215,1,215,48.3709932963053,-4.87772337595622
B22,hg32-07-11,2011-11-10T16:49:45Z,2011-11-11T06:43:00Z,2011-11-10T16:48:40Z,2011-11-11T06:44:24Z,65,84,216,1,216,48.3709704081218,-4.8805300394694
B22,hg32-07-11,2011-11-11T10:02:00Z,2011-11-11T10:35:00Z,2011-11-11T09:57:56Z,2011-11-11T10:34:20Z,244,40,217,1,217,48.368278503418,-4.88175511360168
B22,hg32-07-11,2011-11-12T22:58:15Z,2011-11-13T01:32:00Z,2011-11-12T22:59:04Z,2011-11-13T02:34:20Z,49,3740,220,1,220,48.3625183105469,-4.85553979873657
B22,hg32-07-11,2011-11-13T01:42:00Z,2011-11-13T02:33:00Z,2011-11-13T02:34:20Z,2011-11-13T02:34:20Z,3140,80,221,1,221,48.3672632983535,-4.86053814752125
B22,hg32-07-11,2011-11-14T10:02:15Z,2011-11-14T14:15:00Z,2011-11-14T09:58:16Z,2011-11-14T14:16:44Z,239,104,222,1,222,48.3678906758626,-4.88185326258341
B22,hg32-07-11,2011-11-15T01:07:30Z,2011-11-15T02:27:00Z,2011-11-15T01:08:12Z,2011-11-15T02:22:08Z,42,292,223,1,223,48.3713035583496,-4.88266241550446
B22,hg32-07-11,2011-11-15T02:48:45Z,2011-11-15T18:42:00Z,2011-11-15T02:53:08Z,2011-11-15T18:42:48Z,263,48,224,1,224,48.3714879353841,-4.8821866247389
B22,hg32-07-11,2011-11-16T12:44:15Z,2011-11-16T14:21:00Z,2011-11-16T12:39:28Z,2011-11-16T14:26:20Z,287,320,225,1,225,48.3436698913574,-4.8804497718811
B22,hg32-07-11,2011-11-16T23:27:45Z,2011-11-17T04:48:00Z,2011-11-16T23:28:48Z,2011-11-17T04:28:48Z,63,1152,226,1,226,48.3671150207519,-4.86073505878448
B22,hg32-07-11,2011-11-17T09:25:00Z,2011-11-17T10:19:00Z,2011-11-17T09:25:48Z,2011-11-17T10:18:40Z,48,20,227,1,227,48.3713798522949,-4.88228003184001
B22,hg32-07-11,2011-11-17T10:47:45Z,2011-11-17T17:44:00Z,2011-11-17T10:50:40Z,2011-11-17T17:48:00Z,175,240,228,1,228,48.3674767812093,-4.86117498079936
B22,hg32-07-11,2011-11-18T02:12:15Z,2011-11-18T04:40:00Z,2011-11-18T02:07:32Z,2011-11-18T04:35:16Z,283,284,229,1,229,48.3627777099609,-4.8545800447464
B22,hg32-07-11,2011-11-18T10:26:45Z,2011-11-18T18:29:00Z,2011-11-18T10:33:36Z,2011-11-18T18:47:12Z,411,1092,230,1,230,48.3676099777222,-4.86118745803833
B22,hg32-07-11,2011-11-19T02:35:15Z,2011-11-19T05:51:00Z,2011-11-19T02:33:32Z,2011-11-19T05:51:52Z,103,52,231,1,231,48.3626098632813,-4.85555982589722
B22,hg32-07-11,2011-11-20T06:44:00Z,2011-11-20T07:20:00Z,2011-11-20T06:48:52Z,2011-11-20T07:26:12Z,292,372,232,1,232,48.3621711730957,-4.84869003295898
B22,hg32-07-11,2011-11-20T13:36:45Z,2011-11-20T21:03:00Z,2011-11-20T13:40:56Z,2011-11-20T21:30:16Z,251,1636,233,1,233,48.3671023050944,-4.86100006103516
B22,hg32-07-11,2011-11-21T04:33:15Z,2011-11-21T08:19:00Z,2011-11-21T04:30:00Z,2011-11-21T08:18:04Z,195,56,234,1,234,48.3624830245972,-4.85516738891602
B22,hg32-07-11,2011-11-22T05:07:45Z,2011-11-22T10:28:00Z,2011-11-22T05:04:56Z,2011-11-22T10:23:12Z,169,288,235,1,235,48.3677783542209,-4.86115450329251
B22,hg32-07-11,2011-11-23T05:52:15Z,2011-11-23T10:11:00Z,2011-11-23T05:54:16Z,2011-11-23T10:11:16Z,121,16,236,1,236,48.3676155090332,-4.86093597412109
B22,hg32-07-11,2011-11-24T09:14:00Z,2011-11-24T10:11:00Z,2011-11-24T09:09:20Z,2011-11-24T10:23:36Z,280,756,237,1,237,48.3433099503577,-4.87691926784961
B22,hg32-07-11,2011-11-25T09:23:00Z,2011-11-25T10:56:00Z,2011-11-25T09:27:32Z,2011-11-25T10:59:52Z,272,232,238,1,238,48.34375,-4.88042020797729
B22,hg32-07-11,2011-11-26T04:18:15Z,2011-11-26T06:43:00Z,2011-11-26T04:23:56Z,2011-11-26T06:39:08Z,341,232,239,1,239,48.3716125488281,-4.8809666633606
B22,hg32-07-11,2011-11-26T09:29:15Z,2011-11-26T12:24:00Z,2011-11-26T09:33:36Z,2011-11-26T12:21:08Z,261,172,240,1,240,48.3654963175456,-4.87918996810913
B22,hg32-07-11,2011-11-27T01:38:15Z,2011-11-27T03:36:00Z,2011-11-27T01:37:40Z,2011-11-27T03:39:08Z,35,188,241,1,241,48.3709354400634,-4.88049507141113
B22,hg32-07-11,2011-11-27T11:09:15Z,2011-11-27T12:52:00Z,2011-11-27T11:12:08Z,2011-11-27T12:52:08Z,173,8,242,1,242,48.3431282043457,-4.88040018081665
B22,hg32-07-11,2011-11-27T22:40:15Z,2011-11-28T01:08:00Z,2011-11-27T22:36:48Z,2011-11-28T01:10:24Z,207,144,243,1,243,48.3654098510742,-4.87910985946655
B22,hg32-07-11,2011-11-28T03:15:30Z,2011-11-28T03:44:00Z,2011-11-28T03:13:28Z,2011-11-28T03:55:28Z,122,688,244,1,244,48.3708610534668,-4.88011980056763
B22,hg32-07-11,2011-11-28T03:56:45Z,2011-11-28T08:47:00Z,2011-11-28T03:55:28Z,2011-11-28T08:38:24Z,77,516,245,1,245,48.3712177276612,-4.88170993328094
B22,hg32-07-11,2011-11-28T10:30:15Z,2011-11-28T14:22:00Z,2011-11-28T10:30:40Z,2011-11-28T14:24:48Z,25,168,246,1,246,48.3657633463542,-4.87893009185791
B22,hg32-07-11,2011-11-30T02:40:45Z,2011-11-30T07:43:00Z,2011-11-30T02:39:56Z,2011-11-30T07:44:40Z,49,100,247,1,247,48.3709526062012,-4.88044993082682
B22,hg32-07-11,2011-11-30T08:19:45Z,2011-11-30T18:46:00Z,2011-11-30T08:26:56Z,2011-11-30T18:57:04Z,431,664,248,1,248,48.37082862854,-4.88074509302775
B22,hg32-07-11,2011-12-01T05:32:45Z,2011-12-01T15:35:00Z,2011-12-01T05:37:08Z,2011-12-01T15:36:32Z,263,92,249,1,249,48.3705978393555,-4.88010101318359
B18,hg28-B18-10,2010-06-16T23:45:15Z,2010-06-17T03:49:00Z,2010-06-17T01:34:36Z,2010-06-17T04:43:52Z,6561,3292,0,1,0,48.3947410583496,-4.89563989639282
B18,hg28-B18-10,2010-06-17T13:53:30Z,2010-06-17T14:13:00Z,2010-06-17T14:00:24Z,2010-06-17T14:15:52Z,414,172,1,1,1,48.3948707580566,-4.89556980133057
B18,hg28-B18-10,2010-06-17T22:41:30Z,2010-06-17T23:58:00Z,2010-06-17T22:44:28Z,2010-06-18T00:00:04Z,178,124,2,1,2,48.3950805664063,-4.89518022537231
B18,hg28-B18-10,2010-06-18T00:04:15Z,2010-06-18T04:26:00Z,2010-06-18T00:00:04Z,2010-06-18T03:30:04Z,251,3356,3,1,3,48.3949038187663,-4.89526009559631
B18,hg28-B18-10,2010-06-18T04:43:00Z,2010-06-18T06:16:00Z,2010-06-18T05:48:20Z,2010-06-18T05:48:20Z,3920,1660,4,1,4,48.394401550293,-4.89399003982544
B18,hg28-B18-10,2010-06-18T13:18:00Z,2010-06-18T13:45:00Z,2010-06-18T13:13:56Z,2010-06-18T13:46:32Z,244,92,5,1,5,48.3949508666992,-4.89589023590088
B18,hg28-B18-10,2010-06-19T00:09:30Z,2010-06-19T00:50:00Z,2010-06-19T00:14:32Z,2010-06-19T00:52:48Z,302,168,6,1,6,48.3952217102051,-4.89524984359741
B18,hg28-B18-10,2010-06-20T00:48:45Z,2010-06-20T06:09:00Z,2010-06-20T00:47:00Z,2010-06-20T06:11:48Z,105,168,9,1,9,48.3946940104167,-4.89413976669313
B18,hg28-B18-10,2010-06-20T06:41:30Z,2010-06-20T08:10:00Z,2010-06-20T06:11:48Z,2010-06-20T08:40:04Z,1782,1804,10,1,10,48.3909639570354,-4.89825304356407
B18,hg28-B18-10,2010-06-20T15:26:15Z,2010-06-20T18:39:00Z,2010-06-20T15:32:04Z,2010-06-20T17:12:04Z,349,5216,11,1,11,48.3948993682861,-4.896080493927
B18,hg28-B18-10,2010-06-21T03:09:15Z,2010-06-21T07:31:00Z,2010-06-21T03:07:32Z,2010-06-21T07:45:48Z,103,888,12,1,12,48.3949851989746,-4.89851999282837
B18,hg28-B18-10,2010-06-21T07:36:15Z,2010-06-21T09:22:00Z,2010-06-21T07:45:48Z,2010-06-21T10:52:52Z,573,5452,13,1,13,48.3946685791016,-4.89475011825562
B18,hg28-B18-10,2010-06-21T16:16:15Z,2010-06-21T20:05:00Z,2010-06-21T16:14:56Z,2010-06-21T19:44:56Z,79,1204,14,1,14,48.3947906494141,-4.89713001251221
B18,hg28-B18-10,2010-06-22T05:30:15Z,2010-06-22T08:25:00Z,2010-06-22T05:32:08Z,2010-06-22T07:12:08Z,113,4372,15,1,15,48.3748893737793,-4.86131000518799
B18,hg28-B18-10,2010-06-22T08:45:15Z,2010-06-22T12:28:00Z,2010-06-22T09:43:08Z,2010-06-22T13:44:40Z,3473,4600,16,1,16,48.3730010986328,-4.86270999908447
B18,hg28-B18-10,2010-06-23T07:07:15Z,2010-06-23T08:53:00Z,2010-06-23T07:09:24Z,2010-06-23T07:09:24Z,129,6216,17,1,17,48.3744812011719,-4.86195993423462
B18,hg28-B18-10,2010-06-23T08:58:15Z,2010-06-23T10:35:00Z,2010-06-23T07:09:24Z,2010-06-23T10:51:36Z,6531,996,18,1,18,48.3733421320534,-4.86253318021578
B18,hg28-B18-10,2010-06-23T10:42:15Z,2010-06-23T12:19:00Z,2010-06-23T10:51:36Z,2010-06-23T10:51:36Z,561,5244,19,1,19,48.3728713989258,-4.86277008056641
B18,hg28-B18-10,2010-06-24T09:06:15Z,2010-06-24T11:04:00Z,2010-06-24T08:17:24Z,2010-06-24T08:17:24Z,2931,9996,21,1,21,48.3737971621994,-4.86224103069003
B18,hg28-B18-10,2010-06-25T05:08:30Z,2010-06-25T06:16:00Z,2010-06-25T04:22:32Z,2010-06-25T07:24:48Z,2758,4128,22,1,22,48.3591336094732,-4.84992128096102
B18,hg28-B18-10,2010-06-25T06:51:30Z,2010-06-25T07:08:00Z,2010-06-25T07:24:48Z,2010-06-25T07:24:48Z,1998,1008,23,1,23,48.3594774763865,-4.84984484356341
B18,hg28-B18-10,2010-06-25T07:55:00Z,2010-06-25T09:10:00Z,2010-06-25T07:24:48Z,2010-06-25T09:36:48Z,1812,1608,24,1,24,48.3594966686133,-4.84976364374161
B18,hg28-B18-10,2010-06-26T06:16:00Z,2010-06-26T06:31:00Z,2010-06-26T06:13:04Z,2010-06-26T06:23:04Z,176,476,25,1,25,48.3952293395996,-4.89543008804321
B18,hg28-B18-10,2010-06-26T08:06:15Z,2010-06-26T11:16:00Z,2010-06-26T08:05:36Z,2010-06-26T11:17:52Z,39,112,26,1,26,48.3968601226806,-4.891610622406
B18,hg28-B18-10,2010-06-26T11:31:15Z,2010-06-26T13:35:00Z,2010-06-26T11:17:52Z,2010-06-26T13:29:20Z,803,340,27,1,27,48.3942642211914,-4.89119958877563
B18,hg28-B18-10,2010-06-26T20:44:15Z,2010-06-27T00:06:00Z,2010-06-26T20:39:16Z,2010-06-27T00:07:28Z,299,88,28,1,28,48.3967609405518,-4.89121961593627
B18,hg28-B18-10,2010-06-27T09:12:15Z,2010-06-27T12:40:00Z,2010-06-27T09:22:16Z,2010-06-27T12:44:12Z,601,252,29,1,29,48.3967952728271,-4.89175033569336
B18,hg28-B18-10,2010-06-28T08:54:30Z,2010-06-28T09:35:00Z,2010-06-28T09:37:48Z,2010-06-28T09:37:48Z,2598,168,30,1,30,48.360316123465,-4.85000702575277
B18,hg28-B18-10,2010-06-29T10:48:15Z,2010-06-29T13:52:00Z,2010-06-29T10:49:16Z,2010-06-29T13:55:32Z,61,212,33,1,33,48.3965797424316,-4.89233016967773
B18,hg28-B18-10,2010-06-29T21:50:45Z,2010-06-30T03:11:00Z,2010-06-29T22:00:08Z,2010-06-30T03:00:08Z,563,652,34,1,34,48.3952191670736,-4.89506506919861
B18,hg28-B18-10,2010-06-30T10:20:00Z,2010-06-30T10:47:00Z,2010-06-30T10:12:12Z,2010-06-30T10:49:52Z,468,172,35,1,35,48.3948783874512,-4.89584016799927
B18,hg28-B18-10,2010-06-30T11:00:15Z,2010-06-30T14:25:00Z,2010-06-30T10:59:52Z,2010-06-30T14:29:36Z,23,276,36,1,36,48.3969745635986,-4.89238023757935
B18,hg28-B18-10,2010-06-30T15:07:00Z,2010-06-30T15:28:00Z,2010-06-30T15:29:52Z,2010-06-30T15:29:52Z,1372,112,37,1,37,48.3942392463177,-4.89502167648981
B18,hg28-B18-10,2010-06-30T21:08:15Z,2010-07-01T01:09:00Z,2010-06-30T21:08:12Z,2010-07-01T01:10:12Z,3,72,38,2,38,48.3968238830566,-4.86203479766845
B18,hg28-B18-10,2010-07-01T10:58:15Z,2010-07-01T14:02:00Z,2010-07-01T10:55:56Z,2010-07-01T14:05:16Z,139,196,39,2,39,48.3949,-4.89603
B18,hg28-B18-10,2010-07-03T04:07:30Z,2010-07-03T05:06:00Z,2010-07-03T03:42:48Z,2010-07-03T05:08:44Z,1482,164,40,2,40,48.349479675293,-4.865149974823
B18,hg28-B18-10,2010-07-04T14:53:15Z,2010-07-04T16:45:00Z,2010-07-04T14:56:12Z,2010-07-04T18:02:52Z,177,4672,42,2,42,48.3674583435059,-4.86048984527588
B18,hg28-B18-10,2010-07-05T04:43:30Z,2010-07-05T05:39:00Z,2010-07-05T04:17:32Z,2010-07-05T04:17:32Z,1558,4888,43,2,43,48.3611722901027,-4.84712916093806
B18,hg28-B18-10,2010-07-05T13:28:45Z,2010-07-05T18:25:00Z,2010-07-05T13:29:52Z,2010-07-05T18:29:20Z,67,260,44,2,44,48.3695049285889,-4.87369616826376
B19,hg28-B19-10,2010-06-20T00:00:00Z,2010-06-20T00:15:00Z,2010-06-19T23:55:16Z,2010-06-20T00:05:16Z,284,584,0,1,0,48.318790435791,-4.87716007232666
B19,hg28-B19-10,2010-06-20T15:46:15Z,2010-06-20T18:26:00Z,2010-06-20T15:41:32Z,2010-06-20T18:36:56Z,283,656,1,1,1,48.3968696594239,-4.89191961288453
B19,hg28-B19-10,2010-06-21T05:44:30Z,2010-06-21T06:34:00Z,2010-06-21T05:45:12Z,2010-06-21T06:35:28Z,42,88,4,1,4,48.3966293334961,-4.89201021194458
B19,hg28-B19-10,2010-06-21T15:26:30Z,2010-06-21T16:25:00Z,2010-06-21T15:24:08Z,2010-06-21T16:28:12Z,142,192,5,1,5,48.3947792053223,-4.89493989944458
B19,hg28-B19-10,2010-06-21T16:35:15Z,2010-06-21T19:42:00Z,2010-06-21T16:38:12Z,2010-06-21T21:13:16Z,177,5476,6,1,6,48.3970718383789,-4.89190006256104
B19,hg28-B19-10,2010-06-24T00:04:00Z,2010-06-24T01:19:00Z,2010-06-23T23:59:40Z,2010-06-24T01:20:24Z,260,84,9,1,9,48.3949394226074,-4.89529991149902
B19,hg28-B19-10,2010-06-24T06:07:00Z,2010-06-24T07:13:00Z,2010-06-24T06:10:44Z,2010-06-24T07:14:36Z,224,96,10,1,10,48.394718170166,-4.89477014541626
B19,hg28-B19-10,2010-06-24T07:24:15Z,2010-06-24T10:34:00Z,2010-06-24T07:24:36Z,2010-06-24T10:36:44Z,21,164,11,1,11,48.3969364166259,-4.89153051376342
B19,hg28-B19-10,2010-06-25T10:58:30Z,2010-06-25T11:12:00Z,2010-06-25T11:01:32Z,2010-06-25T11:13:28Z,182,88,12,1,12,48.4914894104004,-4.80516004562378
B19,hg28-B19-10,2010-06-26T11:35:00Z,2010-06-26T11:56:00Z,2010-06-26T11:32:16Z,2010-06-26T11:57:48Z,164,108,15,1,15,48.396800994873,-4.89212989807129
B19,hg28-B19-10,2010-06-27T08:55:30Z,2010-06-27T10:03:00Z,2010-06-27T08:59:28Z,2010-06-27T10:04:04Z,238,64,16,1,16,48.3972091674805,-4.89189004898071
B19,hg28-B19-10,2010-06-27T10:14:15Z,2010-06-27T12:12:00Z,2010-06-27T10:14:04Z,2010-06-27T12:12:40Z,11,40,17,1,17,48.396800994873,-4.89186000823975
B19,hg28-B19-10,2010-06-29T09:03:30Z,2010-06-29T10:14:00Z,2010-06-29T09:00:08Z,2010-06-29T10:13:24Z,202,36,18,1,18,48.3657703399658,-4.87988996505738
B19,hg28-B19-10,2010-06-29T10:24:30Z,2010-06-29T11:53:00Z,2010-06-29T10:23:24Z,2010-06-29T11:53:04Z,66,4,19,1,19,48.365348815918,-4.87938022613525
B19,hg28-B19-10,2010-06-29T13:04:00Z,2010-06-29T13:43:00Z,2010-06-29T13:08:52Z,2010-06-29T13:39:12Z,292,228,20,1,20,48.3971773783366,-4.89214491844177
B19,hg28-B19-10,2010-06-29T20:41:15Z,2010-06-29T22:30:00Z,2010-06-29T20:40:52Z,2010-06-29T22:31:12Z,23,72,21,1,21,48.3656883239746,-4.87894010543823
B19,hg28-B19-10,2010-06-30T10:38:15Z,2010-06-30T14:03:00Z,2010-06-30T10:36:56Z,2010-06-30T14:09:24Z,79,384,22,1,22,48.3774948120117,-4.8586196899414
B19,hg28-B19-10,2010-07-02T21:57:30Z,2010-07-02T23:08:00Z,2010-07-02T21:59:56Z,2010-07-02T23:08:04Z,146,4,23,2,23,48.37101,-4.87823
B19,hg28-B19-10,2010-07-02T23:33:45Z,2010-07-03T05:18:00Z,2010-07-02T23:29:40Z,2010-07-03T05:22:48Z,245,288,24,2,24,48.3677124285889,-4.86085628982544
B19,hg28-B19-10,2010-07-03T10:02:45Z,2010-07-03T16:53:00Z,2010-07-03T09:58:28Z,2010-07-03T16:48:28Z,257,272,25,2,25,48.3678415991211,-4.86099501117706
B20,hg28-B20-10,2010-07-15T23:23:30Z,2010-07-16T00:22:00Z,2010-07-15T23:27:40Z,2010-07-16T00:32:20Z,250,620,0,1,0,48.3369102478027,-4.85718011856079
B20,hg28-B20-10,2010-07-16T00:56:30Z,2010-07-16T01:19:00Z,2010-07-16T00:52:20Z,2010-07-16T01:23:04Z,250,244,1,1,1,48.3369808197021,-4.85871028900147
B20,hg28-B20-10,2010-07-16T23:36:30Z,2010-07-17T00:35:00Z,2010-07-16T23:35:36Z,2010-07-16T23:45:36Z,54,2964,2,1,2,48.3374214172363,-4.8578200340271
B20,hg28-B20-10,2010-07-18T00:24:00Z,2010-07-18T00:45:00Z,2010-07-18T00:27:24Z,2010-07-18T00:57:36Z,204,756,5,1,5,48.3188095092773,-4.87681007385254
B20,hg28-B20-10,2010-07-18T01:31:15Z,2010-07-18T04:05:00Z,2010-07-18T01:30:12Z,2010-07-18T04:27:32Z,63,1352,6,1,6,48.318775177002,-4.87708997726441
B20,hg28-B20-10,2010-07-19T02:46:15Z,2010-07-19T04:50:00Z,2010-07-19T02:48:32Z,2010-07-19T04:54:16Z,137,256,7,1,7,48.3223133087158,-4.87756061553955
B20,hg28-B20-10,2010-07-19T16:35:30Z,2010-07-19T17:01:00Z,2010-07-19T16:39:52Z,2010-07-19T17:00:08Z,262,52,8,1,8,48.3357887268067,-4.84265995025635
B20,hg28-B20-10,2010-07-20T03:29:00Z,2010-07-20T04:08:00Z,2010-07-20T03:25:36Z,2010-07-20T04:06:00Z,204,120,9,1,9,48.3221454620361,-4.87771940231323
B20,hg28-B20-10,2010-07-21T16:41:00Z,2010-07-21T17:44:00Z,2010-07-21T16:44:48Z,2010-07-21T17:44:36Z,228,36,12,1,12,48.3611106872559,-4.94940996170044
B20,hg28-B20-10,2010-07-22T17:48:30Z,2010-07-22T19:11:00Z,2010-07-22T19:11:24Z,2010-07-22T19:11:24Z,4974,24,15,1,15,48.3622388249996,-4.94682599671458
B20,hg28-B20-10,2010-07-23T07:20:15Z,2010-07-23T09:24:00Z,2010-07-23T07:15:56Z,2010-07-23T09:26:12Z,259,132,16,1,16,48.3611602783203,-4.95027017593384
B20,hg28-B20-10,2010-07-24T05:24:30Z,2010-07-24T06:20:00Z,2010-07-24T05:19:52Z,2010-07-24T06:33:00Z,278,780,19,1,19,48.3611106872559,-4.94934988021851
B20,hg28-B20-10,2010-07-24T09:44:30Z,2010-07-24T09:58:00Z,2010-07-24T09:48:48Z,2010-07-24T09:48:48Z,258,552,20,1,20,48.359790802002,-4.94807004928589
B20,hg28-B20-10,2010-07-24T20:09:15Z,2010-07-24T22:55:00Z,2010-07-24T20:06:48Z,2010-07-24T22:55:48Z,147,48,21,1,21,48.3612041473389,-4.94952011108398
B20,hg28-B20-10,2010-07-28T09:55:30Z,2010-07-28T10:15:00Z,2010-07-28T10:00:28Z,2010-07-28T10:16:04Z,298,64,22,1,22,49.8741416931152,-6.3683500289917
B20,hg28-B20-10,2010-07-28T22:38:15Z,2010-07-29T02:00:00Z,2010-07-28T22:37:52Z,2010-07-29T02:13:32Z,23,812,25,1,25,49.8737297058105,-6.40347003936768
B20,hg28-B20-10,2010-07-29T11:19:15Z,2010-07-29T13:59:00Z,2010-07-29T11:15:08Z,2010-07-29T14:22:24Z,247,1404,26,1,26,49.8754615783691,-6.4060001373291
B20,hg28-B20-10,2010-07-29T22:19:45Z,2010-07-30T03:22:00Z,2010-07-29T22:24:16Z,2010-07-30T03:25:40Z,271,220,27,1,27,49.8637657165527,-6.39963960647582
B20,hg28-B20-10,2010-07-30T22:55:15Z,2010-07-31T03:29:00Z,2010-07-30T22:56:28Z,2010-07-31T03:41:28Z,73,748,30,1,30,49.866870880127,-6.38608980178833
B20,hg28-B20-10,2010-07-31T12:34:15Z,2010-07-31T16:44:00Z,2010-07-31T12:36:48Z,2010-07-31T15:56:48Z,153,2832,31,1,31,49.8780301411947,-6.41692042350769
B20,hg28-B20-10,2010-07-31T22:52:15Z,2010-08-01T02:20:00Z,2010-07-31T22:48:08Z,2010-08-01T02:18:08Z,247,112,32,1,32,49.8804302215576,-6.41324996948243
B20,hg28-B20-10,2010-08-01T03:13:30Z,2010-08-01T03:36:00Z,2010-08-01T03:09:28Z,2010-08-01T03:36:04Z,242,4,33,1,33,49.8781089782715,-6.41144990921021
B20,hg28-B20-10,2010-08-07T06:24:30Z,2010-08-07T07:11:00Z,2010-08-07T06:29:12Z,2010-08-07T07:12:44Z,282,104,36,1,36,49.9459381103516,-6.24833011627197
B20,hg28-B20-10,2010-08-07T07:42:00Z,2010-08-07T08:36:00Z,2010-08-07T07:37:04Z,2010-08-07T07:47:04Z,296,2936,37,1,37,49.9537696838379,-6.25317001342773
B20,hg28-B20-10,2010-08-07T19:18:15Z,2010-08-07T22:49:00Z,2010-08-07T19:21:00Z,2010-08-07T22:41:00Z,165,480,38,1,38,49.878511428833,-6.41716003417968
B20,hg28-B20-10,2010-08-08T19:28:15Z,2010-08-08T23:23:00Z,2010-08-08T19:31:40Z,2010-08-08T23:27:28Z,205,268,41,1,41,49.8788261413574,-6.41555500030518
B20,hg28-B20-10,2010-08-09T07:51:00Z,2010-08-09T08:24:00Z,2010-08-09T07:51:20Z,2010-08-09T08:25:48Z,20,108,42,1,42,49.8785247802735,-6.41628980636597
B20,hg28-B20-10,2010-08-09T08:39:30Z,2010-08-09T09:02:00Z,2010-08-09T08:35:48Z,2010-08-09T09:13:16Z,222,676,43,1,43,49.878978729248,-6.41747999191284
B20,hg28-B20-10,2010-08-09T09:22:15Z,2010-08-09T11:02:00Z,2010-08-09T09:13:16Z,2010-08-09T11:06:20Z,539,260,44,1,44,49.8789100646973,-6.4170298576355
B20,hg28-B20-10,2010-08-13T11:07:15Z,2010-08-13T15:47:00Z,2010-08-13T11:10:28Z,2010-08-13T16:42:08Z,193,3308,49,1,49,49.8778991699219,-6.41663026809693
B20,hg28-B20-10,2010-08-18T01:50:15Z,2010-08-18T04:21:00Z,2010-08-18T01:46:00Z,2010-08-18T05:07:48Z,255,2808,50,1,50,49.878360748291,-6.41726016998291
B20,hg28-B20-10,2010-08-18T05:50:00Z,2010-08-18T06:44:00Z,2010-08-18T05:51:04Z,2010-08-18T06:46:00Z,64,120,51,1,51,49.8779182434082,-6.41751003265381
B20,hg28-B20-10,2010-08-18T17:26:30Z,2010-08-18T18:19:00Z,2010-08-18T17:20:08Z,2010-08-18T18:20:20Z,382,80,52,1,52,49.8777809143066,-6.41756010055542
B20,hg28-B20-10,2010-08-18T18:29:15Z,2010-08-18T20:24:00Z,2010-08-18T18:30:20Z,2010-08-18T20:27:20Z,65,200,53,1,53,49.8781337738037,-6.41706991195679
B20,hg28-B20-10,2010-08-21T19:06:45Z,2010-08-22T00:03:00Z,2010-08-21T19:14:40Z,2010-08-22T00:05:28Z,475,148,56,1,56,49.9509258270264,-6.24566984176636
B20,hg28-B20-10,2010-08-22T06:58:00Z,2010-08-22T07:43:00Z,2010-08-22T06:53:40Z,2010-08-22T07:55:04Z,260,724,57,1,57,49.951000213623,-6.2488899230957
B20,hg28-B20-10,2010-08-22T07:52:00Z,2010-08-22T09:01:00Z,2010-08-22T07:55:04Z,2010-08-22T09:03:12Z,184,132,58,1,58,49.951171875,-6.24619007110596
B20,hg28-B20-10,2010-08-22T09:38:30Z,2010-08-22T11:13:00Z,2010-08-22T09:46:44Z,2010-08-22T11:30:40Z,494,1060,59,1,59,49.9531402587891,-6.24334001541138
B20,hg28-B20-10,2010-08-23T08:25:15Z,2010-08-23T10:38:00Z,2010-08-23T08:27:52Z,2010-08-23T10:07:52Z,157,1808,60,1,60,49.9529991149902,-6.25247049331666
B20,hg28-B20-10,2010-08-24T00:03:00Z,2010-08-24T00:57:00Z,2010-08-24T00:11:16Z,2010-08-24T01:00:40Z,496,220,61,1,61,49.9486999511719,-6.24721002578735
B20,hg28-B20-10,2010-08-27T11:17:00Z,2010-08-27T12:11:00Z,2010-08-27T11:25:40Z,2010-08-27T12:12:56Z,520,116,64,1,64,49.9495887756348,-6.24523019790649
B20,hg28-B20-10,2010-08-27T12:24:30Z,2010-08-27T13:44:00Z,2010-08-27T12:22:56Z,2010-08-27T13:47:48Z,94,228,65,1,65,49.9499816894531,-6.2453498840332
B20,hg28-B20-10,2010-08-27T22:14:45Z,2010-08-28T03:05:00Z,2010-08-27T22:10:44Z,2010-08-28T03:09:04Z,241,244,66,1,66,49.9461994171142,-6.24466991424561
B20,hg28-B20-10,2010-08-28T11:34:00Z,2010-08-28T11:58:00Z,2010-08-28T11:41:12Z,2010-08-28T12:00:08Z,432,128,67,1,67,49.9493103027344,-6.24639987945557
B20,hg28-B20-10,2010-08-28T12:03:15Z,2010-08-28T13:49:00Z,2010-08-28T12:00:08Z,2010-08-28T13:51:20Z,187,140,68,1,68,49.9502792358398,-6.24554014205933
B20,hg28-B20-10,2010-08-28T23:00:15Z,2010-08-29T03:43:00Z,2010-08-28T22:57:16Z,2010-08-29T03:44:52Z,179,112,69,1,69,49.9498252868652,-6.24537992477417
B20,hg28-B20-10,2010-08-29T12:23:00Z,2010-08-29T12:56:00Z,2010-08-29T12:26:20Z,2010-08-29T13:13:56Z,200,1076,70,1,70,49.9496307373047,-6.24518013000488
B20,hg28-B20-10,2010-08-29T13:59:30Z,2010-08-29T15:07:00Z,2010-08-29T13:57:28Z,2010-08-29T15:11:08Z,122,248,71,1,71,49.9527587890625,-6.24241018295288
B20,hg28-B20-10,2010-09-01T13:08:15Z,2010-09-01T17:24:00Z,2010-09-01T13:04:24Z,2010-09-01T17:28:28Z,231,268,74,1,74,49.9507776896159,-6.24663043022156
B20,hg28-B20-10,2010-09-02T04:21:15Z,2010-09-02T06:01:00Z,2010-09-02T04:25:48Z,2010-09-02T06:08:16Z,273,436,75,1,75,49.9501056671143,-6.24873971939087
B20,hg28-B20-10,2010-09-02T14:13:45Z,2010-09-02T19:16:00Z,2010-09-02T14:17:40Z,2010-09-02T19:17:32Z,235,92,76,1,76,49.9496726989746,-6.25022506713866
B20,hg28-B20-10,2010-09-03T15:52:15Z,2010-09-03T20:26:00Z,2010-09-03T15:49:16Z,2010-09-03T20:34:40Z,179,520,77,1,77,49.9506301879883,-6.2481198310852
B20,hg28-B20-10,2010-09-04T03:59:45Z,2010-09-04T09:08:00Z,2010-09-04T04:02:36Z,2010-09-04T09:12:36Z,171,276,78,1,78,49.9499711990357,-6.2493503888448
B20,hg28-B20-10,2010-09-04T16:25:15Z,2010-09-04T20:59:00Z,2010-09-04T16:27:08Z,2010-09-04T21:00:00Z,113,60,79,1,79,49.9501457214355,-6.24987030029298
B20,hg28-B20-10,2010-09-06T19:51:15Z,2010-09-06T22:22:00Z,2010-09-06T19:53:32Z,2010-09-06T22:18:04Z,137,236,80,1,80,49.9508641560872,-6.24761486053467
B20,hg28-B20-10,2010-09-07T07:51:30Z,2010-09-07T09:17:00Z,2010-09-07T07:54:04Z,2010-09-07T09:19:04Z,154,124,81,1,81,49.950740814209,-6.24858999252319
B20,hg28-B20-10,2010-09-07T09:39:30Z,2010-09-07T11:05:00Z,2010-09-07T09:49:20Z,2010-09-07T11:08:20Z,590,200,82,1,82,49.9468002319336,-6.24647998809814
B20,hg28-B20-10,2010-09-07T21:45:15Z,2010-09-08T00:22:00Z,2010-09-07T21:46:36Z,2010-09-08T00:24:28Z,81,148,83,1,83,49.9463748931885,-6.24603033065795
B20,hg28-B20-10,2010-09-09T00:09:30Z,2010-09-09T01:02:00Z,2010-09-09T00:16:00Z,2010-09-09T00:16:00Z,390,2760,84,1,84,49.9452514648438,-6.24423980712891
B20,hg28-B20-10,2010-09-09T09:44:30Z,2010-09-09T10:34:00Z,2010-09-09T09:46:00Z,2010-09-09T10:37:00Z,90,180,85,1,85,49.949649810791,-6.24533987045288
B20,hg28-B20-10,2010-09-09T10:40:30Z,2010-09-09T11:21:00Z,2010-09-09T10:37:00Z,2010-09-09T11:22:16Z,210,76,86,1,86,49.9496116638184,-6.24506998062134
B20,hg28-B20-10,2010-09-09T11:31:15Z,2010-09-09T13:47:00Z,2010-09-09T11:32:16Z,2010-09-09T13:52:16Z,61,316,87,1,87,49.9464302062988,-6.24531984329224
B20,hg28-B20-10,2010-09-09T23:55:15Z,2010-09-10T01:32:00Z,2010-09-09T23:58:40Z,2010-09-10T01:34:24Z,205,144,88,1,88,49.9500617980957,-6.24423980712891
B20,hg28-B20-10,2010-09-10T10:37:15Z,2010-09-10T14:05:00Z,2010-09-10T10:37:04Z,2010-09-10T14:06:52Z,11,112,89,1,89,49.9507961273194,-6.24910974502564
B20,hg28-B20-10,2010-09-11T10:42:15Z,2010-09-11T14:49:00Z,2010-09-11T10:48:16Z,2010-09-11T14:51:52Z,361,172,92,1,92,49.9464950561524,-6.24588012695312
B20,hg28-B20-10,2010-09-12T02:25:15Z,2010-09-12T04:11:00Z,2010-09-12T02:28:32Z,2010-09-12T04:47:40Z,197,2200,93,1,93,49.953010559082,-6.25311994552612
B20,hg28-B20-10,2010-09-12T11:37:15Z,2010-09-12T15:38:00Z,2010-09-12T11:32:52Z,2010-09-12T15:39:52Z,263,112,94,1,94,49.9459743499756,-6.24965047836305
B20,hg28-B20-10,2010-09-13T00:26:15Z,2010-09-13T03:51:00Z,2010-09-13T00:24:52Z,2010-09-13T03:53:32Z,83,152,95,1,95,49.9463195800781,-6.25006008148193
B20,hg28-B20-10,2010-09-14T14:08:15Z,2010-09-14T18:00:00Z,2010-09-14T14:12:04Z,2010-09-14T18:00:28Z,229,28,98,1,98,49.946305847168,-6.24604022502899
B20,hg28-B20-10,2010-09-16T01:15:45Z,2010-09-16T07:12:00Z,2010-09-16T01:22:12Z,2010-09-16T07:11:36Z,387,24,99,1,99,49.9462303161621,-6.25081992149354
B20,hg28-B20-10,2010-09-16T15:25:15Z,2010-09-16T19:32:00Z,2010-09-16T15:24:16Z,2010-09-16T19:33:48Z,59,108,100,1,100,49.9461895557702,-6.24956236686928
B20,hg28-B20-10,2010-09-17T01:49:45Z,2010-09-17T07:58:00Z,2010-09-17T01:45:52Z,2010-09-17T08:03:52Z,233,352,101,1,101,49.9461135864258,-6.24963474273681
B20,hg28-B20-10,2010-09-17T18:20:15Z,2010-09-17T21:18:00Z,2010-09-17T18:18:12Z,2010-09-17T21:21:52Z,123,232,102,1,102,49.9460716247559,-6.24896001815796
B20,hg28-B20-10,2010-09-21T09:06:15Z,2010-09-21T11:34:00Z,2010-09-21T09:14:16Z,2010-09-21T12:10:16Z,481,2176,105,1,105,49.9462242126465,-6.24619007110595
B20,hg28-B20-10,2010-09-21T18:44:45Z,2010-09-22T01:41:00Z,2010-09-21T16:50:36Z,2010-09-22T01:41:36Z,6849,36,106,1,106,49.9463310241699,-6.24606990814209
B20,hg28-B20-10,2010-09-22T07:48:15Z,2010-09-22T12:07:00Z,2010-09-22T07:47:56Z,2010-09-22T12:06:20Z,19,40,107,1,107,49.9511863708496,-6.24977004528045
B20,hg28-B20-10,2010-09-22T21:09:15Z,2010-09-23T01:22:00Z,2010-09-22T21:10:48Z,2010-09-23T01:10:48Z,93,672,108,1,108,49.9506235122681,-6.24937693277994
B20,hg28-B20-10,2010-09-29T03:02:30Z,2010-09-29T04:10:00Z,2010-09-29T02:57:48Z,2010-09-29T04:52:04Z,282,2524,111,1,111,49.9501190185547,-6.24390983581543
B20,hg28-B20-10,2010-09-29T11:36:15Z,2010-09-29T15:52:00Z,2010-09-29T11:36:04Z,2010-09-29T15:53:04Z,11,64,112,1,112,49.9507904052735,-6.24806022644043
B20,hg28-B20-10,2010-09-29T22:19:00Z,2010-09-29T23:31:00Z,2010-09-29T22:23:56Z,2010-09-29T23:42:04Z,296,664,113,1,113,49.9497718811035,-6.24821996688843
B20,hg28-B20-10,2010-09-29T23:40:00Z,2010-09-30T00:07:00Z,2010-09-29T23:42:04Z,2010-09-30T00:09:04Z,124,124,114,1,114,49.9499015808105,-6.24884986877441
B20,hg28-B20-10,2010-09-30T00:10:45Z,2010-09-30T05:07:00Z,2010-09-30T00:09:04Z,2010-09-30T05:22:16Z,101,916,115,1,115,49.9512887036562,-6.25163388615112
B20,hg28-B20-10,2010-09-30T20:43:45Z,2010-10-01T02:10:00Z,2010-09-30T20:44:32Z,2010-10-01T01:44:32Z,47,1528,116,1,116,49.9509754180908,-6.25571012496948
B20,hg28-B20-10,2010-10-01T18:14:00Z,2010-10-01T19:17:00Z,2010-10-01T18:08:24Z,2010-10-01T19:19:52Z,336,172,117,1,117,49.9531402587891,-6.25296020507813
B20,hg28-B20-10,2010-10-01T19:24:45Z,2010-10-02T10:54:00Z,2010-10-01T19:19:52Z,2010-10-02T10:55:04Z,293,64,118,1,118,49.9510135650635,-6.25537614822388
B20,hg28-B20-10,2010-10-02T14:20:30Z,2010-10-02T15:28:00Z,2010-10-02T14:21:20Z,2010-10-02T15:21:04Z,50,416,119,1,119,49.9512507120768,-6.2548553943634
B20,hg28-B20-10,2010-10-02T19:45:45Z,2010-10-03T04:00:00Z,2010-10-02T19:47:56Z,2010-10-03T04:13:40Z,131,820,120,1,120,49.9509531656901,-6.25529503822326
B20,hg28-B20-10,2010-10-03T16:01:15Z,2010-10-03T18:56:00Z,2010-10-03T16:04:00Z,2010-10-03T18:58:00Z,165,120,121,1,121,49.9512710571289,-6.25541019439697
B20,hg28-B20-10,2010-10-03T19:06:45Z,2010-10-04T07:48:00Z,2010-10-03T19:08:00Z,2010-10-04T07:49:04Z,75,64,122,1,122,49.951156616211,-6.25465023517608
B21,hg32-24-11,2011-06-16T23:02:15Z,2011-06-17T00:51:00Z,2011-06-16T23:08:32Z,2011-06-17T00:48:32Z,377,148,0,1,0,48.3656349182129,-4.8789849281311
B21,hg32-24-11,2011-06-18T22:00:30Z,2011-06-18T23:29:00Z,2011-06-18T21:57:16Z,2011-06-18T23:30:52Z,194,112,1,1,1,48.3657684326172,-4.87892007827759
B21,hg32-24-11,2011-06-19T00:05:15Z,2011-06-19T01:57:00Z,2011-06-19T00:11:56Z,2011-06-19T01:51:56Z,401,304,2,1,2,48.3653697967529,-4.8789050579071
B21,hg32-24-11,2011-06-19T10:35:00Z,2011-06-19T11:26:00Z,2011-06-19T10:37:24Z,2011-06-19T11:34:52Z,144,532,3,1,3,48.3656044006348,-4.87902998924256
B21,hg32-24-11,2011-06-20T01:42:30Z,2011-06-20T02:23:00Z,2011-06-20T01:38:00Z,2011-06-20T02:41:28Z,270,1108,4,1,4,48.323299407959,-4.83949995040894
B21,hg32-24-11,2011-06-20T13:15:30Z,2011-06-20T14:23:00Z,2011-06-20T13:15:40Z,2011-06-20T14:26:16Z,10,196,5,1,5,48.323413848877,-4.8393349647522
B21,hg32-24-11,2011-06-22T11:42:15Z,2011-06-22T14:19:00Z,2011-06-22T11:38:48Z,2011-06-22T14:15:24Z,207,216,6,1,6,48.3658485412598,-4.87881755828858
B21,hg32-24-11,2011-06-24T12:24:45Z,2011-06-24T18:03:00Z,2011-06-24T12:29:36Z,2011-06-24T18:06:16Z,291,196,7,1,7,48.582989692688,-4.73407506942749
B21,hg32-24-11,2011-06-25T03:28:15Z,2011-06-25T06:11:00Z,2011-06-25T03:28:36Z,2011-06-25T06:15:12Z,21,252,8,1,8,48.5828838348389,-4.73389506340027
B21,hg32-24-11,2011-06-25T13:46:15Z,2011-06-25T18:23:00Z,2011-06-25T13:49:00Z,2011-06-25T18:44:44Z,165,1304,9,1,9,48.5829836527507,-4.73425658543905
B21,hg32-24-11,2011-06-26T04:28:30Z,2011-06-26T05:39:00Z,2011-06-26T04:31:48Z,2011-06-26T05:36:08Z,198,172,10,1,10,48.581995010376,-4.72880482673645
B21,hg32-24-11,2011-06-26T15:02:30Z,2011-06-26T15:16:00Z,2011-06-26T15:08:36Z,2011-06-26T15:08:36Z,366,444,11,1,11,48.5828094482422,-4.73416996002197
B21,hg32-24-11,2011-06-26T15:38:00Z,2011-06-26T16:02:00Z,2011-06-26T15:39:20Z,2011-06-26T15:39:20Z,80,1360,12,1,12,48.582878112793,-4.73432016372681
B21,hg32-24-11,2011-06-26T16:45:15Z,2011-06-26T21:10:00Z,2011-06-26T16:56:00Z,2011-06-26T21:14:44Z,645,284,13,1,13,48.5815963745117,-4.72894334793091
B21,hg32-24-11,2011-06-27T06:07:30Z,2011-06-27T06:33:00Z,2011-06-27T06:03:12Z,2011-06-27T06:29:12Z,258,228,14,1,14,48.5814113616944,-4.72773480415345
B21,hg32-24-11,2011-06-28T08:05:30Z,2011-06-28T08:25:00Z,2011-06-28T08:04:00Z,2011-06-28T08:14:00Z,90,660,15,1,15,48.3234901428223,-4.839439868927
B21,hg32-24-11,2011-06-28T08:36:00Z,2011-06-28T09:21:00Z,2011-06-28T08:40:36Z,2011-06-28T09:26:00Z,276,300,16,1,16,48.3196411132813,-4.83481979370117
B21,hg32-24-11,2011-06-28T16:57:00Z,2011-06-28T18:00:00Z,2011-06-28T16:53:52Z,2011-06-28T18:11:20Z,188,680,17,1,17,48.3224601745605,-4.87739992141724
B21,hg32-24-11,2011-06-29T19:42:15Z,2011-06-29T22:31:00Z,2011-06-29T19:40:12Z,2011-06-29T22:43:04Z,123,724,18,1,18,48.3223190307617,-4.87695002555847
B21,hg32-24-11,2011-06-30T06:04:15Z,2011-06-30T09:29:00Z,2011-06-30T06:05:28Z,2011-06-30T09:25:28Z,73,212,19,1,19,48.322447458903,-4.87725337346395
B21,hg32-24-11,2011-07-01T20:14:15Z,2011-07-01T22:36:00Z,2011-07-01T20:17:36Z,2011-07-01T22:38:12Z,201,132,20,1,20,48.3405952453613,-4.87568998336792
B21,hg32-24-11,2011-07-01T22:47:00Z,2011-07-01T23:41:00Z,2011-07-01T22:48:12Z,2011-07-01T23:40:04Z,72,56,21,1,21,48.3434791564941,-4.88083004951477
B21,hg32-24-11,2011-07-02T10:36:15Z,2011-07-02T12:19:00Z,2011-07-02T10:37:28Z,2011-07-02T12:17:28Z,73,92,22,1,22,48.3231353759766,-4.84121990203857
B21,hg32-24-11,2011-07-04T09:39:15Z,2011-07-04T11:52:00Z,2011-07-04T09:42:40Z,2011-07-04T11:54:28Z,205,148,23,1,23,48.3433094024658,-4.88078999519348
B21,hg32-24-11,2011-07-04T12:04:30Z,2011-07-04T12:48:00Z,2011-07-04T12:04:28Z,2011-07-04T12:58:40Z,2,640,24,1,24,48.3431447206242,-4.88252983175373
B21,hg32-24-11,2011-07-05T10:10:30Z,2011-07-05T11:09:00Z,2011-07-05T10:06:40Z,2011-07-05T11:10:48Z,230,108,25,1,25,48.3408508300781,-4.87545013427734
B21,hg32-24-11,2011-07-05T11:29:15Z,2011-07-05T14:15:00Z,2011-07-05T11:30:48Z,2011-07-05T14:28:00Z,93,780,26,1,26,48.3431148529053,-4.88075494766235
B21,hg32-24-11,2011-07-07T13:32:30Z,2011-07-07T14:01:00Z,2011-07-07T13:23:32Z,2011-07-07T13:57:16Z,538,224,27,1,27,48.3411712646484,-4.876540184021
B21,hg32-24-11,2011-07-07T14:06:00Z,2011-07-07T15:24:00Z,2011-07-07T14:07:16Z,2011-07-07T15:27:08Z,76,188,28,1,28,48.3435211181641,-4.88028001785278
B21,hg32-24-11,2011-07-08T03:54:30Z,2011-07-08T04:26:00Z,2011-07-08T03:55:44Z,2011-07-08T04:30:52Z,74,292,29,1,29,48.3232803344727,-4.83930015563965
B21,hg32-24-11,2011-07-08T11:58:30Z,2011-07-08T13:21:00Z,2011-07-08T11:57:44Z,2011-07-08T13:32:32Z,46,692,30,1,30,48.3179588317871,-4.87944984436035
B21,hg32-24-11,2011-07-08T13:48:15Z,2011-07-08T17:01:00Z,2011-07-08T13:52:32Z,2011-07-08T17:04:28Z,257,208,31,1,31,48.3224182128906,-4.87714004516602
B21,hg32-24-11,2011-07-09T15:37:15Z,2011-07-09T17:32:00Z,2011-07-09T15:42:04Z,2011-07-09T17:33:16Z,289,76,32,1,32,48.3234596252442,-4.83941006660462
B21,hg32-24-11,2011-07-10T03:01:15Z,2011-07-10T07:20:00Z,2011-07-10T02:57:08Z,2011-07-10T07:24:24Z,247,264,33,1,33,48.3194592793782,-4.83504343032837
B21,hg32-24-11,2011-07-10T12:37:00Z,2011-07-10T14:04:00Z,2011-07-10T12:33:36Z,2011-07-10T14:06:12Z,204,132,34,1,34,48.3195381164551,-4.87936019897461
B21,hg32-24-11,2011-07-11T05:12:15Z,2011-07-11T07:34:00Z,2011-07-11T05:14:24Z,2011-07-11T07:36:44Z,129,164,35,1,35,48.3232498168945,-4.83920502662659
B21,hg32-24-11,2011-07-11T17:45:15Z,2011-07-11T20:13:00Z,2011-07-11T17:41:44Z,2011-07-11T20:29:24Z,211,984,36,1,36,48.3232116699219,-4.83936977386475
B21,hg32-24-11,2011-07-13T05:45:00Z,2011-07-13T06:00:00Z,2011-07-13T05:45:24Z,2011-07-13T06:00:32Z,24,32,39,1,39,48.3193702697754,-4.83502006530762
B21,hg32-24-11,2011-07-13T06:21:15Z,2011-07-13T10:01:00Z,2011-07-13T06:20:48Z,2011-07-13T09:50:48Z,27,612,40,1,40,48.323257446289,-4.8394767443339
B21,hg32-24-11,2011-07-13T20:19:15Z,2011-07-13T22:44:00Z,2011-07-13T20:17:40Z,2011-07-13T22:49:12Z,95,312,41,1,41,48.3231391906738,-4.84077501296997
B21,hg32-24-11,2011-07-14T05:38:30Z,2011-07-14T06:01:00Z,2011-07-14T05:42:20Z,2011-07-14T06:04:48Z,230,228,42,1,42,48.3225708007813,-4.87716007232666
B21,hg32-24-11,2011-07-14T08:01:15Z,2011-07-14T10:59:00Z,2011-07-14T08:02:24Z,2011-07-14T11:01:24Z,69,144,43,1,43,48.3232402801514,-4.83928012847901
B21,hg32-24-11,2011-07-14T19:40:15Z,2011-07-14T23:59:00Z,2011-07-14T19:41:12Z,2011-07-15T00:16:52Z,57,1072,44,1,44,48.3234074910482,-4.83925676345825
B21,hg32-24-11,2011-07-16T08:55:15Z,2011-07-16T12:32:00Z,2011-07-16T08:56:24Z,2011-07-16T12:33:52Z,69,112,45,1,45,48.3233261108398,-4.83940315246582
B21,hg32-24-11,2011-07-16T22:31:15Z,2011-07-17T01:02:00Z,2011-07-16T22:31:12Z,2011-07-17T01:03:28Z,3,88,46,1,46,48.3234348297119,-4.83931994438171
B21,hg32-24-11,2011-07-17T11:15:15Z,2011-07-17T12:52:00Z,2011-07-17T11:15:48Z,2011-07-17T13:27:08Z,33,2108,47,1,47,48.3232898712158,-4.83946990966797
B21,hg32-24-11,2011-07-17T23:23:15Z,2011-07-18T01:39:00Z,2011-07-17T23:26:16Z,2011-07-18T01:06:16Z,181,1964,48,1,48,48.3233852386475,-4.83944988250733
B21,hg32-24-11,2011-07-18T10:27:15Z,2011-07-18T13:43:00Z,2011-07-18T10:29:20Z,2011-07-18T13:40:44Z,125,136,49,1,49,48.3233032226563,-4.83939981460572
B21,hg32-24-11,2011-07-19T11:21:15Z,2011-07-19T14:07:00Z,2011-07-19T11:20:24Z,2011-07-19T14:31:32Z,51,1472,50,1,50,48.3232097625732,-4.83943009376526
B21,hg32-24-11,2011-07-21T00:43:15Z,2011-07-21T03:23:00Z,2011-07-21T00:47:28Z,2011-07-21T03:19:32Z,253,208,51,1,51,48.3232892354329,-4.83944654464722
B21,hg32-24-11,2011-07-21T11:16:15Z,2011-07-21T14:44:00Z,2011-07-21T11:16:56Z,2011-07-21T14:59:32Z,41,932,52,1,52,48.3233032226562,-4.83944320678711
B21,hg32-24-11,2011-07-22T09:34:30Z,2011-07-22T10:39:00Z,2011-07-22T09:36:24Z,2011-07-22T11:04:00Z,114,1500,53,1,53,48.3180313110352,-4.87919998168945
B21,hg32-24-11,2011-07-22T11:25:15Z,2011-07-22T13:08:00Z,2011-07-22T11:34:04Z,2011-07-22T13:09:36Z,529,96,54,1,54,48.323278427124,-4.83960008621215
B21,hg32-24-11,2011-07-22T13:20:00Z,2011-07-22T14:32:00Z,2011-07-22T13:19:36Z,2011-07-22T14:57:48Z,24,1548,55,1,55,48.3233489990234,-4.83948993682861
B21,hg32-24-11,2011-07-23T13:13:15Z,2011-07-23T15:56:00Z,2011-07-23T13:16:12Z,2011-07-23T15:58:48Z,177,168,56,1,56,48.323184967041,-4.83938503265381
B21,hg32-24-11,2011-07-24T03:31:15Z,2011-07-24T05:26:00Z,2011-07-24T03:33:24Z,2011-07-24T05:26:12Z,129,12,57,1,57,48.3233489990235,-4.83931016921997
B21,hg32-24-11,2011-07-24T15:34:15Z,2011-07-24T18:11:00Z,2011-07-24T15:34:12Z,2011-07-24T18:22:20Z,3,680,58,1,58,48.3407096862793,-4.87525987625122
B21,hg32-24-11,2011-07-25T06:40:00Z,2011-07-25T07:34:00Z,2011-07-25T06:37:36Z,2011-07-25T08:14:08Z,144,2408,59,1,59,48.3407707214355,-4.8754301071167
B21,hg32-24-11,2011-07-25T15:52:15Z,2011-07-25T18:32:00Z,2011-07-25T15:54:24Z,2011-07-25T18:36:48Z,129,288,60,1,60,48.340560913086,-4.87538003921509
B21,hg32-24-11,2011-07-27T18:18:15Z,2011-07-27T21:25:00Z,2011-07-27T18:22:40Z,2011-07-27T21:31:00Z,265,360,63,1,63,48.3231658935547,-4.83886003494263
B21,hg32-24-11,2011-07-28T05:32:45Z,2011-07-28T10:23:00Z,2011-07-28T05:34:16Z,2011-07-28T10:26:08Z,91,188,64,1,64,48.3232212066651,-4.83941006660461
B21,hg32-24-11,2011-07-28T17:41:45Z,2011-07-28T22:38:00Z,2011-07-28T17:37:40Z,2011-07-28T22:50:24Z,245,744,65,1,65,48.3232746124268,-4.83916521072388
B21,hg32-24-11,2011-07-29T07:06:15Z,2011-07-29T10:31:00Z,2011-07-29T07:06:36Z,2011-07-29T10:35:12Z,21,252,66,1,66,48.3233032226563,-4.83958991368612
B21,hg32-24-11,2011-07-29T19:58:15Z,2011-07-29T23:08:00Z,2011-07-29T19:56:44Z,2011-07-29T23:21:48Z,91,828,67,1,67,48.3232498168945,-4.83934497833252
B21,hg32-24-11,2011-07-30T08:20:30Z,2011-07-30T08:52:00Z,2011-07-30T08:20:32Z,2011-07-30T08:54:04Z,2,124,68,1,68,48.3435153961181,-4.88007497787476
B21,hg32-24-11,2011-07-30T09:54:00Z,2011-07-30T11:18:00Z,2011-07-30T09:55:52Z,2011-07-30T11:23:00Z,112,300,69,1,69,48.3235092163086,-4.83945989608765
B21,hg32-24-11,2011-07-30T20:34:30Z,2011-07-30T21:15:00Z,2011-07-30T20:34:44Z,2011-07-30T21:17:24Z,14,144,70,1,70,48.3231658935547,-4.83920502662659
B21,hg32-24-11,2011-07-30T21:21:15Z,2011-07-30T23:46:00Z,2011-07-30T21:17:24Z,2011-07-30T23:48:08Z,231,128,71,1,71,48.323091506958,-4.84087991714478
B21,hg32-24-11,2011-07-31T20:58:15Z,2011-08-01T01:08:00Z,2011-07-31T20:56:16Z,2011-08-01T01:16:36Z,119,516,74,1,74,48.3234405517578,-4.83960485458374
B21,hg32-24-11,2011-08-01T08:39:00Z,2011-08-01T08:57:00Z,2011-08-01T08:42:12Z,2011-08-01T08:55:04Z,192,116,75,1,75,48.3409442901611,-4.87553000450134
B21,hg32-24-11,2011-08-01T09:47:15Z,2011-08-01T13:00:00Z,2011-08-01T09:46:44Z,2011-08-01T13:02:12Z,31,132,76,1,76,48.323184967041,-4.83915996551513
B21,hg32-24-11,2011-08-01T21:32:15Z,2011-08-02T01:42:00Z,2011-08-01T21:35:56Z,2011-08-02T01:41:20Z,221,40,77,1,77,48.323166847229,-4.83939743041992
B21,hg32-24-11,2011-08-02T10:10:15Z,2011-08-02T11:59:00Z,2011-08-02T10:17:40Z,2011-08-02T12:02:32Z,445,212,78,1,78,48.3231391906738,-4.83957004547119
B21,hg32-24-11,2011-08-02T22:09:15Z,2011-08-03T02:16:00Z,2011-08-02T22:06:12Z,2011-08-03T02:20:28Z,183,268,79,1,79,48.3232192993164,-4.83949494361877
B21,hg32-24-11,2011-08-03T10:57:15Z,2011-08-03T14:10:00Z,2011-08-03T10:54:08Z,2011-08-03T14:14:28Z,187,268,80,1,80,48.323133468628,-4.83931016921997
B21,hg32-24-11,2011-08-05T00:00:15Z,2011-08-05T03:46:00Z,2011-08-04T23:59:52Z,2011-08-05T03:58:00Z,23,720,81,1,81,48.3232536315918,-4.83957004547119
B21,hg32-24-11,2011-08-05T12:18:15Z,2011-08-05T15:19:00Z,2011-08-05T12:22:40Z,2011-08-05T15:43:24Z,265,1464,82,1,82,48.3233089447021,-4.83902502059937
B21,hg32-24-11,2011-08-06T15:37:30Z,2011-08-06T16:00:00Z,2011-08-06T15:37:32Z,2011-08-06T16:05:28Z,2,328,83,1,83,48.3234100341797,-4.83938503265381
B21,hg32-24-11,2011-08-08T16:58:00Z,2011-08-08T18:13:00Z,2011-08-08T17:07:28Z,2011-08-08T18:28:32Z,568,932,84,1,84,48.3233413696289,-4.83938980102539
B21,hg32-24-11,2011-08-09T04:32:15Z,2011-08-09T07:18:00Z,2011-08-09T04:34:28Z,2011-08-09T07:44:56Z,133,1616,85,1,85,48.3232612609863,-4.83948993682861
B21,hg32-24-11,2011-08-09T15:54:45Z,2011-08-09T21:45:00Z,2011-08-09T15:56:12Z,2011-08-09T21:46:24Z,87,84,86,1,86,48.3233699798584,-4.83936500549316
B21,hg32-24-11,2011-08-10T05:53:15Z,2011-08-10T07:45:00Z,2011-08-10T05:57:32Z,2011-08-10T07:47:16Z,257,136,87,1,87,48.3233394622803,-4.83928513526917
B21,hg32-24-11,2011-08-10T17:30:15Z,2011-08-10T22:13:00Z,2011-08-10T17:21:56Z,2011-08-10T23:20:08Z,499,4028,88,1,88,48.3134299503142,-4.81779679018662
B21,hg32-24-11,2011-08-11T19:23:15Z,2011-08-11T22:33:00Z,2011-08-11T19:26:36Z,2011-08-11T21:06:36Z,201,5184,89,1,89,48.3232707977295,-4.83954501152039
B21,hg32-24-11,2011-08-12T07:51:15Z,2011-08-12T10:58:00Z,2011-08-12T07:52:20Z,2011-08-12T10:58:20Z,65,20,90,1,90,48.3233795166015,-4.83925485610962
B21,hg32-24-11,2011-08-12T20:11:15Z,2011-08-12T23:27:00Z,2011-08-12T20:15:12Z,2011-08-13T00:47:53Z,237,4853,91,1,91,48.3234901428223,-4.83947992324829
B21,hg32-24-11,2011-08-13T23:54:30Z,2011-08-14T00:35:00Z,2011-08-13T23:57:20Z,2011-08-14T00:44:20Z,170,560,92,1,92,48.3233795166016,-4.83921003341675
B21,hg32-24-11,2011-08-14T07:59:00Z,2011-08-14T08:29:00Z,2011-08-14T07:57:32Z,2011-08-14T08:30:04Z,88,64,93,1,93,48.3409805297852,-4.87550020217896
B21,hg32-24-11,2011-08-14T09:17:15Z,2011-08-14T12:09:00Z,2011-08-14T09:21:24Z,2011-08-14T12:20:04Z,249,664,94,1,94,48.3233795166015,-4.83924508094788
B21,hg32-24-11,2011-08-14T19:41:45Z,2011-08-15T00:56:00Z,2011-08-14T18:33:16Z,2011-08-15T00:50:40Z,4109,320,95,1,95,48.3232307434082,-4.83948993682862
B21,hg32-24-11,2011-08-15T09:08:15Z,2011-08-15T12:21:00Z,2011-08-15T09:11:12Z,2011-08-15T12:25:12Z,177,252,96,1,96,48.323133468628,-4.83911991119385
B21,hg32-24-11,2011-08-15T21:31:15Z,2011-08-16T01:23:00Z,2011-08-15T18:23:20Z,2011-08-16T01:24:20Z,11275,80,97,1,97,48.3233184814453,-4.83905982971191
B21,hg32-24-11,2011-08-16T09:47:15Z,2011-08-16T12:48:00Z,2011-08-16T09:45:52Z,2011-08-16T12:52:16Z,83,256,98,1,98,48.3233795166015,-4.83919000625611
B21,hg32-24-11,2011-08-16T22:31:15Z,2011-08-17T01:56:00Z,2011-08-16T22:31:00Z,2011-08-17T01:58:52Z,15,172,99,1,99,48.3233451843262,-4.83967518806458
B21,hg32-24-11,2011-08-17T10:50:15Z,2011-08-17T13:24:00Z,2011-08-17T10:48:52Z,2011-08-17T13:28:52Z,83,292,100,1,100,48.3231811523438,-4.83944988250732
B21,hg32-24-11,2011-08-18T12:36:00Z,2011-08-18T14:00:00Z,2011-08-18T12:39:48Z,2011-08-18T14:01:08Z,228,68,101,1,101,48.3232002258301,-4.83948993682861
B21,hg32-24-11,2011-08-19T10:19:00Z,2011-08-19T11:16:00Z,2011-08-19T10:16:20Z,2011-08-19T11:15:16Z,160,44,102,1,102,48.3232409159343,-4.83939997355143
B21,hg32-24-11,2011-08-19T11:36:15Z,2011-08-19T14:28:00Z,2011-08-19T11:35:16Z,2011-08-19T14:30:48Z,59,168,103,1,103,48.3232955932617,-4.83966016769409
B21,hg32-24-11,2011-08-19T23:20:15Z,2011-08-20T03:42:00Z,2011-08-19T23:23:04Z,2011-08-20T03:42:56Z,169,56,104,1,104,48.3227005004883,-4.83908335367838
B21,hg32-24-11,2011-08-20T11:27:15Z,2011-08-20T13:55:00Z,2011-08-20T11:29:08Z,2011-08-20T13:59:52Z,113,292,105,1,105,48.3232612609864,-4.83946990966797
B21,hg32-24-11,2011-08-21T13:25:15Z,2011-08-21T15:38:00Z,2011-08-21T13:19:32Z,2011-08-21T15:38:08Z,343,8,106,1,106,48.3404197692871,-4.87553977966309
B21,hg32-24-11,2011-08-23T12:41:30Z,2011-08-23T12:58:00Z,2011-08-23T12:32:04Z,2011-08-23T13:10:04Z,566,724,107,1,107,48.3188539705777,-4.87992082687859
B21,hg32-24-11,2011-08-23T13:06:30Z,2011-08-23T14:05:00Z,2011-08-23T13:10:04Z,2011-08-23T14:02:20Z,214,160,108,1,108,48.3198184967041,-4.8786301612854
B21,hg32-24-11,2011-08-23T14:35:45Z,2011-08-23T20:26:00Z,2011-08-23T14:33:32Z,2011-08-23T20:47:48Z,133,1308,109,1,109,48.3192358016968,-4.88020992279053
B21,hg32-24-11,2011-08-24T04:39:15Z,2011-08-24T08:31:00Z,2011-08-24T04:34:32Z,2011-08-24T08:35:08Z,283,248,110,1,110,48.3193537394206,-4.88012329737345
B21,hg32-24-11,2011-08-25T03:51:15Z,2011-08-25T08:31:00Z,2011-08-25T03:47:36Z,2011-08-25T08:43:44Z,219,764,111,1,111,48.3192036946615,-4.87992334365845
B21,hg32-24-11,2011-08-26T19:14:15Z,2011-08-26T21:12:00Z,2011-08-26T19:19:40Z,2011-08-26T20:59:40Z,325,740,112,1,112,48.323314666748,-4.83958005905152
B21,hg32-24-11,2011-08-27T06:51:15Z,2011-08-27T08:52:00Z,2011-08-27T06:48:00Z,2011-08-27T08:54:40Z,195,160,113,1,113,48.3406448364258,-4.87547993659973
B21,hg32-24-11,2011-08-27T18:27:00Z,2011-08-27T18:39:00Z,2011-08-27T18:23:16Z,2011-08-27T18:43:36Z,224,276,114,1,114,48.3192405700684,-4.87760019302368
B21,hg32-24-11,2011-08-27T19:18:15Z,2011-08-27T23:10:00Z,2011-08-27T19:19:08Z,2011-08-27T23:12:20Z,53,140,115,1,115,48.3234163920085,-4.83944336573283
B21,hg32-24-11,2011-08-29T07:05:15Z,2011-08-29T11:45:00Z,2011-08-29T07:07:36Z,2011-08-29T11:47:56Z,141,176,116,1,116,48.3231633504232,-4.83928330739339
B21,hg32-24-11,2011-08-29T20:09:45Z,2011-08-30T01:12:00Z,2011-08-29T20:08:36Z,2011-08-30T01:13:48Z,69,108,117,1,117,48.3232841491699,-4.83924674987793
B21,hg32-24-11,2011-08-30T09:22:15Z,2011-08-30T12:23:00Z,2011-08-30T09:20:44Z,2011-08-30T12:27:56Z,91,296,118,1,118,48.3232192993164,-4.8390200138092
B21,hg32-24-11,2011-08-30T21:02:15Z,2011-08-31T01:24:00Z,2011-08-30T21:00:44Z,2011-08-31T01:25:36Z,91,96,119,1,119,48.3233133951823,-4.83980671564738
B21,hg32-24-11,2011-08-31T09:17:00Z,2011-08-31T10:17:00Z,2011-08-31T09:18:28Z,2011-08-31T10:19:04Z,88,124,120,1,120,48.3230094909668,-4.83923006057739
B21,hg32-24-11,2011-08-31T12:41:00Z,2011-08-31T12:56:00Z,2011-08-31T12:45:04Z,2011-08-31T12:58:24Z,244,144,121,1,121,48.3195495605469,-4.8338098526001
B21,hg32-24-11,2011-09-01T10:12:15Z,2011-09-01T13:19:00Z,2011-09-01T10:10:56Z,2011-09-01T13:20:20Z,79,80,122,1,122,48.323055267334,-4.8393099308014
B21,hg32-24-11,2011-09-02T10:28:15Z,2011-09-02T14:38:00Z,2011-09-02T10:24:16Z,2011-09-02T14:42:52Z,239,292,123,1,123,48.3232103983561,-4.83916664123535
B21,hg32-24-11,2011-09-05T16:42:30Z,2011-09-05T17:47:00Z,2011-09-05T16:41:56Z,2011-09-05T17:48:24Z,34,84,126,1,126,48.3655815124512,-4.87929010391235
B21,hg32-24-11,2011-09-06T06:42:15Z,2011-09-06T09:04:00Z,2011-09-06T06:49:56Z,2011-09-06T09:06:24Z,461,144,127,1,127,48.3179512023926,-4.87917494773864
B21,hg32-24-11,2011-09-06T12:25:15Z,2011-09-06T15:38:00Z,2011-09-06T12:28:32Z,2011-09-06T15:49:44Z,197,704,128,1,128,48.3180255889893,-4.87935495376587
B21,hg32-24-11,2011-09-07T06:43:15Z,2011-09-07T08:20:00Z,2011-09-07T06:42:24Z,2011-09-07T08:21:04Z,51,64,129,1,129,48.3188591003418,-4.87735986709595
B21,hg32-24-11,2011-09-07T08:50:15Z,2011-09-07T10:39:00Z,2011-09-07T08:51:40Z,2011-09-07T10:43:16Z,85,256,130,1,130,48.3179798126221,-4.87932014465332
B21,hg32-24-11,2011-09-07T14:01:45Z,2011-09-07T22:52:00Z,2011-09-07T14:05:12Z,2011-09-07T22:56:16Z,207,256,131,1,131,48.3185913085938,-4.87763795852661
B21,hg32-24-11,2011-09-08T02:27:45Z,2011-09-08T11:24:00Z,2011-09-08T02:23:36Z,2011-09-08T11:28:40Z,249,280,132,1,132,48.3178497314453,-4.87945804595947
B21,hg32-24-11,2011-09-08T19:45:30Z,2011-09-08T20:35:00Z,2011-09-08T19:45:00Z,2011-09-08T19:55:00Z,30,2400,133,1,133,48.3198890686035,-4.877610206604
B21,hg32-24-11,2011-09-10T16:37:45Z,2011-09-10T21:46:00Z,2011-09-10T16:38:04Z,2011-09-10T21:38:04Z,19,476,137,1,137,48.3186025619507,-4.87783741950989
B21,hg32-24-11,2011-09-11T08:35:15Z,2011-09-11T11:42:00Z,2011-09-11T08:29:28Z,2011-09-11T11:42:52Z,347,52,138,1,138,48.319278717041,-4.88014984130859
B21,hg32-24-11,2011-09-13T00:01:30Z,2011-09-13T00:51:00Z,2011-09-13T00:02:16Z,2011-09-13T00:53:08Z,46,128,139,1,139,48.319580078125,-4.87798023223877
B21,hg32-24-11,2011-09-13T00:58:30Z,2011-09-13T01:39:00Z,2011-09-13T01:03:08Z,2011-09-13T01:33:04Z,278,356,140,1,140,48.3178749084473,-4.87906503677369
B21,hg32-24-11,2011-09-13T08:49:15Z,2011-09-13T11:59:00Z,2011-09-13T08:47:08Z,2011-09-13T11:56:04Z,127,176,141,1,141,48.3196589152018,-4.87850999832153
B21,hg32-24-11,2011-09-13T19:44:45Z,2011-09-14T02:41:00Z,2011-09-13T19:48:24Z,2011-09-14T02:28:24Z,219,756,142,1,142,48.3178653717041,-4.87896013259888
B21,hg32-24-11,2011-09-14T08:44:15Z,2011-09-14T10:36:00Z,2011-09-14T08:48:48Z,2011-09-14T10:39:16Z,273,196,143,1,143,48.3196887969971,-4.87802481651307
B21,hg32-24-11,2011-09-14T11:35:00Z,2011-09-14T12:44:00Z,2011-09-14T11:30:36Z,2011-09-14T12:50:04Z,264,364,144,1,144,48.3233795166016,-4.8399600982666
B21,hg32-24-11,2011-09-14T19:11:15Z,2011-09-14T20:48:00Z,2011-09-14T19:14:00Z,2011-09-14T20:50:08Z,165,128,145,1,145,48.3186416625977,-4.87781000137329
B21,hg32-24-11,2011-09-14T21:50:15Z,2011-09-15T01:06:00Z,2011-09-14T21:47:00Z,2011-09-15T01:08:20Z,195,140,146,1,146,48.3197059631348,-4.87792015075683
B21,hg32-24-11,2011-09-15T10:36:15Z,2011-09-15T13:31:00Z,2011-09-15T10:32:40Z,2011-09-15T13:36:00Z,215,300,147,1,147,48.323371887207,-4.83942008018493
B21,hg32-24-11,2011-09-15T22:08:15Z,2011-09-16T02:27:00Z,2011-09-15T22:04:16Z,2011-09-16T02:30:12Z,239,192,148,1,148,48.3233509063721,-4.83952498435974
B21,hg32-24-11,2011-09-16T10:31:15Z,2011-09-16T13:17:00Z,2011-09-16T10:33:48Z,2011-09-16T13:17:12Z,153,12,149,1,149,48.3232593536377,-4.83933997154235
B21,hg32-24-11,2011-09-17T10:41:15Z,2011-09-17T15:00:00Z,2011-09-17T10:44:36Z,2011-09-17T15:04:32Z,201,272,150,1,150,48.3178596496582,-4.87889003753662
B21,hg32-24-11,2011-09-18T22:03:45Z,2011-09-19T04:30:00Z,2011-09-18T22:01:08Z,2011-09-19T04:33:08Z,157,188,151,1,151,48.3179829915364,-4.87903674443563
B21,hg32-24-11,2011-09-19T10:24:45Z,2011-09-19T19:15:00Z,2011-09-19T10:24:44Z,2011-09-19T19:23:32Z,1,512,152,1,152,48.317862701416,-4.8789680480957
B21,hg32-24-11,2011-09-20T03:28:15Z,2011-09-20T07:50:00Z,2011-09-20T03:32:36Z,2011-09-20T07:51:08Z,261,68,153,1,153,48.317803700765,-4.87895981470744
B21,hg32-24-11,2011-09-20T09:48:45Z,2011-09-20T19:33:00Z,2011-09-20T09:50:04Z,2011-09-20T19:49:12Z,79,972,154,1,154,48.3178958892822,-4.87909007072449
B21,hg32-24-11,2011-09-24T03:41:15Z,2011-09-24T05:42:00Z,2011-09-24T03:46:12Z,2011-09-24T06:04:04Z,297,1324,157,1,157,48.3178291320801,-4.87871980667114
B21,hg32-24-11,2011-09-24T06:02:15Z,2011-09-24T08:24:00Z,2011-09-24T06:04:04Z,2011-09-24T08:25:04Z,109,64,158,1,158,48.3194503784179,-4.87939500808716
B21,hg32-24-11,2011-09-25T08:15:30Z,2011-09-25T09:08:00Z,2011-09-25T08:18:24Z,2011-09-25T09:09:04Z,174,64,159,1,159,48.3198204040527,-4.87874984741211
B21,hg32-24-11,2011-09-25T19:47:15Z,2011-09-25T22:15:00Z,2011-09-25T19:48:32Z,2011-09-25T22:25:04Z,77,604,160,1,160,48.3233642578125,-4.83948993682861
B21,hg32-24-11,2011-09-26T07:57:15Z,2011-09-26T09:58:00Z,2011-09-26T07:59:48Z,2011-09-26T09:59:04Z,153,64,161,1,161,48.3231449127197,-4.83910989761353
B21,hg32-24-11,2011-09-26T19:09:15Z,2011-09-26T23:31:00Z,2011-09-26T19:05:48Z,2011-09-26T23:49:24Z,207,1104,162,1,162,48.3232930501302,-4.83957004547119
B21,hg32-24-11,2011-09-27T08:43:15Z,2011-09-27T11:20:00Z,2011-09-27T08:44:00Z,2011-09-27T11:24:24Z,45,264,163,1,163,48.3232078552246,-4.8390531539917
B21,hg32-24-11,2011-09-27T21:24:15Z,2011-09-28T00:19:00Z,2011-09-27T21:28:08Z,2011-09-28T00:22:20Z,233,200,164,1,164,48.323616027832,-4.8398048877716
B21,hg32-24-11,2011-09-28T08:17:00Z,2011-09-28T09:50:00Z,2011-09-28T08:14:04Z,2011-09-28T09:51:36Z,176,96,165,1,165,48.3233184814453,-4.83954000473022
B21,hg32-24-11,2011-09-28T10:32:15Z,2011-09-28T12:15:00Z,2011-09-28T10:41:40Z,2011-09-28T12:15:08Z,565,8,166,1,166,48.3232116699219,-4.83816003799438
B21,hg32-24-11,2011-09-28T21:48:15Z,2011-09-29T00:49:00Z,2011-09-28T21:54:36Z,2011-09-29T00:55:44Z,381,404,167,1,167,48.3234901428223,-4.83940982818604
B21,hg32-24-11,2011-09-29T11:48:00Z,2011-09-29T13:00:00Z,2011-09-29T11:46:28Z,2011-09-29T13:19:00Z,92,1140,168,1,168,48.3234901428223,-4.83941984176636
B21,hg32-24-11,2011-09-30T11:03:15Z,2011-09-30T12:58:00Z,2011-09-30T11:00:24Z,2011-09-30T12:50:24Z,171,456,169,1,169,48.3234653472901,-4.83949995040893
B21,hg32-24-11,2011-09-30T21:55:15Z,2011-10-01T02:26:00Z,2011-09-30T21:56:24Z,2011-10-01T02:31:52Z,69,352,170,1,170,48.3193562825521,-4.8795599937439
B21,hg32-24-11,2011-10-01T10:16:15Z,2011-10-01T14:11:00Z,2011-10-01T10:21:12Z,2011-10-01T14:15:48Z,297,288,171,1,171,48.319403330485,-4.87936004002889
B21,hg32-24-11,2011-10-02T12:35:15Z,2011-10-02T14:27:00Z,2011-10-02T12:36:48Z,2011-10-02T14:26:52Z,93,8,172,1,172,48.3222338358561,-4.87724653879801
B21,hg32-24-11,2011-10-02T22:57:45Z,2011-10-03T04:12:00Z,2011-10-02T22:58:48Z,2011-10-03T04:11:16Z,63,44,173,1,173,48.3194551467896,-4.87969756126404
B21,hg32-24-11,2011-10-04T08:14:45Z,2011-10-04T13:41:00Z,2011-10-04T08:22:44Z,2011-10-04T13:41:12Z,479,12,174,1,174,48.3178930282593,-4.87907755374909
B21,hg32-24-11,2011-10-04T20:58:45Z,2011-10-05T09:52:00Z,2011-10-04T21:02:24Z,2011-10-05T09:49:56Z,219,124,175,1,175,48.3177926199777,-4.87887007849557
B21,hg32-24-11,2011-10-06T06:52:30Z,2011-10-06T08:00:00Z,2011-10-06T06:52:12Z,2011-10-06T08:02:24Z,18,144,176,1,176,48.317798614502,-4.87884998321533
B21,hg32-24-11,2011-10-06T16:01:15Z,2011-10-06T19:26:00Z,2011-10-06T15:33:44Z,2011-10-06T19:28:24Z,1651,144,177,1,177,48.3183284714818,-4.87820246610795
B21,hg32-24-11,2011-10-08T04:58:15Z,2011-10-08T09:17:00Z,2011-10-08T04:55:48Z,2011-10-08T09:19:12Z,147,132,178,1,178,48.3189341227214,-4.87737671534221
B21,hg32-24-11,2011-10-08T11:21:00Z,2011-10-08T11:51:00Z,2011-10-08T11:21:12Z,2011-10-08T12:05:12Z,12,852,179,1,179,48.3185997009277,-4.87774991989136
B21,hg32-24-11,2011-10-08T18:30:45Z,2011-10-08T23:39:00Z,2011-10-08T18:26:08Z,2011-10-08T23:36:08Z,277,172,180,1,180,48.3188457489014,-4.87734985351563
B21,hg32-24-11,2011-10-09T03:42:45Z,2011-10-09T11:51:00Z,2011-10-09T03:41:52Z,2011-10-09T11:55:24Z,53,264,181,1,181,48.3189649581909,-4.87759506702423
B21,hg32-24-11,2011-10-09T18:17:45Z,2011-10-10T00:26:00Z,2011-10-09T18:19:08Z,2011-10-10T00:27:36Z,83,96,182,1,182,48.3188598632813,-4.87748003005981
B21,hg32-24-11,2011-10-10T04:07:15Z,2011-10-10T08:14:00Z,2011-10-10T04:05:16Z,2011-10-10T08:15:24Z,119,84,183,1,183,48.3190803527832,-4.87788009643555
B21,hg32-24-11,2011-10-10T20:10:15Z,2011-10-10T22:02:00Z,2011-10-10T20:12:08Z,2011-10-10T21:57:20Z,113,280,184,1,184,48.3192901611328,-4.87715744972229
B21,hg32-24-11,2011-10-11T05:16:15Z,2011-10-11T07:38:00Z,2011-10-11T04:50:40Z,2011-10-11T07:42:52Z,1535,292,185,1,185,48.3189754486084,-4.87752509117126
B21,hg32-24-11,2011-10-11T08:15:15Z,2011-10-11T12:37:00Z,2011-10-11T08:13:08Z,2011-10-11T12:43:40Z,127,400,186,1,186,48.3188896179199,-4.87734985351563
B21,hg32-24-11,2011-10-11T18:53:00Z,2011-10-11T19:05:00Z,2011-10-11T18:54:08Z,2011-10-11T19:06:40Z,68,100,187,1,187,48.3188400268555,-4.87721014022827
B21,hg32-24-11,2011-10-12T07:26:30Z,2011-10-12T08:16:00Z,2011-10-12T07:29:20Z,2011-10-12T08:16:16Z,170,16,188,1,188,48.3188209533691,-4.87728977203369
B21,hg32-24-11,2011-10-12T08:39:15Z,2011-10-12T11:01:00Z,2011-10-12T08:36:16Z,2011-10-12T11:19:44Z,179,1124,189,1,189,48.3222846984863,-4.87713503837585
B21,hg32-24-11,2011-10-12T20:29:15Z,2011-10-13T01:00:00Z,2011-10-12T20:21:12Z,2011-10-13T01:04:20Z,483,260,190,1,190,48.3225345611573,-4.87722492218018
B21,hg32-24-11,2011-10-13T09:49:15Z,2011-10-13T12:26:00Z,2011-10-13T09:52:36Z,2011-10-13T12:31:16Z,201,316,191,1,191,48.3234157562256,-4.83938002586364
B21,hg32-24-11,2011-10-13T22:54:30Z,2011-10-14T00:26:00Z,2011-10-13T22:44:44Z,2011-10-14T00:34:52Z,586,532,192,1,192,48.3232895438954,-4.8394240660471
B21,hg32-24-11,2011-10-14T04:53:15Z,2011-10-14T07:48:00Z,2011-10-14T05:03:28Z,2011-10-14T07:47:44Z,613,16,193,1,193,48.3710746765137,-4.88029003143311
B21,hg32-24-11,2011-10-14T10:45:15Z,2011-10-14T12:40:00Z,2011-10-14T10:43:08Z,2011-10-14T12:43:20Z,127,200,194,1,194,48.3658351898193,-4.87954998016358
B21,hg32-24-11,2011-10-15T08:07:15Z,2011-10-15T09:44:00Z,2011-10-15T08:00:16Z,2011-10-15T09:58:12Z,419,852,195,1,195,48.3222734907915,-4.87724748272354
B21,hg32-24-11,2011-10-15T10:29:00Z,2011-10-15T11:56:00Z,2011-10-15T10:29:24Z,2011-10-15T11:57:00Z,24,60,196,1,196,48.3195304870605,-4.87952995300293
B21,hg32-24-11,2011-10-16T10:58:15Z,2011-10-16T13:38:00Z,2011-10-16T10:56:36Z,2011-10-16T13:39:12Z,99,72,197,1,197,48.3232650756836,-4.83960509300232
B21,hg32-24-11,2011-10-17T13:20:30Z,2011-10-17T14:28:00Z,2011-10-17T13:24:36Z,2011-10-17T14:28:08Z,246,8,198,1,198,48.3714599609375,-4.8781099319458
B21,hg32-24-11,2011-10-17T14:33:45Z,2011-10-18T06:15:00Z,2011-10-17T14:38:08Z,2011-10-18T06:18:12Z,263,192,199,1,199,48.3708975050184,-4.88040113449097
B21,hg32-24-11,2011-10-18T18:42:45Z,2011-10-19T14:00:00Z,2011-10-18T18:42:16Z,2011-10-19T14:34:04Z,29,2044,200,1,200,48.3710110982259,-4.88040330674913
B21,hg32-24-11,2011-10-20T18:59:45Z,2011-10-21T05:20:00Z,2011-10-20T18:55:56Z,2011-10-21T05:25:44Z,229,344,203,1,203,48.3708953857422,-4.88005995750428
B21,hg32-24-11,2011-10-22T05:18:00Z,2011-10-22T06:39:00Z,2011-10-22T05:20:08Z,2011-10-22T06:38:32Z,128,28,204,1,204,48.3193264007568,-4.879390001297
B21,hg32-24-11,2011-10-22T07:41:30Z,2011-10-22T09:13:00Z,2011-10-22T07:41:12Z,2011-10-22T09:14:56Z,18,116,205,1,205,48.3190162658692,-4.8795578956604
B21,hg32-24-11,2011-10-22T14:04:15Z,2011-10-22T15:41:00Z,2011-10-22T14:04:40Z,2011-10-22T15:55:48Z,25,888,206,1,206,48.3191509246827,-4.87958002090454
B21,hg32-24-11,2011-10-22T17:26:15Z,2011-10-22T19:57:00Z,2011-10-22T17:28:56Z,2011-10-22T19:54:56Z,161,124,207,1,207,48.31964747111,-4.8782467842102
B21,hg32-24-11,2011-10-23T05:38:15Z,2011-10-23T09:24:00Z,2011-10-23T05:38:48Z,2011-10-23T09:29:00Z,33,300,208,1,208,48.3198229471842,-4.87855990727743
B21,hg32-24-11,2011-10-24T19:17:15Z,2011-10-24T22:24:00Z,2011-10-24T19:13:20Z,2011-10-24T22:35:08Z,235,668,209,1,209,48.3678607940673,-4.88170504570007
B21,hg32-24-11,2011-10-24T22:54:00Z,2011-10-25T00:15:00Z,2011-10-24T22:56:12Z,2011-10-25T00:19:12Z,132,252,210,1,210,48.3708686828613,-4.88019740581512
B21,hg32-24-11,2011-10-25T00:39:45Z,2011-10-25T07:30:00Z,2011-10-25T00:41:00Z,2011-10-25T07:26:04Z,75,236,211,1,211,48.3700817653111,-4.87972436632429
B21,hg32-24-11,2011-10-25T13:11:15Z,2011-10-25T16:27:00Z,2011-10-25T13:07:56Z,2011-10-25T16:28:40Z,199,100,212,1,212,48.3708095550537,-4.8801498413086
B21,hg32-24-11,2011-10-26T01:35:45Z,2011-10-26T08:20:00Z,2011-10-26T01:40:00Z,2011-10-26T08:21:00Z,255,60,213,1,213,48.3710403442383,-4.8801965713501
B21,hg32-24-11,2011-10-26T09:35:00Z,2011-10-26T10:38:00Z,2011-10-26T09:34:24Z,2011-10-26T10:40:56Z,36,176,214,1,214,48.3658905029297,-4.87962007522583
B21,hg32-24-11,2011-10-26T14:28:00Z,2011-10-26T15:07:00Z,2011-10-26T14:29:40Z,2011-10-26T15:07:40Z,100,40,215,1,215,48.3710098266602,-4.88057994842529
B21,hg32-24-11,2011-10-26T15:23:15Z,2011-10-26T18:18:00Z,2011-10-26T15:18:28Z,2011-10-26T18:16:12Z,287,108,216,1,216,48.3707262674968,-4.88028335571289
B21,hg32-24-11,2011-10-28T02:29:45Z,2011-10-28T08:50:00Z,2011-10-28T02:34:28Z,2011-10-28T08:53:28Z,283,208,217,1,217,48.371145884196,-4.88027000427246
B21,hg32-24-11,2011-10-28T21:40:15Z,2011-10-29T01:17:00Z,2011-10-28T21:39:44Z,2011-10-29T01:09:44Z,31,436,218,1,218,48.3233699798584,-4.83956503868103
B21,hg32-24-11,2011-10-29T23:56:30Z,2011-10-30T00:58:00Z,2011-10-29T23:59:04Z,2011-10-30T01:30:32Z,154,1952,219,1,219,48.3234596252441,-4.83881998062134
B21,hg32-24-11,2011-10-30T02:43:15Z,2011-10-30T05:56:00Z,2011-10-30T02:44:12Z,2011-10-30T06:31:52Z,57,2152,220,1,220,48.370979309082,-4.88005018234253
B21,hg32-24-11,2011-10-30T11:41:15Z,2011-10-30T13:21:00Z,2011-10-30T11:38:56Z,2011-10-30T13:23:08Z,139,128,221,1,221,48.3656883239746,-4.87932014465332
B21,hg32-24-11,2011-10-30T18:10:15Z,2011-10-30T22:56:00Z,2011-10-30T18:11:52Z,2011-10-30T22:53:24Z,97,156,222,1,222,48.3710174560547,-4.88037252426148
B21,hg32-24-11,2011-10-31T00:49:15Z,2011-10-31T02:56:00Z,2011-10-31T00:53:16Z,2011-10-31T03:11:32Z,241,932,223,1,223,48.3713703155517,-4.87809491157532
B21,hg32-24-11,2011-10-31T04:47:45Z,2011-10-31T14:56:00Z,2011-10-31T05:00:32Z,2011-10-31T14:52:40Z,767,200,224,1,224,48.3710823059082,-4.8799690246582
B21,hg32-24-11,2011-11-01T11:52:15Z,2011-11-01T13:32:00Z,2011-11-01T11:51:56Z,2011-11-01T13:32:44Z,19,44,225,1,225,48.371021270752,-4.88012981414795
B21,hg32-24-11,2011-11-01T16:30:45Z,2011-11-02T15:12:00Z,2011-11-01T16:29:20Z,2011-11-02T15:07:08Z,85,292,226,1,226,48.3710046248002,-4.88032908873124
B21,hg32-24-11,2011-11-03T20:57:45Z,2011-11-04T08:15:00Z,2011-11-03T20:54:40Z,2011-11-04T08:20:44Z,185,344,227,1,227,48.3709297180176,-4.88001831372579
B21,hg32-24-11,2011-11-04T21:27:45Z,2011-11-05T09:57:00Z,2011-11-04T21:32:24Z,2011-11-05T09:55:16Z,279,104,228,1,228,48.3710015614827,-4.88037339846293
B21,hg32-24-11,2011-11-07T02:04:45Z,2011-11-07T18:22:00Z,2011-11-07T02:19:16Z,2011-11-07T18:38:00Z,871,960,231,1,231,48.3709367116292,-4.8803083896637
B21,hg32-24-11,2011-11-08T07:21:15Z,2011-11-08T09:34:00Z,2011-11-08T07:19:56Z,2011-11-08T09:46:32Z,79,752,232,1,232,48.31982421875,-4.87886500358582
B21,hg32-24-11,2011-11-08T17:50:45Z,2011-11-08T23:17:00Z,2011-11-08T17:58:04Z,2011-11-08T23:19:08Z,439,128,233,1,233,48.3196792602539,-4.87861013412476
B21,hg32-24-11,2011-11-09T12:47:45Z,2011-11-10T09:05:00Z,2011-11-09T12:50:44Z,2011-11-10T09:07:44Z,179,164,234,1,234,48.3707701943138,-4.88019635460593
B21,hg32-24-11,2011-11-10T12:26:45Z,2011-11-10T18:53:00Z,2011-11-10T12:26:44Z,2011-11-10T19:23:12Z,1,1812,235,1,235,48.3709201812744,-4.88046002388
B21,hg32-24-11,2011-11-12T01:21:45Z,2011-11-12T13:27:00Z,2011-11-12T00:46:16Z,2011-11-12T13:29:56Z,2129,176,236,1,236,48.3710536956787,-4.8804083665212
B21,hg32-24-11,2011-11-13T16:36:45Z,2011-11-14T00:21:00Z,2011-11-13T16:33:52Z,2011-11-14T00:21:12Z,173,12,237,1,237,48.3710991995675,-4.88016714368548
B21,hg32-24-11,2011-11-14T04:32:30Z,2011-11-14T04:55:00Z,2011-11-14T04:32:20Z,2011-11-14T04:52:56Z,10,124,238,1,238,48.370849609375,-4.88051009178161
B21,hg32-24-11,2011-11-14T13:59:45Z,2011-11-14T22:38:00Z,2011-11-14T14:02:12Z,2011-11-14T22:37:08Z,147,52,239,1,239,48.3712418874105,-4.88225173950195
B21,hg32-24-11,2011-11-16T10:44:45Z,2011-11-17T05:50:00Z,2011-11-16T10:47:28Z,2011-11-17T05:48:20Z,163,100,240,1,240,48.3714163038466,-4.88234668307834
B21,hg32-24-11,2011-11-17T13:48:30Z,2011-11-17T15:02:00Z,2011-11-17T13:44:28Z,2011-11-17T15:06:28Z,242,268,241,1,241,48.3714730398996,-4.87805134909494
B21,hg32-24-11,2011-11-18T23:57:45Z,2011-11-19T07:06:00Z,2011-11-18T23:55:52Z,2011-11-19T07:08:00Z,113,120,242,1,242,48.3713998794555,-4.88262248039246
B21,hg32-24-11,2011-11-19T08:15:45Z,2011-11-19T18:24:00Z,2011-11-19T08:15:44Z,2011-11-19T18:28:08Z,1,248,243,1,243,48.3709437052409,-4.88003333409627
B21,hg32-24-11,2011-11-20T18:01:15Z,2011-11-20T20:23:00Z,2011-11-20T18:02:04Z,2011-11-20T20:27:40Z,49,280,244,1,244,48.3713550567627,-4.878005027771
B21,hg32-24-11,2011-11-21T02:36:00Z,2011-11-21T02:54:00Z,2011-11-21T02:34:40Z,2011-11-21T02:54:52Z,80,52,245,1,245,48.3712615966797,-4.88270998001099
B21,hg32-24-11,2011-11-21T03:59:45Z,2011-11-21T10:20:00Z,2011-11-21T04:03:56Z,2011-11-21T10:35:00Z,251,900,246,1,246,48.3195788065593,-4.87870995203654
B21,hg32-24-11,2011-11-22T09:57:45Z,2011-11-23T08:03:00Z,2011-11-22T10:07:32Z,2011-11-23T09:00:00Z,587,3420,247,1,247,48.3710124969483,-4.8805419921875
B21,hg32-24-11,2011-11-25T06:33:15Z,2011-11-25T08:25:00Z,2011-11-25T06:32:48Z,2011-11-25T08:22:48Z,27,132,248,1,248,48.3179397583008,-4.87855482101441
B21,hg32-24-11,2011-11-25T08:48:15Z,2011-11-25T11:31:00Z,2011-11-25T08:52:48Z,2011-11-25T11:56:00Z,273,1500,249,1,249,48.3178844451904,-4.87874984741211
B21,hg32-24-11,2011-11-26T09:17:30Z,2011-11-26T10:01:00Z,2011-11-26T09:21:36Z,2011-11-26T10:20:44Z,246,1184,250,1,250,48.3181495666504,-4.87865018844604
B21,hg32-24-11,2011-11-26T14:54:45Z,2011-11-27T00:21:00Z,2011-11-26T14:51:44Z,2011-11-27T00:26:04Z,181,304,251,1,251,48.3712686811175,-4.88024725232805
B21,hg32-24-11,2011-11-27T02:29:30Z,2011-11-27T03:10:00Z,2011-11-27T02:34:04Z,2011-11-27T02:34:04Z,274,2156,252,1,252,48.3708190917969,-4.88022994995117
B21,hg32-24-11,2011-11-28T04:36:45Z,2011-11-28T12:33:00Z,2011-11-28T04:38:40Z,2011-11-28T12:28:56Z,115,244,255,1,255,48.3711528778076,-4.88014256954193
B21,hg32-24-11,2011-11-28T17:05:45Z,2011-11-29T03:56:00Z,2011-11-28T17:10:52Z,2011-11-29T04:02:16Z,307,376,0,1,0,48.3710085550944,-4.88038841883342
B21,hg32-24-11,2011-11-30T00:57:30Z,2011-11-30T02:23:00Z,2011-11-30T00:57:08Z,2011-11-30T02:34:28Z,22,688,1,1,1,48.3177909851074,-4.87874984741211
B21,hg32-24-11,2011-11-30T17:01:45Z,2011-12-01T09:07:00Z,2011-11-30T17:00:52Z,2011-12-01T09:10:16Z,53,196,2,1,2,48.3708966573079,-4.88058662414551
B21,hg32-24-11,2011-12-02T14:59:15Z,2011-12-02T19:30:00Z,2011-12-02T14:59:08Z,2011-12-02T19:32:00Z,7,120,3,1,3,48.3178469340007,-4.87876653671265
B21,hg32-24-11,2011-12-02T23:57:15Z,2011-12-03T01:49:00Z,2011-12-02T23:59:04Z,2011-12-02T23:59:04Z,109,6596,4,1,4,48.3180389404297,-4.87868976593018
B21,hg32-24-11,2011-12-05T01:26:45Z,2011-12-05T11:59:00Z,2011-12-05T01:26:16Z,2011-12-05T11:36:16Z,29,1364,5,1,5,48.3710810343425,-4.88037999471029
B21,hg32-24-11,2011-12-05T22:17:45Z,2011-12-06T16:11:00Z,2011-12-05T22:14:00Z,2011-12-06T16:37:40Z,225,1600,6,1,6,48.3709492153592,-4.88037888209025
B21,hg32-24-11,2011-12-08T01:52:45Z,2011-12-08T23:46:00Z,2011-12-08T01:52:36Z,2011-12-08T23:41:56Z,9,244,7,1,7,48.3708579323509,-4.87998364188454
B21,hg32-24-11,2011-12-09T03:10:00Z,2011-12-09T03:46:00Z,2011-12-09T03:08:08Z,2011-12-09T03:50:08Z,112,248,8,1,8,48.3710708618164,-4.88188982009888
B21,hg32-24-11,2011-12-09T08:38:15Z,2011-12-09T11:00:00Z,2011-12-09T08:38:48Z,2011-12-09T11:03:44Z,33,224,9,1,9,48.3176307678223,-4.87869660059611
B21,hg32-24-11,2011-12-11T00:27:15Z,2011-12-11T02:07:00Z,2011-12-11T00:30:16Z,2011-12-11T02:18:52Z,181,712,10,1,10,48.3179206848145,-4.87880992889404
B21,hg32-24-11,2011-12-11T06:00:15Z,2011-12-11T09:49:00Z,2011-12-11T05:58:36Z,2011-12-11T09:49:36Z,99,36,11,1,11,48.3192990620931,-4.87789996465047
B21,hg32-24-11,2011-12-13T01:29:00Z,2011-12-13T02:17:00Z,2011-12-13T01:28:48Z,2011-12-13T02:29:12Z,12,732,12,1,12,48.3710098266602,-4.88028001785278
B21,hg32-24-11,2011-12-13T03:53:45Z,2011-12-13T08:56:00Z,2011-12-13T02:40:40Z,2011-12-13T08:53:40Z,4385,140,13,1,13,48.3707962036133,-4.88005995750427
B23,hg32-01-11,2011-06-19T00:58:15Z,2011-06-19T02:41:00Z,2011-06-19T01:02:12Z,2011-06-19T02:31:48Z,237,552,0,1,0,48.3670749664306,-4.86031484603881
B23,hg32-01-11,2011-06-19T21:37:15Z,2011-06-20T01:26:00Z,2011-06-19T21:34:52Z,2011-06-20T01:21:28Z,143,272,1,1,1,48.3672332763672,-4.86045372486114
B23,hg32-01-11,2011-06-21T01:03:15Z,2011-06-21T04:22:00Z,2011-06-21T01:04:12Z,2011-06-21T04:17:08Z,57,292,2,1,2,48.3190307617187,-4.87988996505737
B23,hg32-01-11,2011-06-21T22:19:45Z,2011-06-22T05:16:00Z,2011-06-21T22:14:56Z,2011-06-22T05:04:56Z,289,664,3,1,3,48.3191585540771,-4.87990498542785
B23,hg32-01-11,2011-06-23T01:03:15Z,2011-06-23T05:37:00Z,2011-06-23T00:59:20Z,2011-06-23T05:32:56Z,235,244,4,1,4,48.3188959757487,-4.8798999786377
B23,hg32-01-11,2011-06-25T01:56:45Z,2011-06-25T07:47:00Z,2011-06-25T01:55:08Z,2011-06-25T06:55:08Z,97,3112,5,1,5,48.3192901611328,-4.88000011444092
B23,hg32-01-11,2011-06-26T05:13:15Z,2011-06-26T07:23:00Z,2011-06-26T05:14:12Z,2011-06-26T07:22:04Z,57,56,6,1,6,48.3194452921549,-4.87959671020508
B23,hg32-01-11,2011-06-27T04:34:15Z,2011-06-27T06:35:00Z,2011-06-27T04:33:04Z,2011-06-27T06:33:08Z,71,112,7,1,7,48.3188641866048,-4.87982670466105
B23,hg32-01-11,2011-06-27T18:19:15Z,2011-06-27T20:08:00Z,2011-06-27T18:23:32Z,2011-06-27T20:03:32Z,257,268,8,1,8,48.322250366211,-4.87703990936279
B23,hg32-01-11,2011-06-28T07:35:00Z,2011-06-28T08:26:00Z,2011-06-28T07:31:32Z,2011-06-28T08:21:12Z,208,288,9,1,9,48.3221549987793,-4.87704992294312
B23,hg32-01-11,2011-06-29T06:41:15Z,2011-06-29T10:06:00Z,2011-06-29T06:39:28Z,2011-06-29T10:17:32Z,107,692,10,1,10,48.3194942474366,-4.83492493629455
B23,hg32-01-11,2011-06-29T19:05:15Z,2011-06-29T22:39:00Z,2011-06-29T19:06:40Z,2011-06-29T22:38:00Z,85,60,11,1,11,48.3194770812988,-4.83491003513336
B23,hg32-01-11,2011-06-30T07:27:15Z,2011-06-30T09:19:00Z,2011-06-30T07:29:20Z,2011-06-30T09:09:20Z,125,580,12,1,12,48.3221302032471,-4.87733006477356
B23,hg32-01-11,2011-06-30T21:00:15Z,2011-06-30T22:55:00Z,2011-06-30T20:55:20Z,2011-06-30T22:55:20Z,295,20,13,1,13,48.3198356628418,-4.835284948349
B23,hg32-01-11,2011-07-01T08:46:30Z,2011-07-01T09:57:00Z,2011-07-01T08:48:16Z,2011-07-01T10:00:20Z,106,200,14,1,14,48.3233184814453,-4.84089994430542
B23,hg32-01-11,2011-07-01T19:42:15Z,2011-07-01T23:07:00Z,2011-07-01T19:42:20Z,2011-07-01T23:02:20Z,5,280,15,1,15,48.3227971394857,-4.83877992630005
B23,hg32-01-11,2011-07-02T08:30:00Z,2011-07-02T09:03:00Z,2011-07-02T08:29:24Z,2011-07-02T09:01:32Z,36,88,16,1,16,48.3222007751465,-4.87738513946533
B23,hg32-01-11,2011-07-03T09:22:00Z,2011-07-03T10:43:00Z,2011-07-03T09:22:32Z,2011-07-03T10:45:04Z,32,124,17,1,17,48.3222293853759,-4.87727499008179
B23,hg32-01-11,2011-07-04T11:09:15Z,2011-07-04T12:49:00Z,2011-07-04T11:08:40Z,2011-07-04T12:50:56Z,35,116,18,1,18,48.3431205749512,-4.88233995437622
B23,hg32-01-11,2011-07-05T01:18:15Z,2011-07-05T02:55:00Z,2011-07-05T01:22:12Z,2011-07-05T02:56:08Z,237,68,19,1,19,48.319278717041,-4.87900018692017
B23,hg32-01-11,2011-07-07T12:52:15Z,2011-07-07T15:14:00Z,2011-07-07T12:58:08Z,2011-07-07T15:15:04Z,353,64,20,1,20,48.3195190429688,-4.83501505851746
B23,hg32-01-11,2011-07-09T03:47:15Z,2011-07-09T06:24:00Z,2011-07-09T03:45:44Z,2011-07-09T06:28:20Z,91,260,21,1,21,48.3190167744954,-4.87997341156006
B23,hg32-01-11,2011-07-10T04:04:15Z,2011-07-10T06:29:00Z,2011-07-10T04:04:52Z,2011-07-10T06:32:12Z,37,192,22,1,22,48.3235206604004,-4.83941483497619
B23,hg32-01-11,2011-07-11T06:06:30Z,2011-07-11T06:56:00Z,2011-07-11T06:06:00Z,2011-07-11T06:58:04Z,30,124,23,1,23,48.3184204101563,-4.87517023086548
B23,hg32-01-11,2011-07-11T18:35:30Z,2011-07-11T19:46:00Z,2011-07-11T18:37:12Z,2011-07-11T19:46:12Z,102,12,24,1,24,48.3162117004395,-4.87233018875122
B23,hg32-01-11,2011-07-12T05:23:15Z,2011-07-12T09:18:00Z,2011-07-12T05:19:20Z,2011-07-12T09:21:00Z,235,180,25,1,25,48.3230628967285,-4.84087991714477
B23,hg32-01-11,2011-07-12T18:59:15Z,2011-07-12T20:54:00Z,2011-07-12T19:02:40Z,2011-07-12T20:57:24Z,205,204,26,1,26,48.3431243896485,-4.88053989410401
B23,hg32-01-11,2011-07-13T06:20:15Z,2011-07-13T09:48:00Z,2011-07-13T06:23:16Z,2011-07-13T09:43:16Z,181,284,27,1,27,48.3165562947591,-4.87217664718628
B23,hg32-01-11,2011-07-13T18:50:15Z,2011-07-13T21:33:00Z,2011-07-13T18:46:20Z,2011-07-13T21:35:20Z,235,140,28,1,28,48.3220043182373,-4.87724018096924
B23,hg32-01-11,2011-07-14T06:40:00Z,2011-07-14T07:22:00Z,2011-07-14T06:42:08Z,2011-07-14T07:44:48Z,128,1368,29,1,29,48.322681427002,-4.8390998840332
B23,hg32-01-11,2011-07-14T07:47:15Z,2011-07-14T10:24:00Z,2011-07-14T07:44:48Z,2011-07-14T10:19:04Z,147,296,30,1,30,48.3235028584798,-4.8411299387614
B23,hg32-01-11,2011-07-14T20:20:15Z,2011-07-14T23:33:00Z,2011-07-14T20:16:28Z,2011-07-14T23:52:52Z,227,1192,31,1,31,48.323049545288,-4.83935499191284
B23,hg32-01-11,2011-07-15T08:08:30Z,2011-07-15T09:01:00Z,2011-07-15T08:08:52Z,2011-07-15T09:24:32Z,22,1412,32,1,32,48.3232307434082,-4.84125995635986
B23,hg32-01-11,2011-07-16T09:08:15Z,2011-07-16T12:21:00Z,2011-07-16T09:09:16Z,2011-07-16T12:20:56Z,61,4,33,1,33,48.3195927937826,-4.83509651819865
B23,hg32-01-11,2011-07-18T11:15:30Z,2011-07-18T12:38:00Z,2011-07-18T11:14:04Z,2011-07-18T12:37:48Z,86,12,34,1,34,48.3434848785401,-4.88033008575439
B23,hg32-01-11,2011-07-19T11:18:15Z,2011-07-19T13:31:00Z,2011-07-19T11:26:24Z,2011-07-19T13:52:32Z,489,1292,35,1,35,48.3231143951416,-4.83925485610962
B23,hg32-01-11,2011-07-19T23:47:15Z,2011-07-20T02:09:00Z,2011-07-19T23:50:40Z,2011-07-20T02:10:36Z,205,96,36,1,36,48.316385269165,-4.89459490776062
B23,hg32-01-11,2011-07-20T02:26:00Z,2011-07-20T03:23:00Z,2011-07-20T02:21:00Z,2011-07-20T03:21:40Z,300,80,37,1,37,48.3166694641113,-4.89498519897461
B23,hg32-01-11,2011-07-20T12:00:15Z,2011-07-20T13:55:00Z,2011-07-20T12:04:16Z,2011-07-20T13:54:40Z,241,20,38,1,38,48.3166669209798,-4.89491987228394
B23,hg32-01-11,2011-07-22T00:08:45Z,2011-07-22T06:11:00Z,2011-07-22T00:07:44Z,2011-07-22T06:12:04Z,61,64,39,1,39,48.3166294097901,-4.89473009109497
B23,hg32-01-11,2011-07-24T02:15:15Z,2011-07-24T04:55:00Z,2011-07-24T02:17:00Z,2011-07-24T04:54:20Z,105,40,40,1,40,48.3165397644043,-4.89472659428914
B23,hg32-01-11,2011-07-24T12:57:45Z,2011-07-24T18:54:00Z,2011-07-24T13:01:32Z,2011-07-24T19:00:20Z,227,380,41,1,41,48.3168201446533,-4.89479994773865
B23,hg32-01-11,2011-07-26T04:46:15Z,2011-07-26T07:08:00Z,2011-07-26T04:44:48Z,2011-07-26T07:33:44Z,87,1544,42,1,42,48.319185256958,-4.87738990783691
B23,hg32-01-11,2011-07-27T04:59:15Z,2011-07-27T08:45:00Z,2011-07-27T04:57:08Z,2011-07-27T08:54:20Z,127,560,43,1,43,48.3192157745361,-4.87758493423462
B23,hg32-01-11,2011-07-28T19:27:15Z,2011-07-28T22:19:00Z,2011-07-28T19:27:20Z,2011-07-28T22:18:40Z,5,20,46,1,46,48.3232192993164,-4.83947503566742
B23,hg32-01-11,2011-07-29T07:02:15Z,2011-07-29T10:30:00Z,2011-07-29T07:06:36Z,2011-07-29T10:25:44Z,261,256,47,1,47,48.3234011332194,-4.83916997909546
B23,hg32-01-11,2011-07-29T19:39:15Z,2011-07-29T23:04:00Z,2011-07-29T19:41:12Z,2011-07-29T23:01:12Z,117,168,48,1,48,48.3231302897135,-4.83892663319906
B23,hg32-01-11,2011-07-30T07:31:00Z,2011-07-30T08:55:00Z,2011-07-30T07:31:48Z,2011-07-30T08:56:36Z,48,96,49,1,49,48.3221397399902,-4.87711000442505
B23,hg32-01-11,2011-07-30T20:31:15Z,2011-07-30T23:35:00Z,2011-07-30T20:26:40Z,2011-07-30T23:34:04Z,275,56,50,1,50,48.3232860565185,-4.83949494361877
B23,hg32-01-11,2011-07-31T08:15:00Z,2011-07-31T09:00:00Z,2011-07-31T08:18:56Z,2011-07-31T09:13:36Z,236,816,51,1,51,48.3233299255371,-4.83942985534668
B23,hg32-01-11,2011-07-31T09:35:30Z,2011-07-31T10:22:00Z,2011-07-31T09:35:28Z,2011-07-31T10:24:04Z,2,124,52,1,52,48.3230895996094,-4.83903980255127
B23,hg32-01-11,2011-07-31T20:50:15Z,2011-08-01T00:30:00Z,2011-07-31T20:53:40Z,2011-08-01T00:31:28Z,205,88,53,1,53,48.3231410980224,-4.83886981010438
B23,hg32-01-11,2011-08-01T09:38:30Z,2011-08-01T10:04:00Z,2011-08-01T09:35:32Z,2011-08-01T10:06:32Z,178,152,54,1,54,48.3222198486328,-4.87704992294312
B23,hg32-01-11,2011-08-01T10:19:15Z,2011-08-01T12:23:00Z,2011-08-01T10:16:32Z,2011-08-01T12:21:44Z,163,76,55,1,55,48.3219159444173,-4.87780332565308
B23,hg32-01-11,2011-08-05T00:29:15Z,2011-08-05T03:51:00Z,2011-08-05T00:38:20Z,2011-08-05T03:53:40Z,545,160,59,1,59,48.3172492980957,-4.89495992660522
B23,hg32-01-11,2011-08-06T14:36:30Z,2011-08-06T15:32:00Z,2011-08-06T15:31:28Z,2011-08-06T15:31:28Z,3298,32,61,1,61,48.3232002258301,-4.83905982971191
B23,hg32-01-11,2011-08-09T05:36:00Z,2011-08-09T06:36:00Z,2011-08-09T05:40:04Z,2011-08-09T07:19:28Z,244,2608,62,1,62,48.3232612609863,-4.83882999420166
B23,hg32-01-11,2011-08-09T19:12:30Z,2011-08-09T19:59:00Z,2011-08-09T19:09:08Z,2011-08-09T20:00:04Z,202,64,63,1,63,48.3231579695697,-4.83896397202443
B23,hg32-01-11,2011-08-10T05:02:15Z,2011-08-10T09:12:00Z,2011-08-10T05:04:52Z,2011-08-10T08:24:52Z,157,2828,64,1,64,48.3167864481608,-4.8945066134135
B23,hg32-01-11,2011-08-10T17:28:15Z,2011-08-10T21:56:00Z,2011-08-10T17:34:04Z,2011-08-10T21:58:28Z,349,148,65,1,65,48.3166999816895,-4.8942699432373
B23,hg32-01-11,2011-08-11T07:06:15Z,2011-08-11T09:01:00Z,2011-08-11T07:08:08Z,2011-08-11T09:01:24Z,113,24,66,1,66,48.3165245056152,-4.89430499076843
B23,hg32-01-11,2011-08-11T20:04:15Z,2011-08-11T21:44:00Z,2011-08-11T20:08:00Z,2011-08-11T21:42:32Z,225,88,67,1,67,48.3165264129639,-4.89437508583069
B23,hg32-01-11,2011-08-12T07:09:15Z,2011-08-12T10:46:00Z,2011-08-12T07:14:08Z,2011-08-12T10:50:28Z,293,268,68,1,68,48.3233706156413,-4.83956336975098
B23,hg32-01-11,2011-08-13T08:02:15Z,2011-08-13T11:30:00Z,2011-08-13T08:07:12Z,2011-08-13T12:20:04Z,297,3004,69,1,69,48.3221855163574,-4.87709498405457
B23,hg32-01-11,2011-08-13T21:32:15Z,2011-08-13T23:57:00Z,2011-08-13T21:31:36Z,2011-08-13T23:56:04Z,39,56,70,1,70,48.3161392211914,-4.89444335301717
B23,hg32-01-11,2011-08-14T07:59:15Z,2011-08-14T11:48:00Z,2011-08-14T08:05:16Z,2011-08-14T11:43:16Z,361,284,71,1,71,48.3167877197265,-4.89427232742309
B23,hg32-01-11,2011-08-15T10:01:15Z,2011-08-15T11:44:00Z,2011-08-15T09:56:24Z,2011-08-15T11:43:04Z,291,56,72,1,72,48.3350849151611,-4.84453988075257
B23,hg32-01-11,2011-08-18T09:17:45Z,2011-08-18T14:26:00Z,2011-08-18T09:18:20Z,2011-08-18T14:33:04Z,35,424,73,1,73,48.3231039047241,-4.83947503566742
B23,hg32-01-11,2011-08-19T00:32:30Z,2011-08-19T01:52:00Z,2011-08-19T00:27:44Z,2011-08-19T01:54:44Z,286,164,74,1,74,48.3107681274414,-4.86686992645264
B23,hg32-01-11,2011-08-20T13:07:00Z,2011-08-20T14:13:00Z,2011-08-20T13:06:20Z,2011-08-20T14:27:00Z,40,840,75,1,75,48.3225593566895,-4.87538003921509
B23,hg32-01-11,2011-08-22T02:41:30Z,2011-08-22T03:49:00Z,2011-08-22T02:39:52Z,2011-08-22T04:10:24Z,98,1284,76,1,76,48.3161697387695,-4.89483976364136
B23,hg32-01-11,2011-08-23T02:04:15Z,2011-08-23T05:05:00Z,2011-08-23T02:05:36Z,2011-08-23T05:04:24Z,81,36,77,1,77,48.323304494222,-4.83958339691162
B23,hg32-01-11,2011-08-23T11:55:30Z,2011-08-23T13:18:00Z,2011-08-23T11:56:56Z,2011-08-23T13:33:28Z,86,928,78,1,78,48.3677597045898,-4.86088991165161
B23,hg32-01-11,2011-08-23T13:33:15Z,2011-08-23T15:19:00Z,2011-08-23T13:33:28Z,2011-08-23T15:24:16Z,13,316,79,1,79,48.3678493499756,-4.86063504219055
B23,hg32-01-11,2011-08-24T01:36:45Z,2011-08-24T08:03:00Z,2011-08-24T01:40:20Z,2011-08-24T08:04:04Z,215,64,80,1,80,48.367743174235,-4.8606333732605
B23,hg32-01-11,2011-08-26T03:52:00Z,2011-08-26T05:07:00Z,2011-08-26T03:48:52Z,2011-08-26T05:38:08Z,188,1868,84,1,84,48.3180885314941,-4.87903022766113
B23,hg32-01-11,2011-08-27T03:47:15Z,2011-08-27T06:30:00Z,2011-08-27T03:43:48Z,2011-08-27T06:26:16Z,207,224,85,1,85,48.3180999755859,-4.87894646326701
B23,hg32-01-11,2011-08-27T19:45:15Z,2011-08-27T22:34:00Z,2011-08-27T19:43:52Z,2011-08-27T22:34:08Z,83,8,86,1,86,48.3224487304688,-4.87696981430054
B23,hg32-01-11,2011-08-28T07:10:15Z,2011-08-28T10:35:00Z,2011-08-28T07:07:20Z,2011-08-28T10:39:52Z,175,292,87,1,87,48.3219731648763,-4.87733999888102
B23,hg32-01-11,2011-08-28T19:34:15Z,2011-08-28T21:38:00Z,2011-08-28T19:32:04Z,2011-08-28T21:37:16Z,131,44,88,1,88,48.3221130371094,-4.8771800994873
B23,hg32-01-11,2011-08-29T07:39:30Z,2011-08-29T09:14:00Z,2011-08-29T07:43:32Z,2011-08-29T09:10:04Z,242,236,89,1,89,48.3219242095947,-4.87738013267517
B23,hg32-01-11,2011-08-29T09:39:00Z,2011-08-29T09:51:00Z,2011-08-29T09:40:12Z,2011-08-29T09:52:16Z,72,76,90,1,90,48.3226089477539,-4.87700986862183
B23,hg32-01-11,2011-08-29T20:44:15Z,2011-08-30T00:03:00Z,2011-08-29T20:43:44Z,2011-08-30T00:03:04Z,31,4,91,1,91,48.3106861114502,-4.86640477180481
B23,hg32-01-11,2011-08-30T08:50:30Z,2011-08-30T09:13:00Z,2011-08-30T08:49:52Z,2011-08-30T09:15:08Z,38,128,92,1,92,48.3232917785645,-4.84110021591187
B23,hg32-01-11,2011-08-30T09:17:00Z,2011-08-30T09:53:00Z,2011-08-30T09:15:08Z,2011-08-30T09:58:24Z,112,324,93,1,93,48.3231887817383,-4.83889007568359
B23,hg32-01-11,2011-08-31T10:02:15Z,2011-08-31T12:21:00Z,2011-08-31T10:03:16Z,2011-08-31T12:21:56Z,61,56,94,1,94,48.3219528198242,-4.87741343180339
B23,hg32-01-11,2011-09-01T08:49:15Z,2011-09-01T11:11:00Z,2011-09-01T08:50:12Z,2011-09-01T11:10:12Z,57,48,95,1,95,48.3200197219849,-4.83578503131867
B23,hg32-01-11,2011-09-01T11:49:00Z,2011-09-01T12:49:00Z,2011-09-01T11:50:32Z,2011-09-01T12:49:08Z,92,8,96,1,96,48.3232498168945,-4.83867979049683
B23,hg32-01-11,2011-09-03T10:29:15Z,2011-09-03T15:12:00Z,2011-09-03T10:24:44Z,2011-09-03T15:14:44Z,271,164,97,1,97,48.3198089599609,-4.83516502380371
B23,hg32-01-11,2011-09-05T06:46:30Z,2011-09-05T07:30:00Z,2011-09-05T06:48:24Z,2011-09-05T07:30:16Z,114,16,98,1,98,48.3180694580078,-4.87913990020752
B23,hg32-01-11,2011-09-06T05:09:15Z,2011-09-06T09:19:00Z,2011-09-06T05:10:12Z,2011-09-06T09:20:16Z,57,76,99,1,99,48.3180033365885,-4.87915325164795
B23,hg32-01-11,2011-09-06T11:47:45Z,2011-09-06T23:05:00Z,2011-09-06T11:42:48Z,2011-09-06T23:02:20Z,297,160,100,1,100,48.3178558349609,-4.87927423204694
B23,hg32-01-11,2011-09-07T03:41:45Z,2011-09-07T10:08:00Z,2011-09-07T03:40:12Z,2011-09-07T10:06:16Z,93,104,101,1,101,48.3178604125977,-4.87895803451538
B23,hg32-01-11,2011-09-07T14:23:45Z,2011-09-07T22:56:00Z,2011-09-07T14:24:48Z,2011-09-07T23:01:48Z,63,348,102,1,102,48.317852973938,-4.87947249412537
B23,hg32-01-11,2011-09-09T06:08:15Z,2011-09-09T09:18:00Z,2011-09-09T06:14:48Z,2011-09-09T10:20:52Z,393,3772,103,1,103,48.3193702697754,-4.87998008728027
B23,hg32-01-11,2011-09-10T06:09:15Z,2011-09-10T10:01:00Z,2011-09-10T06:06:32Z,2011-09-10T10:02:44Z,163,104,104,1,104,48.3192958831787,-4.87968993186951
B23,hg32-01-11,2011-09-11T06:16:00Z,2011-09-11T07:40:00Z,2011-09-11T06:11:36Z,2011-09-11T07:39:12Z,264,48,105,1,105,48.3178558349609,-4.87953495979309
B23,hg32-01-11,2011-09-12T08:25:15Z,2011-09-12T11:41:00Z,2011-09-12T08:20:16Z,2011-09-12T12:22:44Z,299,2504,106,1,106,48.3234233856201,-4.83935499191284
B23,hg32-01-11,2011-09-13T07:44:30Z,2011-09-13T08:28:00Z,2011-09-13T07:43:56Z,2011-09-13T08:29:52Z,34,112,107,1,107,48.3179893493652,-4.87898015975952
B23,hg32-01-11,2011-09-13T19:03:15Z,2011-09-13T22:28:00Z,2011-09-13T19:01:48Z,2011-09-13T22:29:20Z,87,80,108,1,108,48.3178386688233,-4.87923502922058
B23,hg32-01-11,2011-09-14T09:00:00Z,2011-09-14T10:27:00Z,2011-09-14T08:59:12Z,2011-09-14T10:28:48Z,48,108,109,1,109,48.3219985961914,-4.87740993499756
B23,hg32-01-11,2011-09-15T11:12:00Z,2011-09-15T11:57:00Z,2011-09-15T11:15:28Z,2011-09-15T12:21:24Z,208,1464,110,1,110,48.3430595397949,-4.88259983062744
B23,hg32-01-11,2011-09-15T21:49:15Z,2011-09-16T01:50:00Z,2011-09-15T21:52:52Z,2011-09-16T01:47:04Z,217,176,111,1,111,48.3162670135498,-4.89458000659942
B23,hg32-01-11,2011-09-16T09:42:15Z,2011-09-16T13:46:00Z,2011-09-16T09:44:52Z,2011-09-16T13:47:28Z,157,88,112,1,112,48.3167826334635,-4.89429998397827
B23,hg32-01-11,2011-09-19T08:43:15Z,2011-09-19T13:08:00Z,2011-09-19T08:41:36Z,2011-09-19T13:07:12Z,99,48,113,1,113,48.3178777694702,-4.87931501865387
B23,hg32-01-11,2011-09-20T08:55:45Z,2011-09-20T14:10:00Z,2011-09-20T08:54:44Z,2011-09-20T12:24:44Z,61,6316,114,1,114,48.3180109659831,-4.87942330042521
B23,hg32-01-11,2011-09-21T02:38:45Z,2011-09-21T08:41:00Z,2011-09-21T02:42:00Z,2011-09-21T08:55:00Z,195,840,115,1,115,48.3179454803467,-4.87807238101959
B23,hg32-01-11,2011-09-22T03:04:45Z,2011-09-22T08:19:00Z,2011-09-22T03:09:20Z,2011-09-22T08:21:16Z,275,136,116,1,116,48.3179270426432,-4.87923018137614
B23,hg32-01-11,2011-09-23T06:13:15Z,2011-09-23T08:41:00Z,2011-09-23T06:17:20Z,2011-09-23T08:40:08Z,245,52,117,1,117,48.3191528320312,-4.87994003295898
B23,hg32-01-11,2011-09-24T02:58:15Z,2011-09-24T04:47:00Z,2011-09-24T03:05:24Z,2011-09-24T04:45:04Z,429,116,118,1,118,48.3193302154541,-4.88007998466492
B23,hg32-01-11,2011-09-24T05:46:15Z,2011-09-24T09:32:00Z,2011-09-24T05:45:56Z,2011-09-24T09:33:20Z,19,80,119,1,119,48.3225657145182,-4.87742328643799
B23,hg32-01-11,2011-09-26T07:07:15Z,2011-09-26T09:32:00Z,2011-09-26T07:13:04Z,2011-09-26T09:43:12Z,349,672,120,1,120,48.3167610168457,-4.89463496208191
B23,hg32-01-11,2011-09-26T18:45:15Z,2011-09-26T22:55:00Z,2011-09-26T18:47:36Z,2011-09-26T22:57:32Z,141,152,121,1,121,48.3168601989746,-4.89471006393433
B23,hg32-01-11,2011-09-27T06:40:45Z,2011-09-27T11:37:00Z,2011-09-27T06:44:24Z,2011-09-27T11:40:48Z,219,228,122,1,122,48.3196060180664,-4.87899398803711
B23,hg32-01-11,2011-09-27T19:32:45Z,2011-09-28T00:53:00Z,2011-09-27T19:35:16Z,2011-09-28T00:52:40Z,151,20,123,1,123,48.3169898986816,-4.89476239681244
B23,hg32-01-11,2011-09-28T08:52:30Z,2011-09-28T10:21:00Z,2011-09-28T08:53:28Z,2011-09-28T10:23:04Z,58,124,124,1,124,48.3194999694824,-4.87962007522583
B23,hg32-01-11,2011-09-28T19:56:45Z,2011-09-29T00:59:00Z,2011-09-28T19:58:24Z,2011-09-29T01:11:22Z,99,742,125,1,125,48.3171072006226,-4.89494490623474
B23,hg32-01-11,2011-10-01T10:07:00Z,2011-10-01T10:28:00Z,2011-10-01T10:10:08Z,2011-10-01T10:41:08Z,188,788,128,1,128,48.3167915344238,-4.89443016052246
B23,hg32-01-11,2011-10-01T11:08:15Z,2011-10-01T14:03:00Z,2011-10-01T11:08:08Z,2011-10-01T14:11:20Z,7,500,129,1,129,48.3171195983886,-4.89497995376587
B23,hg32-01-11,2011-10-02T22:12:45Z,2011-10-03T04:51:00Z,2011-10-02T22:11:40Z,2011-10-03T05:31:40Z,65,2440,130,1,130,48.3166646957398,-4.89450263977051
B23,hg32-01-11,2011-10-03T13:08:15Z,2011-10-03T15:42:00Z,2011-10-03T13:13:36Z,2011-10-03T16:19:16Z,321,2236,131,1,131,48.3222045898438,-4.87705492973328
B23,hg32-01-11,2011-10-04T03:55:15Z,2011-10-04T07:53:00Z,2011-10-04T03:58:20Z,2011-10-04T07:51:24Z,185,96,132,1,132,48.3179750442505,-4.87901997566223
B23,hg32-01-11,2011-10-04T12:39:45Z,2011-10-05T10:09:00Z,2011-10-04T12:35:32Z,2011-10-05T10:10:16Z,253,76,133,1,133,48.3178017934163,-4.87893660863241
B23,hg32-01-11,2011-10-07T04:46:15Z,2011-10-07T06:44:00Z,2011-10-07T04:43:16Z,2011-10-07T06:43:36Z,179,24,134,1,134,48.3180160522461,-4.87856006622314
B23,hg32-01-11,2011-10-07T06:47:15Z,2011-10-07T09:06:00Z,2011-10-07T06:43:36Z,2011-10-07T09:08:12Z,219,132,135,1,135,48.318775177002,-4.8772201538086
B23,hg32-01-11,2011-10-08T18:25:00Z,2011-10-08T18:55:00Z,2011-10-08T18:32:44Z,2011-10-08T18:49:32Z,464,328,136,1,136,48.4160251617431,-4.99633002281189
B23,hg32-01-11,2011-10-09T23:53:45Z,2011-10-10T09:08:00Z,2011-10-09T23:56:08Z,2011-10-10T09:03:44Z,143,256,137,1,137,48.3190795898438,-4.87763996124268
B23,hg32-01-11,2011-10-10T19:52:15Z,2011-10-10T23:02:00Z,2011-10-10T19:56:48Z,2011-10-10T23:15:20Z,273,800,138,1,138,48.3224697113037,-4.87721991539001
B23,hg32-01-11,2011-10-11T07:39:15Z,2011-10-11T11:16:00Z,2011-10-11T07:46:44Z,2011-10-11T11:06:44Z,449,556,139,1,139,48.3222262064616,-4.8773299853007
B23,hg32-01-11,2011-10-13T08:20:15Z,2011-10-13T12:36:00Z,2011-10-13T08:19:48Z,2011-10-13T12:36:48Z,27,48,142,1,142,48.3680686950683,-4.86639340718587
B23,hg32-01-11,2011-10-13T21:56:15Z,2011-10-14T00:36:00Z,2011-10-13T21:57:32Z,2011-10-14T00:32:56Z,77,184,143,1,143,48.3611669540405,-4.88167262077331
B23,hg32-01-11,2011-10-14T09:53:30Z,2011-10-14T10:10:00Z,2011-10-14T09:57:44Z,2011-10-14T09:57:44Z,254,736,144,1,144,48.343391418457,-4.88107013702393
B23,hg32-01-11,2011-10-14T11:22:00Z,2011-10-14T12:46:00Z,2011-10-14T11:21:44Z,2011-10-14T12:45:12Z,16,48,145,1,145,48.3372783660889,-4.8575348854065
B23,hg32-01-11,2011-10-17T10:27:00Z,2011-10-17T11:21:00Z,2011-10-17T10:31:32Z,2011-10-17T11:24:00Z,272,180,148,1,148,48.4140853881836,-5.00244998931884
B23,hg32-01-11,2011-10-20T21:39:45Z,2011-10-21T06:12:00Z,2011-10-20T21:33:36Z,2011-10-21T06:15:00Z,369,180,149,1,149,48.3677757263184,-4.86554403305054
B23,hg32-01-11,2011-10-21T13:55:00Z,2011-10-21T14:28:00Z,2011-10-21T13:50:48Z,2011-10-21T14:00:48Z,252,1632,150,1,150,48.3679313659668,-4.86613988876343
B23,hg32-01-11,2011-10-22T06:59:30Z,2011-10-22T08:31:00Z,2011-10-22T06:55:36Z,2011-10-22T08:43:08Z,234,728,151,1,151,48.319580078125,-4.87969017028809
B23,hg32-01-11,2011-10-22T17:44:15Z,2011-10-22T22:09:00Z,2011-10-22T17:37:32Z,2011-10-22T22:10:28Z,403,88,152,1,152,48.319450378418,-4.87972497940063
B23,hg32-01-11,2011-10-23T06:03:15Z,2011-10-23T09:40:00Z,2011-10-23T05:59:56Z,2011-10-23T09:45:16Z,199,316,153,1,153,48.3193041483561,-4.88010009129842
B23,hg32-01-11,2011-10-24T16:31:45Z,2011-10-24T22:46:00Z,2011-10-24T16:31:08Z,2011-10-24T20:01:08Z,37,9892,156,1,156,48.3179416656494,-4.87928509712219
B23,hg32-01-11,2011-10-25T05:16:15Z,2011-10-25T07:59:00Z,2011-10-25T05:17:16Z,2011-10-25T08:01:20Z,61,140,157,1,157,48.3178348541259,-4.87880992889404
B23,hg32-01-11,2011-10-25T11:27:30Z,2011-10-25T11:44:00Z,2011-10-25T11:36:20Z,2011-10-25T11:46:32Z,530,152,158,1,158,48.3179893493652,-4.87937021255493
B23,hg32-01-11,2011-10-25T18:35:15Z,2011-10-25T23:00:00Z,2011-10-25T18:36:40Z,2011-10-25T23:02:24Z,85,144,159,1,159,48.3177242279053,-4.87872004508972
B23,hg32-01-11,2011-10-26T05:38:45Z,2011-10-26T12:47:00Z,2011-10-26T05:42:16Z,2011-10-26T12:53:24Z,211,384,160,1,160,48.3178946177165,-4.87896331151326
B23,hg32-01-11,2011-11-02T06:57:15Z,2011-11-02T08:37:00Z,2011-11-02T06:42:40Z,2011-11-02T08:49:08Z,875,728,161,1,161,51.7348785400391,-5.25165987014771
B23,hg32-01-11,2011-11-03T18:04:15Z,2011-11-03T20:26:00Z,2011-11-03T18:10:04Z,2011-11-03T19:50:04Z,349,2156,162,1,162,51.7359142303467,-5.27061510086059
B23,hg32-01-11,2011-11-04T01:11:45Z,2011-11-04T07:08:00Z,2011-11-04T01:08:00Z,2011-11-04T07:23:28Z,225,928,163,1,163,51.866439172744,-5.32196556189403
B23,hg32-01-11,2011-11-04T19:09:30Z,2011-11-04T19:50:00Z,2011-11-04T19:07:28Z,2011-11-04T20:12:12Z,122,1332,164,1,164,51.8701447232508,-5.33116636585671
B23,hg32-01-11,2011-11-04T22:01:15Z,2011-11-05T01:26:00Z,2011-11-04T21:34:28Z,2011-11-05T01:58:28Z,1607,1948,165,1,165,51.8839351640804,-5.33678541249659
B23,hg32-01-11,2011-11-05T16:29:45Z,2011-11-06T05:47:00Z,2011-11-05T16:26:08Z,2011-11-06T05:56:56Z,217,596,166,1,166,51.8693664550781,-5.3419098854065
B23,hg32-01-11,2011-11-06T23:34:30Z,2011-11-07T00:24:00Z,2011-11-06T23:37:28Z,2011-11-07T00:54:48Z,178,1848,167,1,167,51.8668403625488,-5.34582996368408
B23,hg32-01-11,2011-11-07T01:24:45Z,2011-11-07T09:03:00Z,2011-11-07T00:54:48Z,2011-11-07T09:06:56Z,1797,236,168,1,168,51.8712005615235,-5.3468599319458
B23,hg32-01-11,2011-11-08T16:37:00Z,2011-11-08T17:22:00Z,2011-11-08T16:36:00Z,2011-11-08T17:17:20Z,60,280,169,1,169,52.7515707015991,-4.79540514945984
B23,hg32-01-11,2011-11-11T03:54:15Z,2011-11-11T06:52:00Z,2011-11-11T03:50:00Z,2011-11-11T06:44:32Z,255,448,170,1,170,54.0172843933105,-6.08988499641418
B23,hg32-01-11,2011-11-12T23:56:15Z,2011-11-13T04:27:00Z,2011-11-13T00:00:00Z,2011-11-13T04:25:12Z,225,108,171,1,171,53.4003537495931,-6.06100336710612
B23,hg32-01-11,2011-11-13T05:53:00Z,2011-11-13T06:05:00Z,2011-11-13T05:58:56Z,2011-11-13T05:58:56Z,356,364,172,1,172,53.4016799926758,-6.05980014801025
B23,hg32-01-11,2011-11-13T14:10:30Z,2011-11-13T15:09:00Z,2011-11-13T13:36:56Z,2011-11-13T15:11:24Z,2014,144,173,1,173,53.4003791809082,-6.06107997894287
B23,hg32-01-11,2011-11-13T19:45:15Z,2011-11-13T22:49:00Z,2011-11-13T19:50:12Z,2011-11-13T22:50:40Z,297,100,174,1,174,53.2735958099366,-6.08534002304078
B23,hg32-01-11,2011-11-14T02:43:45Z,2011-11-14T08:52:00Z,2011-11-14T02:41:36Z,2011-11-14T08:54:20Z,129,140,175,1,175,53.2735195159912,-6.08448243141175
B23,hg32-01-11,2011-11-14T22:56:00Z,2011-11-14T23:08:00Z,2011-11-14T22:57:12Z,2011-11-14T23:08:32Z,72,32,176,1,176,52.9722290039063,-6.00788021087646
B23,hg32-01-11,2011-11-14T23:27:15Z,2011-11-15T01:22:00Z,2011-11-14T23:29:28Z,2011-11-15T01:19:28Z,133,152,177,1,177,52.9724006652832,-6.00773000717163
B23,hg32-01-11,2011-11-15T01:27:45Z,2011-11-15T06:30:00Z,2011-11-15T01:29:28Z,2011-11-15T06:29:04Z,103,56,178,1,178,52.972173055013,-6.00769662857056
B23,hg32-01-11,2011-11-15T10:51:30Z,2011-11-15T11:29:00Z,2011-11-15T10:54:40Z,2011-11-15T11:53:36Z,190,1476,179,1,179,52.9721794128418,-6.00774002075195
B23,hg32-01-11,2011-11-15T18:12:45Z,2011-11-16T14:30:00Z,2011-11-15T18:19:08Z,2011-11-16T14:19:08Z,383,652,180,1,180,52.9721632003784,-6.00768756866455
B23,hg32-01-11,2011-11-17T03:19:15Z,2011-11-17T07:38:00Z,2011-11-17T03:17:16Z,2011-11-17T07:37:24Z,119,36,181,1,181,52.8626871109009,-6.05960750579834
B23,hg32-01-11,2011-11-18T18:22:30Z,2011-11-18T18:51:00Z,2011-11-18T18:30:36Z,2011-11-18T18:52:04Z,486,64,182,1,182,52.118148803711,-6.623459815979
B23,hg32-01-11,2011-11-18T18:55:45Z,2011-11-19T10:13:00Z,2011-11-18T18:52:04Z,2011-11-19T10:15:32Z,221,152,183,1,183,52.1181631088257,-6.62304997444153
B23,hg32-01-11,2011-11-19T16:57:00Z,2011-11-19T17:45:00Z,2011-11-19T16:53:56Z,2011-11-19T17:44:24Z,184,36,184,1,184,52.119059753418,-6.62212209701538
B23,hg32-01-11,2011-11-19T18:54:45Z,2011-11-20T01:33:00Z,2011-11-19T18:51:32Z,2011-11-20T01:34:32Z,193,92,185,1,185,52.11994043986,-6.61557674407959
B23,hg32-01-11,2011-11-20T04:40:45Z,2011-11-20T10:49:00Z,2011-11-20T04:43:20Z,2011-11-20T10:51:08Z,155,128,186,1,186,52.1189735412598,-6.62187404632568
B23,hg32-01-11,2011-11-23T21:13:15Z,2011-11-23T23:05:00Z,2011-11-23T21:09:04Z,2011-11-23T23:09:20Z,251,260,187,1,187,50.0548305511474,-5.70149993896484
B23,hg32-01-11,2011-11-24T05:49:15Z,2011-11-24T08:23:00Z,2011-11-24T05:48:00Z,2011-11-24T08:23:16Z,75,16,188,1,188,50.0822162628174,-5.5332350730896
B23,hg32-01-11,2011-11-24T09:04:15Z,2011-11-24T10:53:00Z,2011-11-24T09:06:16Z,2011-11-24T10:46:16Z,121,404,189,1,189,50.082504272461,-5.53241491317749
B23,hg32-01-11,2011-11-26T22:43:15Z,2011-11-27T03:26:00Z,2011-11-26T22:43:32Z,2011-11-27T03:28:20Z,17,140,190,1,190,48.8623332977295,-3.02317500114441
B23,hg32-01-11,2011-11-28T00:21:15Z,2011-11-28T02:31:00Z,2011-11-28T00:18:00Z,2011-11-28T02:08:00Z,195,1380,191,1,191,48.8752803802491,-3.50226998329163
B23,hg32-01-11,2011-11-28T03:26:30Z,2011-11-28T03:46:00Z,2011-11-28T03:23:00Z,2011-11-28T03:47:44Z,210,104,192,1,192,48.8759689331055,-3.50481009483337
B23,hg32-01-11,2011-11-28T11:21:15Z,2011-11-28T14:52:00Z,2011-11-28T11:21:24Z,2011-11-28T14:51:24Z,9,36,193,1,193,48.8982849121094,-3.43478671709697
B23,hg32-01-11,2011-11-30T07:23:45Z,2011-11-30T20:41:00Z,2011-11-30T07:23:00Z,2011-11-30T20:40:28Z,45,32,194,1,194,48.3709368024554,-4.88071714128767
B23,hg32-01-11,2011-12-02T12:28:45Z,2011-12-02T18:19:00Z,2011-12-02T12:38:44Z,2011-12-02T17:38:44Z,599,2416,197,1,197,48.31773630778,-4.87889337539673
B23,hg32-01-11,2011-12-03T07:26:15Z,2011-12-03T10:27:00Z,2011-12-03T07:21:56Z,2011-12-03T10:22:24Z,259,276,198,1,198,48.3711433410644,-4.88139002663749
B23,hg32-01-11,2011-12-03T10:40:00Z,2011-12-03T10:52:00Z,2011-12-03T10:42:52Z,2011-12-03T10:52:52Z,172,52,199,1,199,48.3708686828613,-4.88065004348755
B23,hg32-01-11,2011-12-05T09:28:00Z,2011-12-05T09:52:00Z,2011-12-05T09:27:12Z,2011-12-05T09:48:04Z,48,236,202,1,202,48.318115234375,-4.87916016578674
B23,hg32-01-11,2011-12-05T15:28:30Z,2011-12-05T15:57:00Z,2011-12-05T15:30:16Z,2011-12-05T16:01:40Z,106,280,203,1,203,48.3179702758789,-4.8791401386261
B23,hg32-01-11,2011-12-05T16:16:45Z,2011-12-05T23:25:00Z,2011-12-05T16:21:40Z,2011-12-05T23:26:20Z,295,80,204,1,204,48.3193868001302,-4.87823327382406
B23,hg32-01-11,2011-12-07T05:53:00Z,2011-12-07T06:14:00Z,2011-12-07T06:31:20Z,2011-12-07T06:31:20Z,2300,1040,205,1,205,48.3625033281849,-4.87873332132557
B24,hg32-21-11,2011-06-19T23:59:15Z,2011-06-20T03:00:00Z,2011-06-19T23:55:28Z,2011-06-20T03:12:56Z,227,776,0,1,0,48.3606662750244,-4.94963502883911
B24,hg32-21-11,2011-06-21T00:08:15Z,2011-06-21T04:09:00Z,2011-06-21T00:13:00Z,2011-06-21T04:04:28Z,285,272,1,1,1,48.367582321167,-4.86051487922668
B24,hg32-21-11,2011-06-21T11:02:00Z,2011-06-21T12:08:00Z,2011-06-21T11:02:32Z,2011-06-21T12:10:08Z,32,128,2,1,2,48.367805480957,-4.86079502105713
B24,hg32-21-11,2011-06-21T13:49:15Z,2011-06-21T16:08:00Z,2011-06-21T13:44:32Z,2011-06-21T16:11:24Z,283,204,3,1,3,48.366340637207,-4.85506010055542
B24,hg32-21-11,2011-06-22T01:20:15Z,2011-06-22T03:39:00Z,2011-06-22T01:16:40Z,2011-06-22T03:39:36Z,215,36,4,1,4,48.366340637207,-4.85502004623413
B24,hg32-21-11,2011-06-22T13:38:15Z,2011-06-22T16:00:00Z,2011-06-22T13:40:00Z,2011-06-22T16:01:48Z,105,108,5,1,5,48.362434387207,-4.85523986816406
B24,hg32-21-11,2011-06-23T01:39:15Z,2011-06-23T05:10:00Z,2011-06-23T01:36:12Z,2011-06-23T05:08:00Z,183,120,6,1,6,48.3625094095866,-4.85532331466675
B24,hg32-21-11,2011-06-23T13:22:15Z,2011-06-23T16:11:00Z,2011-06-23T13:18:16Z,2011-06-23T16:12:24Z,239,84,7,1,7,48.3670749664306,-4.86036992073059
B24,hg32-21-11,2011-06-24T12:09:45Z,2011-06-24T17:18:00Z,2011-06-24T12:09:20Z,2011-06-24T17:14:36Z,25,204,8,1,8,48.3611297607422,-4.94965505599976
B24,hg32-21-11,2011-06-26T04:26:15Z,2011-06-26T06:21:00Z,2011-06-26T04:24:44Z,2011-06-26T05:56:20Z,91,1480,9,1,9,48.3682502746582,-4.86589403152466
B24,hg32-21-11,2011-06-26T17:17:15Z,2011-06-26T20:06:00Z,2011-06-26T17:21:00Z,2011-06-26T20:03:16Z,225,164,10,1,10,48.3608951568604,-4.94910502433777
B24,hg32-21-11,2011-06-27T05:38:15Z,2011-06-27T08:42:00Z,2011-06-27T05:42:52Z,2011-06-27T08:45:48Z,277,228,11,1,11,48.3608665466309,-4.94935989379883
B24,hg32-21-11,2011-06-27T17:17:30Z,2011-06-27T17:37:00Z,2011-06-27T17:15:52Z,2011-06-27T17:36:28Z,98,32,12,1,12,48.3607959747314,-4.94922995567322
B24,hg32-21-11,2011-06-28T06:39:15Z,2011-06-28T10:07:00Z,2011-06-28T06:38:08Z,2011-06-28T08:28:08Z,67,5932,13,1,13,48.3661499023438,-4.85506010055542
B24,hg32-21-11,2011-06-29T06:15:00Z,2011-06-29T06:54:00Z,2011-06-29T06:16:32Z,2011-06-29T06:43:32Z,92,628,14,1,14,48.3606185913086,-4.9490749835968
B24,hg32-21-11,2011-06-30T07:40:30Z,2011-06-30T08:33:00Z,2011-06-30T07:41:28Z,2011-06-30T08:31:16Z,58,104,19,1,19,48.3603363037109,-4.9484601020813
B24,hg32-21-11,2011-06-30T08:39:15Z,2011-06-30T10:22:00Z,2011-06-30T08:41:16Z,2011-06-30T10:21:16Z,121,44,20,1,20,48.3598937988281,-4.94815516471863
B24,hg32-21-11,2011-07-01T05:34:30Z,2011-07-01T06:15:00Z,2011-07-01T05:35:04Z,2011-07-01T06:17:32Z,34,152,21,1,21,48.4124298095703,-5.00238990783691
B24,hg32-21-11,2011-07-01T06:57:00Z,2011-07-01T08:24:00Z,2011-07-01T07:00:32Z,2011-07-01T08:26:20Z,212,140,22,1,22,48.4124183654785,-5.00229978561401
B24,hg32-21-11,2011-07-01T08:33:30Z,2011-07-01T09:56:00Z,2011-07-01T08:36:20Z,2011-07-01T10:04:36Z,170,516,23,1,23,48.4131317138672,-5.00374984741211
B24,hg32-21-11,2011-07-01T20:10:15Z,2011-07-02T00:47:00Z,2011-07-01T20:07:48Z,2011-07-02T00:49:20Z,147,140,24,1,24,48.4129600524902,-5.00428009033203
B24,hg32-21-11,2011-07-02T09:23:30Z,2011-07-02T09:52:00Z,2011-07-02T09:20:00Z,2011-07-02T10:03:04Z,210,664,25,1,25,48.4098014831543,-5.00439977645874
B24,hg32-21-11,2011-07-02T10:22:00Z,2011-07-02T11:19:00Z,2011-07-02T10:23:24Z,2011-07-02T11:20:16Z,84,76,26,1,26,48.4126281738281,-5.0045599937439
B24,hg32-21-11,2011-07-02T20:41:15Z,2011-07-03T01:27:00Z,2011-07-02T20:43:36Z,2011-07-03T01:29:04Z,141,124,27,1,27,48.412805557251,-5.00432014465332
B24,hg32-21-11,2011-07-03T09:04:00Z,2011-07-03T10:34:00Z,2011-07-03T09:04:40Z,2011-07-03T10:35:08Z,40,68,28,1,28,48.4128684997559,-5.00432014465332
B24,hg32-21-11,2011-07-04T10:51:15Z,2011-07-04T12:40:00Z,2011-07-04T10:55:52Z,2011-07-04T12:44:36Z,277,276,29,1,29,48.3605346679688,-4.9486050605774
B24,hg32-21-11,2011-07-06T00:08:15Z,2011-07-06T02:15:00Z,2011-07-06T00:09:44Z,2011-07-06T02:19:12Z,89,252,30,1,30,48.3607266743978,-4.94890673955282
B24,hg32-21-11,2011-07-06T11:33:15Z,2011-07-06T16:07:00Z,2011-07-06T11:35:36Z,2011-07-06T16:08:04Z,141,64,31,1,31,48.3678258260091,-4.86064004898071
B24,hg32-21-11,2011-07-07T12:30:15Z,2011-07-07T16:19:00Z,2011-07-07T12:28:36Z,2011-07-07T16:33:52Z,99,892,32,1,32,48.4142506917317,-5.00213670730591
B24,hg32-21-11,2011-07-08T13:13:15Z,2011-07-08T15:08:00Z,2011-07-08T13:09:48Z,2011-07-08T15:12:32Z,207,272,33,1,33,48.4142513275146,-5.00214505195617
B24,hg32-21-11,2011-07-09T04:43:15Z,2011-07-09T07:23:00Z,2011-07-09T04:43:44Z,2011-07-09T06:33:44Z,29,2956,34,1,34,48.367919921875,-4.86045996348063
B24,hg32-21-11,2011-07-09T14:16:00Z,2011-07-09T14:58:00Z,2011-07-09T14:18:12Z,2011-07-09T14:57:28Z,132,32,35,1,35,48.3672485351563,-4.86038994789124
B24,hg32-21-11,2011-07-09T15:37:15Z,2011-07-09T19:26:00Z,2011-07-09T15:37:56Z,2011-07-09T19:25:04Z,41,56,36,1,36,48.3673464457194,-4.86041990915934
B24,hg32-21-11,2011-07-10T06:33:00Z,2011-07-10T07:15:00Z,2011-07-10T06:35:04Z,2011-07-10T07:14:16Z,124,44,37,1,37,48.3607654571533,-4.94979500770568
B24,hg32-21-11,2011-07-10T14:02:15Z,2011-07-10T15:54:00Z,2011-07-10T14:07:12Z,2011-07-10T15:47:12Z,297,408,38,1,38,48.3610496520996,-4.94978499412537
B24,hg32-21-11,2011-07-11T02:35:30Z,2011-07-11T02:52:00Z,2011-07-11T02:34:12Z,2011-07-11T02:56:08Z,78,248,39,1,39,48.3610382080078,-4.94917011260986
B24,hg32-21-11,2011-07-11T03:10:30Z,2011-07-11T04:18:00Z,2011-07-11T03:06:36Z,2011-07-11T04:22:08Z,234,248,40,1,40,48.3605194091797,-4.9495701789856
B24,hg32-21-11,2011-07-11T04:23:00Z,2011-07-11T04:59:00Z,2011-07-11T04:22:08Z,2011-07-11T04:57:28Z,52,92,41,1,41,48.3606395721436,-4.94887495040894
B24,hg32-21-11,2011-07-11T05:03:00Z,2011-07-11T05:30:00Z,2011-07-11T05:07:28Z,2011-07-11T05:32:36Z,268,156,42,1,42,48.3598518371582,-4.94787979125977
B24,hg32-21-11,2011-07-12T02:52:15Z,2011-07-12T05:53:00Z,2011-07-12T02:49:32Z,2011-07-12T05:54:48Z,163,108,43,1,43,48.3605375289917,-4.9496248960495
B24,hg32-21-11,2011-07-12T06:30:15Z,2011-07-12T08:43:00Z,2011-07-12T06:30:00Z,2011-07-12T08:20:00Z,15,1380,44,1,44,48.3599510192871,-4.94813489913941
B24,hg32-21-11,2011-07-13T03:37:30Z,2011-07-13T05:12:00Z,2011-07-13T03:37:32Z,2011-07-13T05:14:48Z,2,168,45,1,45,48.3603782653809,-4.94929981231689
B24,hg32-21-11,2011-07-13T05:19:00Z,2011-07-13T06:40:00Z,2011-07-13T05:14:48Z,2011-07-13T06:43:36Z,252,216,46,1,46,48.36083984375,-4.94984006881714
B24,hg32-21-11,2011-07-13T06:55:30Z,2011-07-13T08:09:00Z,2011-07-13T06:53:52Z,2011-07-13T08:26:16Z,98,1036,47,1,47,48.3601112365723,-4.94874000549316
B24,hg32-21-11,2011-07-15T08:39:00Z,2011-07-15T09:03:00Z,2011-07-15T08:47:08Z,2011-07-15T09:05:04Z,488,124,48,1,48,48.3666496276855,-4.85545015335083
B24,hg32-21-11,2011-07-15T09:10:15Z,2011-07-15T12:17:00Z,2011-07-15T09:15:04Z,2011-07-15T12:43:40Z,289,1600,49,1,49,48.3664398193359,-4.85501003265381
B24,hg32-21-11,2011-07-16T10:42:15Z,2011-07-16T12:37:00Z,2011-07-16T10:46:12Z,2011-07-16T12:38:28Z,237,88,50,1,50,48.3746185302734,-4.86180019378662
B24,hg32-21-11,2011-07-18T10:17:15Z,2011-07-18T14:39:00Z,2011-07-18T10:17:24Z,2011-07-18T14:42:40Z,9,220,51,1,51,48.367982228597,-4.86615657806397
B24,hg32-21-11,2011-07-19T10:43:15Z,2011-07-19T15:20:00Z,2011-07-19T10:40:16Z,2011-07-19T15:23:20Z,179,200,52,1,52,48.3679835001627,-4.86610333124797
B24,hg32-21-11,2011-07-21T11:14:15Z,2011-07-21T14:00:00Z,2011-07-21T11:05:00Z,2011-07-21T14:10:40Z,555,640,55,1,55,48.4135589599609,-5.00139999389648
B24,hg32-21-11,2011-07-21T23:16:45Z,2011-07-22T04:55:00Z,2011-07-21T23:12:32Z,2011-07-22T04:57:00Z,253,120,56,1,56,48.4136505126953,-5.00163984298706
B24,hg32-21-11,2011-07-22T11:32:45Z,2011-07-22T17:11:00Z,2011-07-22T11:31:12Z,2011-07-22T17:12:52Z,93,112,57,1,57,48.4135398864746,-5.00173246860504
B24,hg32-21-11,2011-07-23T00:37:15Z,2011-07-23T04:44:00Z,2011-07-23T00:36:36Z,2011-07-23T04:46:32Z,39,152,58,1,58,48.4132410685221,-5.0036498705546
B24,hg32-21-11,2011-07-24T12:59:45Z,2011-07-24T18:44:00Z,2011-07-24T13:00:16Z,2011-07-24T19:00:24Z,31,984,61,1,61,48.4134735107422,-5.00152606964111
B24,hg32-21-11,2011-07-26T01:05:15Z,2011-07-26T03:15:00Z,2011-07-26T01:01:48Z,2011-07-26T03:17:08Z,207,128,62,1,62,48.4166145324707,-4.99885988235474
B24,hg32-21-11,2011-07-26T03:21:15Z,2011-07-26T07:58:00Z,2011-07-26T03:17:08Z,2011-07-26T08:24:00Z,247,1560,63,1,63,48.4136403401693,-5.00158659617106
B24,hg32-21-11,2011-07-26T17:01:00Z,2011-07-26T17:25:00Z,2011-07-26T16:59:52Z,2011-07-26T17:22:12Z,68,168,64,1,64,48.4156055450439,-4.99918007850647
B24,hg32-21-11,2011-07-26T17:29:15Z,2011-07-26T20:18:00Z,2011-07-26T17:32:12Z,2011-07-26T20:41:24Z,177,1404,65,1,65,48.4142951965332,-5.00225996971131
B24,hg32-21-11,2011-07-26T22:40:30Z,2011-07-26T23:15:00Z,2011-07-26T22:35:52Z,2011-07-26T23:16:44Z,278,104,66,1,66,48.4157104492188,-4.99846982955933
B24,hg32-21-11,2011-07-27T01:45:15Z,2011-07-27T03:25:00Z,2011-07-27T01:51:00Z,2011-07-27T03:26:36Z,345,96,67,1,67,48.415699005127,-4.99883985519409
B24,hg32-21-11,2011-07-27T05:19:30Z,2011-07-27T06:06:00Z,2011-07-27T05:21:36Z,2011-07-27T06:07:04Z,126,64,68,1,68,48.4142303466797,-5.00206995010376
B24,hg32-21-11,2011-07-27T18:03:15Z,2011-07-27T21:43:00Z,2011-07-27T18:07:52Z,2011-07-27T21:42:56Z,277,4,69,1,69,48.4124546051026,-5.00235509872437
B24,hg32-21-11,2011-07-28T03:38:30Z,2011-07-28T05:13:00Z,2011-07-28T03:39:04Z,2011-07-28T05:15:52Z,34,172,70,1,70,48.4126510620117,-4.99920988082886
B24,hg32-21-11,2011-07-28T07:45:30Z,2011-07-28T09:20:00Z,2011-07-28T07:49:24Z,2011-07-28T09:19:04Z,234,56,71,1,71,48.4127864837646,-5.00228500366211
B24,hg32-21-11,2011-07-28T18:34:15Z,2011-07-28T21:59:00Z,2011-07-28T18:35:44Z,2011-07-28T21:55:44Z,89,196,72,1,72,48.4124463399251,-5.00195662180583
B24,hg32-21-11,2011-07-29T06:49:15Z,2011-07-29T08:53:00Z,2011-07-29T06:49:48Z,2011-07-29T09:05:12Z,33,732,73,1,73,48.4125951131185,-5.00219011306763
B24,hg32-21-11,2011-07-29T18:19:45Z,2011-07-29T23:10:00Z,2011-07-29T18:16:08Z,2011-07-29T23:12:04Z,217,124,74,1,74,48.4124488830566,-5.00210332870483
B24,hg32-21-11,2011-07-30T07:32:15Z,2011-07-30T10:45:00Z,2011-07-30T07:34:28Z,2011-07-30T10:47:08Z,133,128,75,1,75,48.4123611450195,-5.00222015380859
B24,hg32-21-11,2011-07-31T08:04:15Z,2011-07-31T09:47:00Z,2011-07-31T08:08:56Z,2011-07-31T09:58:16Z,281,676,76,1,76,48.4122695922852,-5.00226020812988
B24,hg32-21-11,2011-07-31T10:20:15Z,2011-07-31T12:18:00Z,2011-07-31T10:19:00Z,2011-07-31T12:21:28Z,75,208,77,1,77,48.4130153656006,-5.00527501106262
B24,hg32-21-11,2011-07-31T20:44:15Z,2011-08-01T01:18:00Z,2011-07-31T20:39:56Z,2011-08-01T01:19:04Z,259,64,78,1,78,48.4124463399251,-5.00219345092773
B24,hg32-21-11,2011-08-01T09:10:00Z,2011-08-01T10:31:00Z,2011-08-01T09:08:24Z,2011-08-01T10:42:04Z,96,664,79,1,79,48.4127163408489,-5.00468110070966
B24,hg32-21-11,2011-08-01T10:39:30Z,2011-08-01T12:08:00Z,2011-08-01T10:42:04Z,2011-08-01T12:11:52Z,154,232,80,1,80,48.4118804931641,-5.00565004348755
B24,hg32-21-11,2011-08-02T09:03:15Z,2011-08-02T12:55:00Z,2011-08-02T09:04:36Z,2011-08-02T13:08:40Z,81,820,81,1,81,48.4127731323242,-5.00438006718953
B24,hg32-21-11,2011-08-03T00:22:30Z,2011-08-03T01:57:00Z,2011-08-03T00:26:04Z,2011-08-03T01:58:16Z,214,76,82,1,82,48.3596611022949,-4.94798994064331
B24,hg32-21-11,2011-08-03T02:01:00Z,2011-08-03T02:34:00Z,2011-08-03T01:58:16Z,2011-08-03T02:33:08Z,164,52,83,1,83,48.3601703643799,-4.94918990135193
B24,hg32-21-11,2011-08-03T11:05:15Z,2011-08-03T13:15:00Z,2011-08-03T10:58:28Z,2011-08-03T12:48:28Z,407,1592,84,1,84,48.3598709106445,-4.94864988327026
B24,hg32-21-11,2011-08-04T11:32:15Z,2011-08-04T14:24:00Z,2011-08-04T11:35:00Z,2011-08-04T14:40:32Z,165,992,85,1,85,48.4141616821289,-5.00292015075684
B24,hg32-21-11,2011-08-05T12:01:15Z,2011-08-05T13:50:00Z,2011-08-05T12:00:24Z,2011-08-05T14:30:20Z,51,2420,88,1,88,48.412769317627,-5.00451993942261
B24,hg32-21-11,2011-08-06T13:14:00Z,2011-08-06T14:38:00Z,2011-08-06T15:10:04Z,2011-08-06T15:10:04Z,6964,1924,90,1,90,48.4131209089811,-5.00497139297084
B24,hg32-21-11,2011-08-07T13:55:15Z,2011-08-07T17:17:00Z,2011-08-07T14:03:40Z,2011-08-07T17:24:40Z,505,460,93,1,93,48.4143505096436,-5.0020501613617
B24,hg32-21-11,2011-08-08T17:08:15Z,2011-08-08T19:18:00Z,2011-08-08T17:06:32Z,2011-08-08T19:17:28Z,103,32,94,1,94,48.4157079060873,-4.99857664108276
B24,hg32-21-11,2011-08-09T05:13:15Z,2011-08-09T09:02:00Z,2011-08-09T05:10:08Z,2011-08-09T09:03:40Z,187,100,95,1,95,48.367670694987,-4.86064004898071
B24,hg32-21-11,2011-08-09T13:56:00Z,2011-08-09T14:20:00Z,2011-08-09T13:56:12Z,2011-08-09T14:22:04Z,12,124,96,1,96,48.3678493499756,-4.86106514930725
B24,hg32-21-11,2011-08-09T16:56:45Z,2011-08-09T22:11:00Z,2011-08-09T16:53:28Z,2011-08-09T22:13:28Z,197,148,97,1,97,48.3676490783691,-4.8606432278951
B24,hg32-21-11,2011-08-11T06:19:15Z,2011-08-11T10:20:00Z,2011-08-11T06:27:04Z,2011-08-11T10:24:28Z,469,268,98,1,98,48.4142265319824,-5.00241676966349
B24,hg32-21-11,2011-08-11T18:43:15Z,2011-08-11T23:11:00Z,2011-08-11T18:46:12Z,2011-08-11T22:06:12Z,177,3888,99,1,99,48.414187113444,-5.0021767616272
B24,hg32-21-11,2011-08-12T06:34:00Z,2011-08-12T07:13:00Z,2011-08-12T06:38:16Z,2011-08-12T07:09:32Z,256,208,100,1,100,48.3609352111817,-4.94921493530273
B24,hg32-21-11,2011-08-13T08:37:15Z,2011-08-13T10:59:00Z,2011-08-13T08:41:00Z,2011-08-13T11:07:40Z,225,520,103,1,103,48.3608283996582,-4.94890022277832
B24,hg32-21-11,2011-08-14T08:31:15Z,2011-08-14T11:56:00Z,2011-08-14T08:35:48Z,2011-08-14T11:55:48Z,273,12,104,1,104,48.412883758545,-5.00474325815836
B24,hg32-21-11,2011-08-14T23:21:00Z,2011-08-15T00:36:00Z,2011-08-15T00:38:04Z,2011-08-15T00:38:04Z,4624,124,105,1,105,48.3525626680339,-4.96052926548827
B24,hg32-21-11,2011-08-15T08:39:30Z,2011-08-15T10:08:00Z,2011-08-15T08:37:16Z,2011-08-15T10:10:12Z,134,132,106,1,106,48.3608093261719,-4.94909000396729
B24,hg32-21-11,2011-08-16T09:11:15Z,2011-08-16T11:12:00Z,2011-08-16T09:09:40Z,2011-08-16T11:12:28Z,95,28,107,1,107,48.3679504394531,-4.86613988876343
B24,hg32-21-11,2011-08-17T09:11:30Z,2011-08-17T09:37:00Z,2011-08-17T09:06:32Z,2011-08-17T09:39:20Z,298,140,108,1,108,48.4128421845476,-5.00296604560653
B24,hg32-21-11,2011-08-17T21:34:15Z,2011-08-18T01:59:00Z,2011-08-17T21:32:12Z,2011-08-18T02:15:04Z,123,964,111,1,111,48.4126001993815,-5.00493653615316
B24,hg32-21-11,2011-08-18T09:38:15Z,2011-08-18T14:09:00Z,2011-08-18T09:45:08Z,2011-08-18T14:13:28Z,413,268,112,1,112,48.4130611419677,-5.00377488136292
B24,hg32-21-11,2011-08-18T21:53:45Z,2011-08-19T03:38:00Z,2011-08-18T21:58:04Z,2011-08-19T03:39:28Z,259,88,113,1,113,48.4132289886474,-5.00382494926453
B24,hg32-21-11,2011-08-19T11:03:15Z,2011-08-19T13:43:00Z,2011-08-19T11:04:40Z,2011-08-19T13:58:20Z,85,920,114,1,114,48.412109375,-5.00223016738892
B24,hg32-21-11,2011-08-19T23:32:15Z,2011-08-20T03:45:00Z,2011-08-19T23:32:08Z,2011-08-20T03:48:20Z,7,200,115,1,115,48.4123554229736,-5.00220513343811
B24,hg32-21-11,2011-08-22T01:37:45Z,2011-08-22T06:34:00Z,2011-08-22T01:41:20Z,2011-08-22T06:37:16Z,215,196,118,1,118,48.4124298095703,-4.9992401599884
B24,hg32-21-11,2011-08-23T00:39:45Z,2011-08-23T07:00:00Z,2011-08-23T00:32:48Z,2011-08-23T07:00:40Z,417,40,119,1,119,48.4138259887695,-5.00259494781494
B24,hg32-21-11,2011-08-23T13:59:15Z,2011-08-23T16:48:00Z,2011-08-23T13:59:00Z,2011-08-23T16:45:32Z,15,148,120,1,120,48.4138031005859,-5.00261656443278
B24,hg32-21-11,2011-08-26T07:02:15Z,2011-08-26T10:24:00Z,2011-08-26T06:58:32Z,2011-08-26T10:26:08Z,223,128,121,1,121,48.3672161102294,-4.86063504219055
B24,hg32-21-11,2011-08-26T19:43:15Z,2011-08-26T22:32:00Z,2011-08-26T19:40:36Z,2011-08-26T22:37:00Z,159,300,122,1,122,48.3662948608399,-4.85664486885071
B24,hg32-21-11,2011-08-27T07:32:15Z,2011-08-27T10:15:00Z,2011-08-27T07:30:32Z,2011-08-27T10:27:20Z,103,740,123,1,123,48.3660049438476,-4.85567998886109
B24,hg32-21-11,2011-08-27T20:16:30Z,2011-08-27T21:15:00Z,2011-08-27T20:19:56Z,2011-08-27T21:19:04Z,206,244,124,1,124,48.367919921875,-4.8663501739502
B24,hg32-21-11,2011-08-28T07:46:15Z,2011-08-28T10:53:00Z,2011-08-28T07:44:04Z,2011-08-28T11:10:32Z,131,1052,125,1,125,48.414421081543,-5.00333976745605
B24,hg32-21-11,2011-08-29T07:53:30Z,2011-08-29T09:01:00Z,2011-08-29T07:52:40Z,2011-08-29T09:03:04Z,50,124,126,1,126,48.4133491516113,-5.00418996810913
B24,hg32-21-11,2011-08-29T09:05:15Z,2011-08-29T11:21:00Z,2011-08-29T09:03:04Z,2011-08-29T11:21:08Z,131,8,127,1,127,48.4119491577149,-5.00557994842529
B24,hg32-21-11,2011-08-29T19:52:15Z,2011-08-29T21:47:00Z,2011-08-29T19:51:52Z,2011-08-29T21:51:56Z,23,296,128,1,128,48.4122257232666,-5.00246500968933
B24,hg32-21-11,2011-08-29T21:56:15Z,2011-08-30T00:03:00Z,2011-08-29T21:51:56Z,2011-08-30T00:20:44Z,259,1064,129,1,129,48.4118614196777,-5.00531005859375
B24,hg32-21-11,2011-08-30T09:17:30Z,2011-08-30T10:25:00Z,2011-08-30T09:15:16Z,2011-08-30T10:27:52Z,134,172,130,1,130,48.4119987487793,-5.00551986694336
B24,hg32-21-11,2011-08-30T10:50:00Z,2011-08-30T12:17:00Z,2011-08-30T10:49:24Z,2011-08-30T12:34:32Z,36,1052,131,1,131,48.4117813110352,-5.00532007217407
B24,hg32-21-11,2011-08-30T21:23:30Z,2011-08-30T22:25:00Z,2011-08-30T21:19:52Z,2011-08-30T22:26:08Z,218,68,132,1,132,48.4130592346191,-5.00384998321533
B24,hg32-21-11,2011-08-30T22:31:15Z,2011-08-31T00:50:00Z,2011-08-30T22:36:08Z,2011-08-31T00:50:32Z,293,32,133,1,133,48.4118690490723,-5.00539994239807
B24,hg32-21-11,2011-08-31T08:44:15Z,2011-08-31T13:24:00Z,2011-08-31T08:44:00Z,2011-08-31T13:27:24Z,15,204,134,1,134,48.4119396209717,-5.004075050354
B24,hg32-21-11,2011-08-31T21:51:15Z,2011-09-01T01:16:00Z,2011-08-31T21:47:08Z,2011-09-01T01:16:36Z,247,36,135,1,135,48.4130249023438,-5.00341010093689
B24,hg32-21-11,2011-09-01T09:14:15Z,2011-09-01T11:03:00Z,2011-09-01T09:18:20Z,2011-09-01T10:58:20Z,245,280,136,1,136,48.413194656372,-5.00369501113892
B24,hg32-21-11,2011-09-01T11:07:15Z,2011-09-01T14:05:00Z,2011-09-01T11:08:20Z,2011-09-01T14:09:52Z,65,292,137,1,137,48.4118556976319,-5.00570011138916
B24,hg32-21-11,2011-09-03T00:07:15Z,2011-09-03T02:26:00Z,2011-09-03T00:09:20Z,2011-09-03T02:27:16Z,125,76,138,1,138,48.360824584961,-4.94875478744507
B24,hg32-21-11,2011-09-04T01:59:15Z,2011-09-04T04:09:00Z,2011-09-04T01:50:48Z,2011-09-04T04:10:48Z,507,108,139,1,139,48.3601614618302,-4.95248912572821
B24,hg32-21-11,2011-09-04T13:44:30Z,2011-09-04T14:22:00Z,2011-09-04T13:43:00Z,2011-09-04T14:49:24Z,90,1644,140,1,140,48.366340637207,-4.85509014129639
B24,hg32-21-11,2011-09-05T02:31:15Z,2011-09-05T04:29:00Z,2011-09-05T02:28:52Z,2011-09-05T04:18:52Z,143,608,141,1,141,48.3605060577393,-4.9495849609375
B24,hg32-21-11,2011-09-05T15:43:15Z,2011-09-05T17:32:00Z,2011-09-05T15:38:16Z,2011-09-05T17:28:16Z,299,224,142,1,142,48.3607997894288,-4.9494948387146
B24,hg32-21-11,2011-09-07T02:37:00Z,2011-09-07T03:01:00Z,2011-09-07T02:37:04Z,2011-09-07T02:56:08Z,4,292,143,1,143,48.4164237976074,-4.99891495704651
B24,hg32-21-11,2011-09-07T03:04:45Z,2011-09-07T08:49:00Z,2011-09-07T03:06:08Z,2011-09-07T08:49:04Z,83,4,144,1,144,48.4163996378581,-4.99874337514241
B24,hg32-21-11,2011-09-08T19:05:15Z,2011-09-08T23:27:00Z,2011-09-08T19:07:40Z,2011-09-08T23:28:04Z,145,64,147,1,147,48.3671550750732,-4.86055994033813
B24,hg32-21-11,2011-09-09T07:43:15Z,2011-09-09T10:50:00Z,2011-09-09T07:43:08Z,2011-09-09T10:58:36Z,7,516,148,1,148,48.3672561645508,-4.86075496673584
B24,hg32-21-11,2011-09-09T19:46:15Z,2011-09-09T23:26:00Z,2011-09-09T19:42:48Z,2011-09-09T23:12:48Z,207,792,149,1,149,48.3672205607096,-4.86099990208944
B24,hg32-21-11,2011-09-10T07:07:45Z,2011-09-10T12:10:00Z,2011-09-10T07:02:52Z,2011-09-10T12:54:36Z,293,2676,150,1,150,48.3678359985352,-4.86059681574504
B24,hg32-21-11,2011-09-10T21:12:15Z,2011-09-10T23:52:00Z,2011-09-10T21:02:48Z,2011-09-10T23:51:04Z,567,56,151,1,151,48.3672828674316,-4.86059331893921
B24,hg32-21-11,2011-09-11T05:45:30Z,2011-09-11T06:11:00Z,2011-09-11T05:50:40Z,2011-09-11T06:11:56Z,310,56,152,1,152,48.3676052093506,-4.86100006103515
B24,hg32-21-11,2011-09-11T07:44:15Z,2011-09-11T12:06:00Z,2011-09-11T07:45:40Z,2011-09-11T12:10:24Z,85,264,153,1,153,48.3679377237956,-4.86074002583822
B24,hg32-21-11,2011-09-11T20:57:15Z,2011-09-12T00:07:00Z,2011-09-11T21:03:04Z,2011-09-12T00:06:36Z,349,24,154,1,154,48.3658866882325,-4.87901671727498
B24,hg32-21-11,2011-09-12T09:47:15Z,2011-09-12T13:12:00Z,2011-09-12T09:48:24Z,2011-09-12T13:08:24Z,69,216,155,1,155,48.3678436279297,-4.86062335968018
B24,hg32-21-11,2011-09-15T18:48:30Z,2011-09-15T19:38:00Z,2011-09-15T18:49:52Z,2011-09-15T19:39:24Z,82,84,156,1,156,49.8753089904785,-6.37046003341675
B24,hg32-21-11,2011-09-15T20:41:15Z,2011-09-15T22:42:00Z,2011-09-15T20:42:48Z,2011-09-15T22:39:12Z,93,168,157,1,157,49.8901608784994,-6.36973333358765
B24,hg32-21-11,2011-09-16T06:08:00Z,2011-09-16T07:02:00Z,2011-09-16T06:04:28Z,2011-09-16T06:54:12Z,212,468,158,1,158,49.8896141052246,-6.36956477165222
B24,hg32-21-11,2011-09-16T10:14:45Z,2011-09-16T15:41:00Z,2011-09-16T10:05:40Z,2011-09-16T15:41:04Z,545,4,159,1,159,49.8864517211914,-6.36542654037475
B24,hg32-21-11,2011-09-19T01:22:15Z,2011-09-19T02:59:00Z,2011-09-19T01:19:40Z,2011-09-19T03:00:28Z,155,88,160,1,160,48.4158706665039,-4.99847984313965
B24,hg32-21-11,2011-09-19T11:33:15Z,2011-09-19T13:28:00Z,2011-09-19T11:37:48Z,2011-09-19T13:17:48Z,273,612,161,1,161,48.416374206543,-4.99930000305176
B24,hg32-21-11,2011-09-19T23:27:45Z,2011-09-20T06:06:00Z,2011-09-19T23:29:40Z,2011-09-20T06:02:04Z,115,236,162,1,162,48.367790222168,-4.86077761650085
B24,hg32-21-11,2011-09-20T09:31:00Z,2011-09-20T10:31:00Z,2011-09-20T09:28:08Z,2011-09-20T10:30:44Z,172,16,163,1,163,48.3676528930664,-4.86116755008698
B24,hg32-21-11,2011-09-20T12:05:45Z,2011-09-20T18:14:00Z,2011-09-20T12:04:20Z,2011-09-20T18:40:20Z,85,1580,164,1,164,48.3674087524414,-4.86118984222412
B24,hg32-21-11,2011-09-23T04:50:15Z,2011-09-23T08:18:00Z,2011-09-23T04:52:48Z,2011-09-23T08:12:48Z,153,312,167,1,167,48.4162330627441,-4.9988366762797
B24,hg32-21-11,2011-09-23T17:05:15Z,2011-09-23T21:00:00Z,2011-09-23T17:04:08Z,2011-09-23T21:01:48Z,67,108,168,1,168,48.4136009216309,-5.00174498558045
B24,hg32-21-11,2011-09-24T18:33:15Z,2011-09-24T22:01:00Z,2011-09-24T18:35:44Z,2011-09-24T22:05:44Z,149,284,169,1,169,48.3662770589193,-4.85495328903198
B24,hg32-21-11,2011-09-25T09:04:00Z,2011-09-25T10:16:00Z,2011-09-25T08:46:40Z,2011-09-25T10:15:20Z,1040,40,170,1,170,48.3619232177735,-4.94944985707601
B24,hg32-21-11,2011-10-04T11:04:30Z,2011-10-04T11:33:00Z,2011-10-04T11:10:16Z,2011-10-04T11:54:48Z,346,1308,173,1,173,52.1084403991699,-10.5148696899414
B24,hg32-21-11,2011-10-04T12:04:00Z,2011-10-04T12:19:00Z,2011-10-04T12:04:48Z,2011-10-04T12:04:48Z,48,852,174,1,174,52.1082382202148,-10.5147104263306
B24,hg32-21-11,2011-10-04T12:37:30Z,2011-10-04T12:57:00Z,2011-10-04T12:40:00Z,2011-10-04T13:10:12Z,150,792,175,1,175,52.1083908081055,-10.5146398544312
B24,hg32-21-11,2011-10-04T14:30:45Z,2011-10-05T10:12:00Z,2011-10-04T14:29:04Z,2011-10-05T10:45:20Z,101,2000,176,1,176,52.1086630821228,-10.5148949623108
B24,hg32-21-11,2011-10-05T12:16:00Z,2011-10-05T12:49:00Z,2011-10-05T12:13:44Z,2011-10-05T12:56:28Z,136,448,177,1,177,52.1073913574219,-10.5142402648926
B24,hg32-21-11,2011-10-07T14:05:45Z,2011-10-08T10:23:00Z,2011-10-07T14:03:00Z,2011-10-08T10:29:36Z,165,396,178,1,178,52.1081144159491,-10.5142991326072
B24,hg32-21-11,2011-10-08T12:48:00Z,2011-10-08T13:00:00Z,2011-10-08T12:44:12Z,2011-10-08T12:54:12Z,228,348,179,1,179,52.107608795166,-10.5141696929932
B24,hg32-21-11,2011-10-08T14:09:00Z,2011-10-08T14:39:00Z,2011-10-08T14:06:24Z,2011-10-08T14:44:32Z,156,332,180,1,180,52.1065502166748,-10.5132451057434
B24,hg32-21-11,2011-10-08T16:08:30Z,2011-10-08T16:25:00Z,2011-10-08T16:08:32Z,2011-10-08T16:28:32Z,2,212,181,1,181,52.1066360473633,-10.5133647918701
B24,hg32-21-11,2011-10-08T17:09:45Z,2011-10-09T12:39:00Z,2011-10-08T17:11:44Z,2011-10-09T12:40:32Z,119,92,182,1,182,52.10674459284,-10.5133809176358
B24,hg32-21-11,2011-10-11T11:25:15Z,2011-10-11T15:32:00Z,2011-10-11T11:16:16Z,2011-10-11T15:44:20Z,539,740,183,1,183,52.6828498840332,-8.90219020843506
B24,hg32-21-11,2011-10-13T09:25:30Z,2011-10-13T10:39:00Z,2011-10-13T09:32:12Z,2011-10-13T10:53:48Z,402,888,184,1,184,52.1110992431641,-10.5228796005249
B24,hg32-21-11,2011-10-16T10:35:30Z,2011-10-16T11:28:00Z,2011-10-16T10:31:56Z,2011-10-16T11:23:16Z,214,284,189,1,189,53.1177587509155,-9.62805032730102
B24,hg32-21-11,2011-10-17T00:23:15Z,2011-10-17T04:00:00Z,2011-10-17T00:20:24Z,2011-10-17T04:01:04Z,171,64,190,1,190,53.3292617797852,-9.96638011932373
B24,hg32-21-11,2011-10-19T02:39:30Z,2011-10-19T04:11:00Z,2011-10-19T02:37:12Z,2011-10-19T04:11:04Z,138,4,191,1,191,54.1424102783203,-10.1928300857544
B24,hg32-21-11,2011-10-19T07:25:30Z,2011-10-19T08:00:00Z,2011-10-19T07:23:56Z,2011-10-19T08:24:32Z,94,1472,192,1,192,54.2076988220215,-10.125940322876
B24,hg32-21-11,2011-10-19T08:23:45Z,2011-10-19T17:32:00Z,2011-10-19T08:24:32Z,2011-10-19T17:29:04Z,47,176,193,1,193,54.2078475952148,-10.1184288263321
B24,hg32-21-11,2011-10-21T17:25:30Z,2011-10-21T17:48:00Z,2011-10-21T17:29:48Z,2011-10-21T18:00:48Z,258,768,194,1,194,54.210319519043,-10.126259803772
B24,hg32-21-11,2011-10-21T17:51:15Z,2011-10-21T22:19:00Z,2011-10-21T18:00:48Z,2011-10-21T22:14:40Z,573,260,195,1,195,54.2101236979167,-10.1240765253703
B24,hg32-21-11,2011-10-22T17:47:45Z,2011-10-22T23:38:00Z,2011-10-22T17:49:52Z,2011-10-22T23:50:44Z,127,764,196,1,196,54.0783805847168,-10.1388998031616
B24,hg32-21-11,2011-10-24T21:10:00Z,2011-10-24T21:22:00Z,2011-10-24T21:08:44Z,2011-10-24T21:18:44Z,76,196,197,1,197,52.5878486633301,-9.87460994720459
B24,hg32-21-11,2011-10-24T22:44:30Z,2011-10-24T23:22:00Z,2011-10-24T22:49:16Z,2011-10-24T23:15:04Z,286,416,198,1,198,52.5878696441651,-9.8748950958252
B24,hg32-21-11,2011-10-27T15:22:45Z,2011-10-28T06:04:00Z,2011-10-27T15:09:56Z,2011-10-28T05:59:32Z,769,268,199,1,199,52.1078085899353,-10.514657497406
B24,hg32-21-11,2011-10-28T07:03:45Z,2011-10-28T13:42:00Z,2011-10-28T07:05:24Z,2011-10-28T13:46:12Z,99,252,200,1,200,52.1078431265695,-10.5138773236956
B24,hg32-21-11,2011-10-30T18:04:45Z,2011-10-31T05:01:00Z,2011-10-30T18:00:32Z,2011-10-31T05:36:12Z,253,2112,201,1,201,52.1076304117839,-10.514643351237
B24,hg32-21-11,2011-10-31T05:30:00Z,2011-10-31T05:48:00Z,2011-10-31T05:36:12Z,2011-10-31T05:49:16Z,372,76,202,1,202,52.1071510314941,-10.5139999389648
B24,hg32-21-11,2011-10-31T08:34:45Z,2011-11-01T05:16:00Z,2011-10-31T08:34:24Z,2011-11-01T06:02:36Z,21,2796,203,1,203,52.1085444859096,-10.5150969369071
B24,hg32-21-11,2011-11-03T22:10:15Z,2011-11-03T23:53:00Z,2011-11-03T22:12:44Z,2011-11-03T23:52:44Z,149,16,204,1,204,51.4770812988281,-9.51445007324218
B24,hg32-21-11,2011-11-06T23:43:45Z,2011-11-07T07:58:00Z,2011-11-06T23:40:44Z,2011-11-07T08:07:40Z,181,580,205,1,205,49.8920008341472,-6.36753336588542
B24,hg32-21-11,2011-11-07T11:45:45Z,2011-11-07T19:00:00Z,2011-11-07T11:42:16Z,2011-11-07T19:10:20Z,209,620,206,1,206,49.891960144043,-6.36762199401856
B24,hg32-21-11,2011-11-08T01:16:45Z,2011-11-08T08:13:00Z,2011-11-08T01:19:52Z,2011-11-08T08:12:12Z,187,48,207,1,207,49.8916236877441,-6.36778793334961
B24,hg32-21-11,2011-11-08T11:53:45Z,2011-11-09T01:11:00Z,2011-11-08T11:57:52Z,2011-11-09T01:26:16Z,247,916,208,1,208,49.8921154567174,-6.36762864249093
B24,hg32-21-11,2011-11-09T21:00:15Z,2011-11-09T23:22:00Z,2011-11-09T21:02:32Z,2011-11-09T23:24:00Z,137,120,209,1,209,49.8798084259033,-6.41374492645263
B24,hg32-21-11,2011-11-09T23:50:00Z,2011-11-10T00:05:00Z,2011-11-09T23:45:16Z,2011-11-10T00:10:00Z,284,300,210,1,210,49.8804016113281,-6.41291999816895
B24,hg32-21-11,2011-11-10T03:05:45Z,2011-11-10T10:02:00Z,2011-11-10T02:52:00Z,2011-11-10T09:53:08Z,825,532,211,1,211,49.8923034667969,-6.36793677012126
B24,hg32-21-11,2011-11-10T11:24:00Z,2011-11-10T12:27:00Z,2011-11-10T11:21:44Z,2011-11-10T12:30:44Z,136,224,212,1,212,49.879810333252,-6.41340017318726
B24,hg32-21-11,2011-11-10T19:45:45Z,2011-11-11T02:06:00Z,2011-11-10T19:43:24Z,2011-11-11T02:07:36Z,141,96,213,1,213,49.8797276814779,-6.41225337982177
B24,hg32-21-11,2011-11-11T17:49:45Z,2011-11-12T04:22:00Z,2011-11-11T17:47:48Z,2011-11-12T04:24:28Z,117,148,214,1,214,49.867639541626,-6.39833498001098
B24,hg32-21-11,2011-11-13T07:56:45Z,2011-11-13T16:23:00Z,2011-11-13T07:53:32Z,2011-11-13T16:34:16Z,193,676,215,1,215,49.8920013427734,-6.36780395507812
B24,hg32-21-11,2011-11-14T12:46:15Z,2011-11-14T14:29:00Z,2011-11-14T12:43:28Z,2011-11-14T14:30:20Z,167,80,216,1,216,49.879150390625,-6.41296005249023
B24,hg32-21-11,2011-11-14T14:51:30Z,2011-11-14T15:23:00Z,2011-11-14T14:50:28Z,2011-11-14T15:00:28Z,62,1352,217,1,217,49.8789100646973,-6.41077995300293
B24,hg32-21-11,2011-11-14T17:49:45Z,2011-11-15T02:16:00Z,2011-11-14T17:52:04Z,2011-11-15T02:12:04Z,139,236,218,1,218,49.8705467224121,-6.4000599861145
B24,hg32-21-11,2011-11-18T09:09:45Z,2011-11-18T16:36:00Z,2011-11-18T09:06:52Z,2011-11-18T16:36:44Z,173,44,219,1,219,51.4772300720215,-9.51477479934692
B24,hg32-21-11,2011-11-20T17:16:45Z,2011-11-20T23:13:00Z,2011-11-20T17:15:00Z,2011-11-20T23:11:08Z,105,112,220,1,220,52.1076745986939,-10.5143449306488
B24,hg32-21-11,2011-11-21T01:15:00Z,2011-11-21T01:33:00Z,2011-11-21T01:18:24Z,2011-11-21T01:31:32Z,204,88,221,1,221,52.1082992553711,-10.5146245956421
B24,hg32-21-11,2011-11-21T16:58:30Z,2011-11-21T17:12:00Z,2011-11-21T16:56:48Z,2011-11-21T17:06:48Z,102,312,224,1,224,52.1080093383789,-10.514349937439
B24,hg32-21-11,2011-11-21T17:56:00Z,2011-11-21T18:44:00Z,2011-11-21T17:53:00Z,2011-11-21T18:54:40Z,180,640,225,1,225,52.106861114502,-10.5135498046875
B24,hg32-21-11,2011-11-24T20:16:45Z,2011-11-25T08:34:00Z,2011-11-24T20:21:28Z,2011-11-25T08:35:04Z,283,64,226,1,226,52.1078224182129,-10.5146022796631
B24,hg32-21-11,2011-11-25T08:58:00Z,2011-11-25T09:43:00Z,2011-11-25T08:57:12Z,2011-11-25T09:47:04Z,48,244,227,1,227,52.1068000793457,-10.5133895874023
B24,hg32-21-11,2011-11-25T09:51:00Z,2011-11-25T10:12:00Z,2011-11-25T09:47:04Z,2011-11-25T10:15:00Z,236,180,228,1,228,52.1091499328613,-10.5142097473145
B24,hg32-21-11,2011-11-26T15:30:30Z,2011-11-26T15:53:00Z,2011-11-26T15:29:40Z,2011-11-26T15:50:40Z,50,140,231,1,231,52.106725692749,-10.513484954834
B24,hg32-21-11,2011-11-26T16:06:00Z,2011-11-26T16:24:00Z,2011-11-26T16:03:12Z,2011-11-26T16:29:32Z,168,332,232,1,232,52.1069412231445,-10.5140800476074
B24,hg32-21-11,2011-11-26T18:17:45Z,2011-11-26T23:26:00Z,2011-11-26T18:18:04Z,2011-11-26T23:28:08Z,19,128,233,1,233,52.1072826385498,-10.5142126083374
B24,hg32-21-11,2011-11-27T01:47:30Z,2011-11-27T02:10:00Z,2011-11-27T01:43:08Z,2011-11-27T02:12:44Z,262,164,234,1,234,52.1159286499023,-10.5048503875732
B24,hg32-21-11,2011-11-27T03:20:30Z,2011-11-27T04:01:00Z,2011-11-27T03:22:04Z,2011-11-27T04:05:28Z,94,268,235,1,235,52.1083106994629,-10.5149097442627
B24,hg32-21-11,2011-11-27T04:06:30Z,2011-11-27T04:29:00Z,2011-11-27T04:05:28Z,2011-11-27T04:32:20Z,62,200,236,1,236,52.1091101743447,-10.5133816852761
B24,hg32-21-11,2011-11-27T06:03:30Z,2011-11-27T06:20:00Z,2011-11-27T05:59:52Z,2011-11-27T06:23:44Z,218,224,237,1,237,52.1162986755371,-10.5046701431274
B24,hg32-21-11,2011-11-27T07:51:30Z,2011-11-27T08:05:00Z,2011-11-27T07:50:52Z,2011-11-27T08:00:52Z,38,248,238,1,238,52.1081809997559,-10.5148096084595
B24,hg32-21-11,2011-11-27T08:25:00Z,2011-11-27T09:16:00Z,2011-11-27T08:23:24Z,2011-11-27T09:28:24Z,96,744,239,1,239,52.1067504882813,-10.5137996673584
B24,hg32-21-11,2011-11-27T10:01:45Z,2011-11-27T18:34:00Z,2011-11-27T09:59:40Z,2011-11-27T18:29:40Z,125,260,240,1,240,52.1077264149984,-10.5143284797668
B24,hg32-21-11,2011-11-29T13:22:00Z,2011-11-29T13:43:00Z,2011-11-29T13:26:12Z,2011-11-29T13:41:08Z,252,112,241,1,241,52.3275756835938,-9.99812459945679
B24,hg32-21-11,2011-11-29T15:51:00Z,2011-11-29T16:03:00Z,2011-11-29T16:13:32Z,2011-11-29T16:13:32Z,1352,632,242,1,242,52.3275982663795,-9.99848325526696
B24,hg32-21-11,2011-11-30T17:51:45Z,2011-12-01T06:21:00Z,2011-11-30T17:54:24Z,2011-12-01T06:35:56Z,159,896,243,1,243,52.1083183288574,-10.5151634216309
B24,hg32-21-11,2011-12-01T07:19:30Z,2011-12-01T07:57:00Z,2011-12-01T07:21:52Z,2011-12-01T08:23:32Z,142,1592,244,1,244,52.1081886291504,-10.5147104263306
B24,hg32-21-11,2011-12-01T08:16:30Z,2011-12-01T08:27:00Z,2011-12-01T08:23:32Z,2011-12-01T08:23:32Z,422,208,245,1,245,52.108211517334,-10.5150699615479
B24,hg32-21-11,2011-12-03T16:11:45Z,2011-12-04T05:17:00Z,2011-12-03T16:12:48Z,2011-12-04T05:17:12Z,63,12,248,1,248,52.1080176035563,-10.5148631731669
B24,hg32-21-11,2011-12-04T06:39:30Z,2011-12-04T06:50:00Z,2011-12-04T06:34:04Z,2011-12-04T06:54:48Z,326,288,249,1,249,52.114138931324,-10.5040842957811
B24,hg32-21-11,2011-12-04T10:44:30Z,2011-12-04T11:01:00Z,2011-12-04T10:47:44Z,2011-12-04T11:03:12Z,194,132,250,1,250,52.1085395812988,-10.5151596069336
B24,hg32-21-11,2011-12-04T11:35:30Z,2011-12-04T12:19:00Z,2011-12-04T11:35:44Z,2011-12-04T12:20:04Z,14,64,251,1,251,52.1079711914063,-10.5144901275635
B24,hg32-21-11,2011-12-04T13:59:30Z,2011-12-04T14:22:00Z,2011-12-04T13:54:44Z,2011-12-04T14:24:04Z,286,124,252,1,252,52.109170107408,-10.5143622712656
B24,hg32-21-11,2011-12-04T14:50:00Z,2011-12-04T15:35:00Z,2011-12-04T15:15:04Z,2011-12-04T15:37:24Z,1504,144,253,1,253,52.1069297790527,-10.5134401321411
B24,hg32-21-11,2011-12-04T15:48:30Z,2011-12-04T16:17:00Z,2011-12-04T15:47:24Z,2011-12-04T16:20:08Z,66,188,254,1,254,52.106330871582,-10.5129995346069
B24,hg32-21-11,2011-12-04T16:29:00Z,2011-12-04T16:53:00Z,2011-12-04T16:30:08Z,2011-12-04T17:07:36Z,68,876,255,1,255,52.1080093383789,-10.5141696929932
B24,hg32-21-11,2011-12-04T18:25:45Z,2011-12-05T05:22:00Z,2011-12-04T18:27:36Z,2011-12-05T05:25:28Z,111,208,0,1,0,52.1074231465658,-10.5138734181722
B24,hg32-21-11,2011-12-06T23:16:45Z,2011-12-07T07:19:00Z,2011-12-06T23:19:04Z,2011-12-07T10:06:56Z,139,10076,1,1,1,52.1083335876465,-10.5152133305867
B24,hg32-21-11,2011-12-07T10:23:45Z,2011-12-07T23:05:00Z,2011-12-07T10:06:56Z,2011-12-07T23:19:12Z,1009,852,3,1,3,52.1067008972168,-10.5142197608948
B24,hg32-21-11,2011-12-08T12:01:15Z,2011-12-08T13:41:00Z,2011-12-08T12:01:36Z,2011-12-08T13:41:56Z,21,56,4,1,4,52.1085586547852,-10.5146703720093
B24,hg32-21-11,2011-12-08T14:53:15Z,2011-12-08T16:36:00Z,2011-12-08T14:57:52Z,2011-12-08T16:40:32Z,277,272,5,1,5,52.107120513916,-10.5144195556641
B24,hg32-21-11,2011-12-08T17:01:30Z,2011-12-08T17:33:00Z,2011-12-08T17:00:48Z,2011-12-08T17:36:44Z,42,224,6,1,6,52.1074714660645,-10.5142803192139
B24,hg32-21-11,2011-12-08T18:55:00Z,2011-12-08T19:22:00Z,2011-12-08T19:00:16Z,2011-12-08T19:24:24Z,316,144,7,1,7,52.1085395812988,-10.5153503417969
B24,hg32-21-11,2011-12-08T19:27:45Z,2011-12-09T14:33:00Z,2011-12-08T19:24:24Z,2011-12-09T14:34:48Z,201,108,8,1,8,52.1074556623187,-10.5145199639457
B24,hg32-21-11,2011-12-10T14:01:00Z,2011-12-10T14:19:00Z,2011-12-10T14:10:32Z,2011-12-10T14:20:44Z,572,104,9,1,9,52.1068305969238,-10.5130596160889
B24,hg32-21-11,2011-12-10T14:23:15Z,2011-12-10T16:39:00Z,2011-12-10T14:20:44Z,2011-12-10T16:54:36Z,151,936,10,1,10,52.1063346862793,-10.5131301879883
B24,hg32-21-11,2011-12-12T18:49:00Z,2011-12-12T19:01:00Z,2011-12-12T18:53:28Z,2011-12-12T19:04:32Z,268,212,13,1,13,52.1066093444824,-10.5139799118042
B24,hg32-21-11,2011-12-12T19:06:45Z,2011-12-13T02:57:00Z,2011-12-12T19:04:32Z,2011-12-13T02:58:20Z,133,80,14,1,14,52.1078300476074,-10.5152649879455
B24,hg32-21-11,2011-12-18T17:21:45Z,2011-12-19T08:39:00Z,2011-12-18T17:17:04Z,2011-12-19T08:17:04Z,281,1316,15,1,15,49.8920677185059,-6.36781396865845
B24,hg32-21-11,2011-12-23T20:26:15Z,2011-12-23T22:54:00Z,2011-12-23T20:28:48Z,2011-12-23T23:06:36Z,153,756,18,1,18,48.3371982574463,-4.85767006874084
B24,hg32-21-11,2011-12-24T00:58:45Z,2011-12-24T12:28:00Z,2011-12-24T00:46:08Z,2011-12-24T12:25:40Z,757,140,19,1,19,48.3710517883301,-4.88027995824814
B24,hg32-21-11,2011-12-25T04:26:45Z,2011-12-25T16:08:00Z,2011-12-25T03:57:08Z,2011-12-25T16:09:00Z,1777,60,20,1,20,48.3709421157837,-4.88007247447968
B24,hg32-21-11,2011-12-27T23:41:15Z,2011-12-28T02:51:00Z,2011-12-28T01:31:40Z,2011-12-28T02:50:24Z,6625,36,21,1,21,48.3674144744873,-4.86050987243652
B24,hg32-21-11,2011-12-28T03:46:45Z,2011-12-28T12:01:00Z,2011-12-28T03:45:24Z,2011-12-28T12:08:04Z,81,424,22,1,22,48.3706904820033,-4.8798771585737
B24,hg32-21-11,2011-12-29T16:15:45Z,2011-12-30T04:09:00Z,2011-12-29T16:15:36Z,2011-12-30T04:15:44Z,9,404,23,1,23,48.3709403991699,-4.88036994934082
B24,hg32-21-11,2011-12-30T05:37:00Z,2011-12-30T05:55:00Z,2011-12-30T05:21:56Z,2011-12-30T06:19:16Z,904,1456,24,1,24,48.3717229798783,-4.88166222461432
B24,hg32-21-11,2011-12-30T09:46:15Z,2011-12-30T13:35:00Z,2011-12-30T09:48:00Z,2011-12-30T13:30:20Z,105,280,25,1,25,48.3709803989955,-4.87989711761475
B24,hg32-21-11,2011-12-30T17:15:45Z,2011-12-31T04:33:00Z,2011-12-30T17:16:04Z,2011-12-31T04:23:56Z,19,544,26,1,26,48.3709592819214,-4.88017624616623
B24,hg32-21-11,2011-12-31T17:19:45Z,2012-01-01T06:37:00Z,2011-12-31T17:20:44Z,2012-01-01T06:33:24Z,59,216,27,1,27,48.3708557128906,-4.88046207427979
B24,hg32-21-11,2012-01-01T09:47:00Z,2012-01-01T10:32:00Z,2012-01-01T09:42:00Z,2012-01-01T10:33:32Z,300,92,28,1,28,48.3707809448242,-4.88071489334106
B24,hg32-21-11,2012-01-01T11:22:00Z,2012-01-01T12:07:00Z,2012-01-01T11:23:48Z,2012-01-01T12:00:52Z,108,368,29,1,29,48.3708848953247,-4.88175749778747
B24,hg32-21-11,2012-01-04T02:51:45Z,2012-01-04T17:21:00Z,2012-01-04T02:46:52Z,2012-01-04T17:26:12Z,293,312,30,1,30,48.3710165023804,-4.88030999898911
B24,hg32-21-11,2012-01-07T14:43:45Z,2012-01-08T00:34:00Z,2012-01-07T14:43:52Z,2012-01-08T00:38:52Z,7,292,33,1,33,48.3710998535156,-4.88074989318848
B24,hg32-21-11,2012-01-08T13:43:45Z,2012-01-09T04:37:00Z,2012-01-08T13:47:44Z,2012-01-09T04:36:48Z,239,12,34,1,34,48.3708239964077,-4.88073859895979
B25,hg32-02-11,2011-06-20T00:27:00Z,2011-06-20T00:42:00Z,2011-06-20T00:31:48Z,2011-06-20T00:31:48Z,288,612,1,1,1,48.3191413879395,-4.87724018096924
B25,hg32-02-11,2011-06-20T01:01:30Z,2011-06-20T02:12:00Z,2011-06-20T01:03:24Z,2011-06-20T02:13:16Z,114,76,2,1,2,48.3194007873535,-4.87735986709595
B25,hg32-02-11,2011-06-20T23:24:00Z,2011-06-21T00:09:00Z,2011-06-20T23:28:40Z,2011-06-21T00:11:52Z,280,172,5,1,5,48.3199691772461,-4.88056993484497
B25,hg32-02-11,2011-06-21T12:52:00Z,2011-06-21T14:13:00Z,2011-06-21T12:54:36Z,2011-06-21T14:12:16Z,156,44,6,1,6,48.3198299407959,-4.87781000137329
B25,hg32-02-11,2011-06-22T00:06:15Z,2011-06-22T03:19:00Z,2011-06-21T23:59:40Z,2011-06-22T03:20:08Z,395,68,7,1,7,48.318920135498,-4.87679004669189
B25,hg32-02-11,2011-06-22T23:39:00Z,2011-06-23T00:39:00Z,2011-06-22T23:34:44Z,2011-06-23T00:40:04Z,256,64,8,1,8,48.3188896179199,-4.87736988067627
B25,hg32-02-11,2011-06-23T00:48:00Z,2011-06-23T01:39:00Z,2011-06-23T00:50:04Z,2011-06-23T01:41:20Z,124,140,9,1,9,48.318920135498,-4.87730979919434
B25,hg32-02-11,2011-06-23T14:44:15Z,2011-06-23T16:39:00Z,2011-06-23T14:45:20Z,2011-06-23T16:39:08Z,65,8,10,1,10,48.3626232147217,-4.85541987419129
B25,hg32-02-11,2011-06-24T02:40:15Z,2011-06-24T06:02:00Z,2011-06-24T02:44:48Z,2011-06-24T06:04:36Z,273,156,11,1,11,48.3626461029052,-4.8552451133728
B25,hg32-02-11,2011-06-24T15:19:15Z,2011-06-24T17:29:00Z,2011-06-24T15:22:32Z,2011-06-24T17:02:32Z,197,1588,12,1,12,48.3625545501709,-4.85537004470825
B25,hg32-02-11,2011-06-25T04:02:15Z,2011-06-25T07:15:00Z,2011-06-25T04:02:28Z,2011-06-25T07:24:20Z,13,560,13,1,13,48.3624000549317,-4.85515999794007
B25,hg32-02-11,2011-06-25T17:29:00Z,2011-06-25T18:59:00Z,2011-06-25T17:34:16Z,2011-06-25T19:01:04Z,316,124,14,1,14,48.3626098632813,-4.85549020767212
B25,hg32-02-11,2011-06-26T04:39:15Z,2011-06-26T07:22:00Z,2011-06-26T04:41:04Z,2011-06-26T07:22:08Z,109,8,15,1,15,48.3661804199219,-4.85519981384278
B25,hg32-02-11,2011-06-27T02:47:00Z,2011-06-27T03:44:00Z,2011-06-27T02:25:24Z,2011-06-27T04:16:40Z,1296,1960,16,1,16,48.3278115399945,-4.57379379538165
B25,hg32-02-11,2011-06-27T23:47:15Z,2011-06-28T04:30:00Z,2011-06-27T23:05:44Z,2011-06-28T04:38:04Z,2491,484,19,1,19,48.3331409821658,-4.57046552454105
B25,hg32-02-11,2011-06-29T00:38:00Z,2011-06-29T00:50:00Z,2011-06-29T00:34:32Z,2011-06-29T00:34:32Z,208,928,20,1,20,48.325612256464,-4.57530854110283
B25,hg32-02-11,2011-06-29T00:57:15Z,2011-06-29T05:10:00Z,2011-06-29T00:34:32Z,2011-06-29T05:15:08Z,1363,308,21,1,21,48.3260792068133,-4.57528362759334
B25,hg32-02-11,2011-06-30T00:47:00Z,2011-06-30T01:02:00Z,2011-06-30T00:44:52Z,2011-06-30T00:44:52Z,128,1028,23,1,23,48.3272524029483,-4.57604565328939
B25,hg32-02-11,2011-07-01T01:11:30Z,2011-07-01T02:07:00Z,2011-07-01T01:01:16Z,2011-07-01T02:28:36Z,614,1296,24,1,24,48.3377962891385,-4.55570526377819
B25,hg32-02-11,2011-07-02T02:39:30Z,2011-07-02T03:05:00Z,2011-07-02T02:29:32Z,2011-07-02T03:32:44Z,598,1664,27,1,27,48.3346259231808,-4.56037148443477
B25,hg32-02-11,2011-07-02T12:49:00Z,2011-07-02T13:04:00Z,2011-07-02T12:12:48Z,2011-07-02T12:12:48Z,2172,3072,28,1,28,48.3391363300482,-4.55184246656699
B25,hg32-02-11,2011-07-03T02:33:30Z,2011-07-03T03:14:00Z,2011-07-03T02:25:40Z,2011-07-03T02:25:40Z,470,2900,30,1,30,48.3386428723086,-4.55493258984607
B25,hg32-02-11,2011-07-04T09:56:00Z,2011-07-04T10:32:00Z,2011-07-04T09:59:16Z,2011-07-04T10:33:24Z,196,84,32,1,32,48.3684005737305,-4.86688995361328
B25,hg32-02-11,2011-07-04T11:31:00Z,2011-07-04T11:49:00Z,2011-07-04T11:35:28Z,2011-07-04T12:00:12Z,268,672,33,1,33,48.343879699707,-4.88079977035522
B25,hg32-02-11,2011-07-04T11:52:30Z,2011-07-04T12:33:00Z,2011-07-04T12:00:12Z,2011-07-04T12:31:04Z,462,116,34,1,34,48.3430557250976,-4.88216495513916
B25,hg32-02-11,2011-07-04T21:54:45Z,2011-07-05T02:51:00Z,2011-07-04T21:50:52Z,2011-07-05T02:54:56Z,233,236,35,1,35,48.3405151367188,-4.87573480606079
B25,hg32-02-11,2011-07-05T10:56:30Z,2011-07-05T11:28:00Z,2011-07-05T10:55:44Z,2011-07-05T11:19:12Z,46,528,36,1,36,48.3433589935303,-4.88075494766235
B25,hg32-02-11,2011-07-05T11:52:15Z,2011-07-05T14:08:00Z,2011-07-05T11:49:48Z,2011-07-05T14:22:28Z,147,868,37,1,37,48.340518951416,-4.87578010559082
B25,hg32-02-11,2011-07-06T00:06:15Z,2011-07-06T03:34:00Z,2011-07-06T00:04:28Z,2011-07-06T03:34:04Z,107,4,38,1,38,48.366346359253,-4.85552501678466
B25,hg32-02-11,2011-07-06T11:47:00Z,2011-07-06T12:38:00Z,2011-07-06T11:49:16Z,2011-07-06T12:48:48Z,136,648,39,1,39,48.3678016662598,-4.86050987243652
B25,hg32-02-11,2011-07-06T13:35:30Z,2011-07-06T13:55:00Z,2011-07-06T13:31:36Z,2011-07-06T13:54:56Z,234,4,40,1,40,48.3434982299804,-4.87995505332947
B25,hg32-02-11,2011-07-09T15:06:30Z,2011-07-09T16:02:00Z,2011-07-09T15:02:12Z,2011-07-09T16:14:16Z,258,736,41,1,41,48.3664817810059,-4.85518980026245
B25,hg32-02-11,2011-07-10T01:50:15Z,2011-07-10T05:51:00Z,2011-07-10T01:47:08Z,2011-07-10T05:53:04Z,187,124,42,1,42,48.3192825317383,-4.87946001688639
B25,hg32-02-11,2011-07-10T15:32:00Z,2011-07-10T16:14:00Z,2011-07-10T15:33:44Z,2011-07-10T16:17:08Z,104,188,43,1,43,48.3659992218018,-4.85585498809814
B25,hg32-02-11,2011-07-10T17:10:30Z,2011-07-10T17:36:00Z,2011-07-10T17:10:24Z,2011-07-10T17:38:04Z,6,124,44,1,44,48.3674583435059,-4.86054992675781
B25,hg32-02-11,2011-07-10T18:17:30Z,2011-07-10T19:13:00Z,2011-07-10T18:21:36Z,2011-07-10T19:08:12Z,246,288,45,1,45,48.3617839813232,-4.84610486030578
B25,hg32-02-11,2011-07-11T05:06:15Z,2011-07-11T07:58:00Z,2011-07-11T05:05:32Z,2011-07-11T08:01:48Z,43,228,46,1,46,48.3662052154541,-4.85488486289978
B25,hg32-02-11,2011-07-11T15:21:45Z,2011-07-11T21:42:00Z,2011-07-11T15:26:44Z,2011-07-11T21:46:56Z,299,296,47,1,47,48.3436069488525,-4.87359750270843
B25,hg32-02-11,2011-07-12T03:53:00Z,2011-07-12T05:20:00Z,2011-07-12T03:53:00Z,2011-07-12T05:20:12Z,0,12,48,1,48,48.3435897827148,-4.87337017059326
B25,hg32-02-11,2011-07-12T05:28:15Z,2011-07-12T08:53:00Z,2011-07-12T05:30:12Z,2011-07-12T08:50:12Z,117,168,49,1,49,48.3405100504557,-4.87551657358806
B25,hg32-02-11,2011-07-12T17:45:15Z,2011-07-12T22:19:00Z,2011-07-12T17:44:12Z,2011-07-12T22:24:04Z,63,304,50,1,50,48.3407465616862,-4.87585322062174
B25,hg32-02-11,2011-07-13T05:01:30Z,2011-07-13T06:18:00Z,2011-07-13T04:57:20Z,2011-07-13T06:22:00Z,250,240,51,1,51,48.3437614440918,-4.87362003326416
B25,hg32-02-11,2011-07-13T06:24:15Z,2011-07-13T09:37:00Z,2011-07-13T06:22:00Z,2011-07-13T09:38:08Z,135,68,52,1,52,48.3407497406006,-4.87591481208801
B25,hg32-02-11,2011-07-13T19:24:15Z,2011-07-13T22:43:00Z,2011-07-13T19:22:04Z,2011-07-13T22:46:52Z,131,232,53,1,53,48.3431453704834,-4.87981486320496
B25,hg32-02-11,2011-07-18T00:35:15Z,2011-07-18T03:00:00Z,2011-07-18T00:37:32Z,2011-07-18T03:01:04Z,137,64,55,1,55,48.3438301086426,-4.52955985069275
B25,hg32-02-11,2011-07-18T15:07:00Z,2011-07-18T16:16:00Z,2011-07-18T14:15:20Z,2011-07-18T14:15:20Z,3100,7240,56,1,56,48.3381761792276,-4.55344671180358
B25,hg32-02-11,2011-07-19T02:21:30Z,2011-07-19T02:56:00Z,2011-07-19T02:24:52Z,2011-07-19T02:58:16Z,202,136,57,1,57,48.3437995910645,-4.52922010421753
B25,hg32-02-11,2011-07-19T03:29:00Z,2011-07-19T04:41:00Z,2011-07-19T03:18:40Z,2011-07-19T03:18:40Z,620,4940,58,1,58,48.3390875756044,-4.54992223530427
B25,hg32-02-11,2011-07-20T02:53:00Z,2011-07-20T03:23:00Z,2011-07-20T02:52:44Z,2011-07-20T03:23:12Z,16,12,61,1,61,48.3438911437988,-4.52897977828979
B25,hg32-02-11,2011-07-20T04:02:30Z,2011-07-20T05:28:00Z,2011-07-20T03:56:20Z,2011-07-20T03:56:20Z,370,5500,62,1,62,48.3378979864148,-4.55651742453406
B25,hg32-02-11,2011-07-20T08:15:00Z,2011-07-20T09:18:00Z,2011-07-20T08:04:12Z,2011-07-20T08:04:12Z,648,4428,63,1,63,48.3338260719088,-4.56152824451223
B25,hg32-02-11,2011-07-21T12:00:00Z,2011-07-21T13:12:00Z,2011-07-21T11:58:56Z,2011-07-21T13:12:04Z,64,4,64,1,64,48.3678588867188,-4.86605978012085
B25,hg32-02-11,2011-07-21T13:37:30Z,2011-07-21T14:12:00Z,2011-07-21T13:34:48Z,2011-07-21T14:14:36Z,162,156,65,1,65,48.3625907897949,-4.8554801940918
B25,hg32-02-11,2011-07-21T22:41:45Z,2011-07-22T04:50:00Z,2011-07-21T22:44:24Z,2011-07-22T04:52:24Z,159,144,66,1,66,48.3669662475586,-4.86086670557658
B25,hg32-02-11,2011-07-22T11:04:30Z,2011-07-22T12:36:00Z,2011-07-22T11:08:16Z,2011-07-22T12:38:04Z,226,124,67,1,67,48.3697509765625,-4.87587976455688
B25,hg32-02-11,2011-07-22T23:49:30Z,2011-07-23T00:24:00Z,2011-07-22T23:51:40Z,2011-07-23T00:27:08Z,130,188,70,1,70,48.3669013977051,-4.86122989654541
B25,hg32-02-11,2011-07-23T00:35:45Z,2011-07-23T05:38:00Z,2011-07-23T00:37:08Z,2011-07-23T05:37:08Z,83,52,71,1,71,48.3671255111694,-4.86055254936218
B25,hg32-02-11,2011-07-23T15:35:00Z,2011-07-23T16:05:00Z,2011-07-23T15:30:00Z,2011-07-23T16:06:28Z,300,88,72,1,72,48.3404884338379,-4.87528991699219
B25,hg32-02-11,2011-07-24T02:14:30Z,2011-07-24T02:28:00Z,2011-07-24T02:14:12Z,2011-07-24T02:25:08Z,18,172,73,1,73,48.3409194946289,-4.87573003768921
B25,hg32-02-11,2011-07-24T03:28:15Z,2011-07-24T05:50:00Z,2011-07-24T03:30:40Z,2011-07-24T05:51:56Z,145,116,74,1,74,48.3625755310058,-4.85524487495423
B25,hg32-02-11,2011-07-24T13:52:15Z,2011-07-24T18:20:00Z,2011-07-24T13:49:48Z,2011-07-24T18:27:28Z,147,448,75,1,75,48.3663101196289,-4.85516007741292
B25,hg32-02-11,2011-07-25T03:07:30Z,2011-07-25T04:42:00Z,2011-07-25T03:17:24Z,2011-07-25T04:37:16Z,594,284,76,1,76,48.366081237793,-4.85549998283386
B25,hg32-02-11,2011-07-25T04:50:30Z,2011-07-25T05:40:00Z,2011-07-25T04:47:16Z,2011-07-25T05:57:48Z,194,1068,77,1,77,48.3669586181641,-4.86028003692627
B25,hg32-02-11,2011-07-25T12:38:15Z,2011-07-25T14:24:00Z,2011-07-25T12:36:24Z,2011-07-25T14:26:04Z,111,124,78,1,78,48.3674011230469,-4.86090993881226
B25,hg32-02-11,2011-07-25T14:28:45Z,2011-07-25T20:37:00Z,2011-07-25T14:26:04Z,2011-07-25T20:42:56Z,161,356,79,1,79,48.3678302764893,-4.86094999313354
B25,hg32-02-11,2011-07-26T15:38:45Z,2011-07-26T22:17:00Z,2011-07-26T15:43:56Z,2011-07-26T22:19:12Z,311,132,0,1,0,48.3666737874349,-4.86051336924235
B25,hg32-02-11,2011-07-27T03:01:30Z,2011-07-27T03:15:00Z,2011-07-27T03:09:48Z,2011-07-27T03:09:48Z,498,312,1,1,1,48.3673515319824,-4.86038017272949
B25,hg32-02-11,2011-07-27T16:09:30Z,2011-07-27T16:38:00Z,2011-07-27T16:01:48Z,2011-07-27T16:01:48Z,462,2172,4,1,4,48.3311474662782,-4.73182627248775
B25,hg32-02-11,2011-07-28T03:30:30Z,2011-07-28T04:05:00Z,2011-07-28T03:25:12Z,2011-07-28T04:14:20Z,318,560,5,1,5,48.3258353987736,-4.57704487487452
B25,hg32-02-11,2011-08-01T04:19:15Z,2011-08-01T06:20:00Z,2011-08-01T04:12:20Z,2011-08-01T06:35:08Z,415,908,10,1,10,48.3349605931176,-4.56022725881092
B25,hg32-02-11,2011-08-01T07:01:00Z,2011-08-01T07:28:00Z,2011-08-01T06:35:08Z,2011-08-01T06:35:08Z,1552,3172,11,1,11,48.3356047934957,-4.55903380336577
B25,hg32-02-11,2011-08-01T13:39:15Z,2011-08-01T15:22:00Z,2011-08-01T13:19:16Z,2011-08-01T15:46:40Z,1199,1480,12,1,12,48.3369786930213,-4.55783816534499
B25,hg32-02-11,2011-08-03T11:36:15Z,2011-08-03T13:37:00Z,2011-08-03T11:28:16Z,2011-08-03T13:46:48Z,479,588,13,1,13,48.3435401916504,-4.88073015213013
B25,hg32-02-11,2011-08-03T21:29:00Z,2011-08-03T22:50:00Z,2011-08-03T21:25:00Z,2011-08-03T22:51:48Z,240,108,14,1,14,48.3192291259766,-4.87990999221802
B25,hg32-02-11,2011-08-03T23:15:15Z,2011-08-04T02:19:00Z,2011-08-03T23:21:48Z,2011-08-04T02:16:04Z,393,176,15,1,15,48.3200759887695,-4.87745237350464
B25,hg32-02-11,2011-08-04T11:15:15Z,2011-08-04T13:34:00Z,2011-08-04T11:16:32Z,2011-08-04T13:35:28Z,77,88,16,1,16,48.3437118530273,-4.88020992279053
B25,hg32-02-11,2011-08-04T22:08:45Z,2011-08-05T04:35:00Z,2011-08-04T22:06:00Z,2011-08-05T04:37:08Z,165,128,17,1,17,48.320063273112,-4.8774364789327
B25,hg32-02-11,2011-08-05T12:22:30Z,2011-08-05T13:27:00Z,2011-08-05T12:20:04Z,2011-08-05T13:28:04Z,146,64,18,1,18,48.3434104919434,-4.87996006011963
B25,hg32-02-11,2011-08-05T23:10:00Z,2011-08-05T23:40:00Z,2011-08-05T23:12:48Z,2011-08-05T23:41:08Z,168,68,19,1,19,48.3441696166992,-4.87323999404907
B25,hg32-02-11,2011-08-05T23:48:30Z,2011-08-06T00:23:00Z,2011-08-05T23:51:08Z,2011-08-06T00:24:24Z,158,84,20,1,20,48.3407783508301,-4.87580013275146
B25,hg32-02-11,2011-08-06T01:09:15Z,2011-08-06T04:04:00Z,2011-08-06T01:05:32Z,2011-08-06T04:07:16Z,223,196,21,1,21,48.3410205841065,-4.87578010559082
B25,hg32-02-11,2011-08-06T22:54:15Z,2011-08-07T00:43:00Z,2011-08-06T22:55:56Z,2011-08-07T00:46:52Z,101,232,23,1,23,48.3439083099365,-4.87249493598938
B25,hg32-02-11,2011-08-07T01:27:15Z,2011-08-07T05:31:00Z,2011-08-07T01:29:40Z,2011-08-07T05:33:52Z,145,172,24,1,24,48.3435440063477,-4.87348000208537
B25,hg32-02-11,2011-08-07T14:26:15Z,2011-08-07T17:18:00Z,2011-08-07T14:31:00Z,2011-08-07T17:19:32Z,285,92,25,1,25,48.3441562652588,-4.87363505363464
B25,hg32-02-11,2011-08-10T10:46:30Z,2011-08-10T11:24:00Z,2011-08-10T11:57:56Z,2011-08-10T11:57:56Z,4286,2036,27,1,27,48.3265624193719,-4.57321761136474
B25,hg32-02-11,2011-08-11T03:31:00Z,2011-08-11T05:04:00Z,2011-08-11T05:06:40Z,2011-08-11T05:06:40Z,5740,160,28,1,28,48.3261645149637,-4.5752419444723
B25,hg32-02-11,2011-08-12T00:58:00Z,2011-08-12T01:16:00Z,2011-08-12T01:25:24Z,2011-08-12T01:25:24Z,1644,564,29,1,29,48.3368518166231,-4.55637620355481
B25,hg32-02-11,2011-08-12T04:33:00Z,2011-08-12T05:33:00Z,2011-08-12T04:12:44Z,2011-08-12T04:12:44Z,1216,4816,30,1,30,48.3267713758681,-4.57237132390337
B25,hg32-02-11,2011-08-13T07:55:30Z,2011-08-13T08:39:00Z,2011-08-13T07:51:28Z,2011-08-13T08:37:16Z,242,104,32,1,32,48.3415050506592,-4.87519502639771
B25,hg32-02-11,2011-08-13T08:57:30Z,2011-08-13T09:41:00Z,2011-08-13T08:57:20Z,2011-08-13T09:42:04Z,10,64,33,1,33,48.3439788818359,-4.88023996353149
B25,hg32-02-11,2011-08-13T09:54:15Z,2011-08-13T11:55:00Z,2011-08-13T09:52:04Z,2011-08-13T11:56:36Z,131,96,34,1,34,48.3408946990967,-4.87572503089904
B25,hg32-02-11,2011-08-13T19:14:45Z,2011-08-14T00:47:00Z,2011-08-13T19:15:56Z,2011-08-14T00:50:48Z,71,228,35,1,35,48.3404922485352,-4.87558233737946
B25,hg32-02-11,2011-08-14T09:17:15Z,2011-08-14T11:15:00Z,2011-08-14T09:19:20Z,2011-08-14T11:16:04Z,125,64,38,1,38,48.3437099456787,-4.88037991523743
B25,hg32-02-11,2011-08-14T19:30:30Z,2011-08-14T21:05:00Z,2011-08-14T18:23:08Z,2011-08-14T21:06:16Z,4042,76,39,1,39,48.3432726144888,-4.87460771939883
B25,hg32-02-11,2011-08-14T21:17:15Z,2011-08-15T01:18:00Z,2011-08-14T21:16:16Z,2011-08-15T01:22:28Z,59,268,40,1,40,48.3407554626465,-4.87579989433288
B25,hg32-02-11,2011-08-15T06:37:30Z,2011-08-15T07:42:00Z,2011-08-15T06:40:16Z,2011-08-15T07:46:56Z,166,296,41,1,41,48.3437004089355,-4.87357997894287
B25,hg32-02-11,2011-08-15T11:44:00Z,2011-08-15T12:14:00Z,2011-08-15T11:47:48Z,2011-08-15T12:15:16Z,228,76,42,1,42,48.3405609130859,-4.87597990036011
B25,hg32-02-11,2011-08-15T20:59:15Z,2011-08-16T01:24:00Z,2011-08-15T20:27:00Z,2011-08-16T01:27:15Z,1935,195,43,1,43,48.328461701824,-4.87466814575554
B25,hg32-02-11,2011-08-16T10:19:30Z,2011-08-16T10:30:00Z,2011-08-16T10:21:24Z,2011-08-16T10:32:56Z,114,176,44,1,44,48.3433799743652,-4.88014984130859
B25,hg32-02-11,2011-08-16T11:34:30Z,2011-08-16T12:42:00Z,2011-08-16T11:36:56Z,2011-08-16T12:44:28Z,146,148,45,1,45,48.3663597106934,-4.85472011566162
B25,hg32-02-11,2011-08-17T22:36:00Z,2011-08-17T23:06:00Z,2011-08-17T22:26:56Z,2011-08-17T23:07:12Z,544,72,46,1,46,48.3255406499699,-4.57703156660678
B25,hg32-02-11,2011-08-17T23:23:15Z,2011-08-18T01:48:00Z,2011-08-17T23:37:16Z,2011-08-18T01:17:16Z,841,1844,47,1,47,48.3259010314942,-4.5759150981903
B25,hg32-02-11,2011-08-18T05:57:00Z,2011-08-18T06:24:00Z,2011-08-18T05:31:08Z,2011-08-18T05:31:08Z,1552,3172,48,1,48,48.3313683485497,-4.56903503011487
B25,hg32-02-11,2011-08-18T06:34:30Z,2011-08-18T07:15:00Z,2011-08-18T05:31:08Z,2011-08-18T07:44:24Z,3802,1764,49,1,49,48.3319396013735,-4.56651157459753
B25,hg32-02-11,2011-08-18T23:22:15Z,2011-08-19T02:41:00Z,2011-08-18T22:27:04Z,2011-08-18T22:27:04Z,3311,15236,50,1,50,48.3281575974151,-4.57074126019233
B25,hg32-02-11,2011-08-19T23:48:15Z,2011-08-20T03:31:00Z,2011-08-19T23:40:44Z,2011-08-20T05:30:16Z,451,7156,51,1,51,48.3258765570062,-4.57791982556765
B25,hg32-02-11,2011-08-20T11:57:15Z,2011-08-20T14:01:00Z,2011-08-20T11:12:28Z,2011-08-20T16:06:04Z,2687,7504,52,1,52,48.3239350383874,-4.58004855139219
B25,hg32-02-11,2011-08-20T21:37:30Z,2011-08-20T23:09:00Z,2011-08-20T20:55:08Z,2011-08-20T23:24:48Z,2542,948,53,1,53,48.3297238551691,-4.58262866408859
B25,hg32-02-11,2011-08-21T18:25:00Z,2011-08-21T19:07:00Z,2011-08-21T18:01:48Z,2011-08-21T18:01:48Z,1392,3912,55,1,55,48.3377817743475,-4.5592094282671
B25,hg32-02-11,2011-08-21T21:38:45Z,2011-08-22T04:47:00Z,2011-08-21T21:26:40Z,2011-08-22T05:58:32Z,725,4292,56,1,56,48.3256989500429,-4.57777995144399
B25,hg32-02-11,2011-08-22T23:21:45Z,2011-08-23T05:54:00Z,2011-08-22T22:58:00Z,2011-08-23T06:11:44Z,1425,1064,57,1,57,48.3245682439326,-4.57624936181695
B25,hg32-02-11,2011-08-23T23:27:15Z,2011-08-24T01:07:00Z,2011-08-24T01:08:00Z,2011-08-24T01:08:00Z,6045,60,58,1,58,48.3308321859607,-4.57454258703959
B25,hg32-02-11,2011-08-24T01:15:15Z,2011-08-24T05:49:00Z,2011-08-24T01:08:00Z,2011-08-24T05:58:20Z,435,560,59,1,59,48.3255786386615,-4.57714665004484
B25,hg32-02-11,2011-08-24T23:29:45Z,2011-08-25T06:14:00Z,2011-08-24T23:09:36Z,2011-08-25T06:23:28Z,1209,568,60,1,60,48.3268010838308,-4.57500259090996
B25,hg32-02-11,2011-08-26T03:13:15Z,2011-08-26T04:50:00Z,2011-08-26T04:51:44Z,2011-08-26T04:51:44Z,5909,104,61,1,61,48.3278478447695,-4.5726197371815704
B25,hg32-02-11,2011-08-28T22:56:30Z,2011-08-28T23:16:00Z,2011-08-28T22:31:12Z,2011-08-28T23:22:20Z,1518,380,64,1,64,48.3259719813818,-4.57713530194194
B25,hg32-02-11,2011-08-29T00:24:15Z,2011-08-29T02:07:00Z,2011-08-29T00:20:00Z,2011-08-29T03:17:44Z,255,4244,65,1,65,48.3398694546706,-4.55826947028164
B25,hg32-02-11,2011-08-29T06:04:00Z,2011-08-29T06:25:00Z,2011-08-29T05:56:44Z,2011-08-29T05:56:44Z,436,1696,66,1,66,48.3350415049295,-4.56001125440883
B25,hg32-02-11,2011-08-29T08:05:30Z,2011-08-29T09:34:00Z,2011-08-29T09:40:24Z,2011-08-29T09:40:24Z,5694,384,67,1,67,48.3378455589852,-4.55652670753695
B25,hg32-02-11,2011-08-31T11:57:30Z,2011-08-31T12:53:00Z,2011-08-31T11:59:12Z,2011-08-31T12:54:56Z,102,116,70,1,70,48.3434715270996,-4.88077020645142
B25,hg32-02-11,2011-08-31T20:59:00Z,2011-08-31T21:47:00Z,2011-08-31T21:05:40Z,2011-08-31T21:48:32Z,400,92,71,1,71,48.3407402038574,-4.87552976608276
B25,hg32-02-11,2011-08-31T22:06:15Z,2011-09-01T00:52:00Z,2011-08-31T22:08:32Z,2011-09-01T00:49:16Z,137,164,72,1,72,48.3437410990397,-4.88127994537353
B25,hg32-02-11,2011-09-01T01:05:00Z,2011-09-01T02:32:00Z,2011-09-01T01:10:28Z,2011-09-01T02:32:44Z,328,44,73,1,73,48.3410110473633,-4.87571001052856
B25,hg32-02-11,2011-09-01T09:56:30Z,2011-09-01T10:37:00Z,2011-09-01T10:00:04Z,2011-09-01T10:38:16Z,214,76,74,1,74,48.3436813354492,-4.88041019439697
B25,hg32-02-11,2011-09-01T11:50:00Z,2011-09-01T12:23:00Z,2011-09-01T11:48:28Z,2011-09-01T12:25:24Z,92,144,75,1,75,48.3438110351563,-4.8810601234436
B25,hg32-02-11,2011-09-02T00:26:00Z,2011-09-02T01:23:00Z,2011-09-02T00:23:56Z,2011-09-02T01:24:04Z,124,64,76,1,76,48.3257217407227,-4.57808017730713
B25,hg32-02-11,2011-09-02T04:39:30Z,2011-09-02T05:02:00Z,2011-09-02T04:29:32Z,2011-09-02T04:29:32Z,598,1948,77,1,77,48.3386952082315,-4.55397649587985
B25,hg32-02-11,2011-09-02T09:01:30Z,2011-09-02T09:15:00Z,2011-09-02T08:09:08Z,2011-09-02T10:04:24Z,3142,2964,78,1,78,48.3348448275141,-4.56059259986381
B25,hg32-02-11,2011-09-02T10:45:30Z,2011-09-02T11:41:00Z,2011-09-02T10:39:40Z,2011-09-02T11:52:04Z,350,664,79,1,79,48.3248404859398,-4.57574668762665
B25,hg32-02-11,2011-09-03T21:54:30Z,2011-09-03T23:08:00Z,2011-09-03T21:48:28Z,2011-09-03T23:09:52Z,362,112,81,1,81,48.3257353850606,-4.57557007897405
B25,hg32-02-11,2011-09-06T04:21:15Z,2011-09-06T08:16:00Z,2011-09-06T04:17:44Z,2011-09-06T08:17:48Z,211,108,82,1,82,48.3678995768229,-4.86084985733032
B25,hg32-02-11,2011-09-07T00:27:15Z,2011-09-07T03:37:00Z,2011-09-07T00:30:20Z,2011-09-07T03:37:24Z,185,24,85,1,85,48.36767578125,-4.86102986335755
B25,hg32-02-11,2011-09-07T03:44:15Z,2011-09-07T08:03:00Z,2011-09-07T03:47:24Z,2011-09-07T08:03:28Z,189,28,86,1,86,48.3674278259277,-4.86082331339518
B25,hg32-02-11,2011-09-08T02:25:45Z,2011-09-08T10:10:00Z,2011-09-08T02:26:24Z,2011-09-08T10:12:28Z,39,148,89,1,89,48.3677520751953,-4.86072607040405
B25,hg32-02-11,2011-09-08T16:17:45Z,2011-09-08T23:14:00Z,2011-09-08T16:25:36Z,2011-09-08T23:19:20Z,471,320,90,1,90,48.3675033569336,-4.86046810150147
B25,hg32-02-11,2011-09-09T03:25:15Z,2011-09-09T05:35:00Z,2011-09-09T03:29:36Z,2011-09-09T05:33:28Z,261,92,91,1,91,48.367800394694,-4.86110337575277
B25,hg32-02-11,2011-09-09T06:02:15Z,2011-09-09T10:03:00Z,2011-09-09T06:04:28Z,2011-09-09T10:05:04Z,133,124,92,1,92,48.3678302764893,-4.86059999465942
B25,hg32-02-11,2011-09-09T18:51:15Z,2011-09-09T21:43:00Z,2011-09-09T18:59:24Z,2011-09-09T21:56:36Z,489,816,93,1,93,48.3663902282715,-4.85505986213684
B25,hg32-02-11,2011-09-10T05:43:45Z,2011-09-10T11:52:00Z,2011-09-10T05:44:00Z,2011-09-10T11:53:24Z,15,84,94,1,94,48.3676996231079,-4.86059761047363
B25,hg32-02-11,2011-09-10T18:14:45Z,2011-09-11T00:11:00Z,2011-09-10T18:15:20Z,2011-09-11T00:13:52Z,35,172,95,1,95,48.3677543640137,-4.86093597412109
B25,hg32-02-11,2011-09-11T08:22:15Z,2011-09-11T11:35:00Z,2011-09-11T08:19:24Z,2011-09-11T11:41:16Z,171,376,96,1,96,48.3678150177002,-4.86083006858826
B25,hg32-02-11,2011-09-11T19:52:15Z,2011-09-12T00:29:00Z,2011-09-11T19:52:28Z,2011-09-12T01:24:24Z,13,3324,97,1,97,48.367862701416,-4.86086002985636
B25,hg32-02-11,2011-09-12T07:31:15Z,2011-09-12T11:50:00Z,2011-09-12T07:34:48Z,2011-09-12T12:30:44Z,213,2444,98,1,98,48.367919921875,-4.86063671112061
B25,hg32-02-11,2011-09-12T20:09:00Z,2011-09-12T21:27:00Z,2011-09-12T20:17:20Z,2011-09-12T21:29:16Z,500,136,99,1,99,48.3602485656738,-4.84944009780884
B25,hg32-02-11,2011-09-12T22:01:15Z,2011-09-13T01:02:00Z,2011-09-12T21:59:20Z,2011-09-12T23:49:20Z,115,4360,100,1,100,48.3679752349854,-4.86042499542237
B25,hg32-02-11,2011-09-13T08:28:15Z,2011-09-13T10:32:00Z,2011-09-13T08:25:08Z,2011-09-13T10:33:12Z,187,72,101,1,101,48.367784500122,-4.86069011688232
B25,hg32-02-11,2011-09-13T10:44:15Z,2011-09-13T12:54:00Z,2011-09-13T10:44:08Z,2011-09-13T12:56:08Z,7,128,102,1,102,48.3679351806641,-4.86055994033813
B25,hg32-02-11,2011-09-13T19:19:15Z,2011-09-13T21:26:00Z,2011-09-13T19:22:28Z,2011-09-13T21:23:48Z,193,132,103,1,103,48.3675473531087,-4.86071666081746
B25,hg32-02-11,2011-09-13T21:39:15Z,2011-09-14T00:37:00Z,2011-09-13T21:43:52Z,2011-09-14T00:42:04Z,277,304,104,1,104,48.3620815277099,-4.85520482063293
B25,hg32-02-11,2011-09-14T08:34:00Z,2011-09-14T09:19:00Z,2011-09-14T08:30:04Z,2011-09-14T09:20:44Z,236,104,105,1,105,48.3678207397461,-4.86069011688232
B25,hg32-02-11,2011-09-14T09:36:15Z,2011-09-14T11:22:00Z,2011-09-14T09:31:16Z,2011-09-14T11:21:44Z,299,16,106,1,106,48.3677501678467,-4.86038017272949
B25,hg32-02-11,2011-09-14T21:49:15Z,2011-09-15T00:17:00Z,2011-09-14T21:51:28Z,2011-09-15T00:18:16Z,133,76,107,1,107,48.3408699035645,-4.87571001052856
B25,hg32-02-11,2011-09-15T10:19:30Z,2011-09-15T11:09:00Z,2011-09-15T10:18:24Z,2011-09-15T11:10:28Z,66,88,108,1,108,48.3434906005859,-4.88017988204956
B25,hg32-02-11,2011-09-15T11:40:30Z,2011-09-15T12:27:00Z,2011-09-15T11:40:44Z,2011-09-15T12:29:36Z,14,156,109,1,109,48.3435802459717,-4.88024997711181
B25,hg32-02-11,2011-09-15T20:36:00Z,2011-09-15T21:24:00Z,2011-09-15T20:35:16Z,2011-09-15T21:25:40Z,44,100,110,1,110,48.3406728815149,-4.87576268337393
B25,hg32-02-11,2011-09-16T00:07:30Z,2011-09-16T01:12:00Z,2011-09-16T00:07:00Z,2011-09-16T01:10:20Z,30,100,111,1,111,48.3658752441407,-4.8792850971222
B25,hg32-02-11,2011-09-16T10:56:15Z,2011-09-16T13:27:00Z,2011-09-16T10:55:56Z,2011-09-16T13:33:16Z,19,376,112,1,112,48.343635559082,-4.88037490844727
B25,hg32-02-11,2011-09-16T20:57:00Z,2011-09-16T21:42:00Z,2011-09-16T20:55:44Z,2011-09-16T21:45:48Z,76,228,113,1,113,48.3438911437988,-4.87366008758545
B25,hg32-02-11,2011-09-16T22:47:15Z,2011-09-17T01:48:00Z,2011-09-16T22:44:48Z,2011-09-17T02:06:36Z,147,1116,114,1,114,48.340805053711,-4.87544989585876
B25,hg32-02-11,2011-09-17T12:17:30Z,2011-09-17T12:52:00Z,2011-09-17T12:17:52Z,2011-09-17T12:27:52Z,22,1448,115,1,115,48.3653507232666,-4.87900996208191
B25,hg32-02-11,2011-09-17T21:30:30Z,2011-09-17T22:35:00Z,2011-09-17T21:27:52Z,2011-09-17T22:37:00Z,158,120,116,1,116,48.3707313537598,-4.87794017791748
B25,hg32-02-11,2011-09-17T22:43:15Z,2011-09-18T02:44:00Z,2011-09-17T22:47:00Z,2011-09-18T02:55:20Z,225,680,117,1,117,48.3658459981283,-4.87885999679566
B25,hg32-02-11,2011-09-18T10:11:45Z,2011-09-18T15:44:00Z,2011-09-18T10:12:52Z,2011-09-18T15:46:08Z,67,128,118,1,118,48.3697105407715,-4.87585401535034
B25,hg32-02-11,2011-09-19T06:35:00Z,2011-09-19T07:02:00Z,2011-09-19T07:53:44Z,2011-09-19T07:53:44Z,4724,3104,119,1,119,48.3335761080857,-4.58429360841482
B25,hg32-02-11,2011-09-19T17:11:30Z,2011-09-19T17:52:00Z,2011-09-19T18:02:24Z,2011-09-19T18:02:24Z,3054,624,120,1,120,48.3364890128865,-4.55698866335015
B25,hg32-02-11,2011-09-20T04:11:00Z,2011-09-20T04:53:00Z,2011-09-20T04:09:08Z,2011-09-20T04:09:08Z,112,2632,121,1,121,48.3364836686142,-4.5567268168361
B25,hg32-02-11,2011-09-24T02:12:00Z,2011-09-24T02:30:00Z,2011-09-24T01:31:34Z,2011-09-24T01:31:34Z,2426,3506,128,1,128,48.3257040360905,-4.57772447493287
B25,hg32-02-11,2011-09-24T02:53:15Z,2011-09-24T05:39:00Z,2011-09-24T01:31:34Z,2011-09-24T05:40:20Z,4901,80,129,1,129,48.3257605281637,-4.57675726885254
B25,hg32-02-11,2011-09-24T23:46:00Z,2011-09-25T01:04:00Z,2011-09-24T22:36:08Z,2011-09-25T01:24:00Z,4192,1200,130,1,130,48.3323196308113,-4.56405709412889
B25,hg32-02-11,2011-09-25T03:37:15Z,2011-09-25T05:50:00Z,2011-09-25T02:57:28Z,2011-09-25T06:01:08Z,2387,668,131,1,131,48.3258869413455,-4.57618650368904
B25,hg32-02-11,2011-09-28T01:39:30Z,2011-09-28T02:56:00Z,2011-09-28T01:36:48Z,2011-09-28T03:46:04Z,162,3004,135,1,135,48.3372903334964,-4.55616019865244
B25,hg32-02-11,2011-09-28T07:57:30Z,2011-09-28T08:47:00Z,2011-09-28T08:48:44Z,2011-09-28T08:48:44Z,3074,104,136,1,136,48.3283706254201,-4.57564633533078
B25,hg32-02-11,2011-09-28T12:40:15Z,2011-09-28T14:56:00Z,2011-09-28T12:02:20Z,2011-09-28T12:02:20Z,2275,10420,137,1,137,48.3393295774111,-4.54827289621597
B25,hg32-02-11,2011-09-28T20:52:15Z,2011-09-29T00:17:00Z,2011-09-28T20:32:32Z,2011-09-29T00:46:00Z,1183,1740,138,1,138,48.3250586434705,-4.57771065950323
B25,hg32-02-11,2011-09-29T01:30:15Z,2011-09-29T03:13:00Z,2011-09-29T01:15:32Z,2011-09-29T03:17:04Z,883,244,139,1,139,48.3366796924592,-4.56145018326061
B25,hg32-02-11,2011-09-30T11:12:30Z,2011-09-30T11:35:00Z,2011-09-30T11:13:00Z,2011-09-30T11:36:24Z,30,84,141,1,141,48.3437442779541,-4.8810350894928
B25,hg32-02-11,2011-09-30T11:50:00Z,2011-09-30T12:44:00Z,2011-09-30T11:46:24Z,2011-09-30T12:45:12Z,216,72,142,1,142,48.3434715270996,-4.88104009628296
B25,hg32-02-11,2011-09-30T21:50:15Z,2011-10-01T02:30:00Z,2011-09-30T21:49:32Z,2011-10-01T02:33:48Z,43,228,143,1,143,48.3408838907878,-4.87575658162435
B25,hg32-02-11,2011-10-01T10:24:00Z,2011-10-01T10:48:00Z,2011-10-01T10:28:04Z,2011-10-01T10:47:16Z,244,44,144,1,144,48.3412342071533,-4.87620997428894
B25,hg32-02-11,2011-10-01T11:09:15Z,2011-10-01T13:43:00Z,2011-10-01T11:07:48Z,2011-10-01T13:41:32Z,87,88,145,1,145,48.3433036804199,-4.88039334615072
B25,hg32-02-11,2011-10-01T21:56:15Z,2011-10-02T02:36:00Z,2011-10-01T21:59:12Z,2011-10-02T02:37:36Z,177,96,146,1,146,48.340810139974,-4.8754301071167
B25,hg32-02-11,2011-10-02T21:48:30Z,2011-10-02T22:53:00Z,2011-10-02T20:33:12Z,2011-10-02T23:52:20Z,4518,3560,147,1,147,48.3265129995458,-4.58511127434184
B25,hg32-02-11,2011-10-03T16:25:00Z,2011-10-03T17:40:00Z,2011-10-03T15:32:48Z,2011-10-03T18:00:52Z,3132,1252,150,1,150,48.3391853437291,-4.55116043848692
B25,hg32-02-11,2011-10-03T22:35:45Z,2011-10-04T03:26:00Z,2011-10-03T22:36:32Z,2011-10-04T03:28:04Z,47,124,151,1,151,48.326099395752,-4.57531976699829
B25,hg32-02-11,2011-10-04T06:04:30Z,2011-10-04T07:21:00Z,2011-10-04T06:01:00Z,2011-10-04T06:01:00Z,210,4800,152,1,152,48.3379631159042,-4.55581908194644
B25,hg32-02-11,2011-10-04T22:32:45Z,2011-10-05T06:41:00Z,2011-10-04T22:27:04Z,2011-10-05T06:47:08Z,341,368,154,1,154,48.3270161966534,-4.57443232731634
B25,hg32-02-11,2011-10-07T23:12:00Z,2011-10-08T00:15:00Z,2011-10-07T23:04:32Z,2011-10-07T23:04:32Z,448,4228,158,1,158,48.335524590817,-4.55972616551468
B25,hg32-02-11,2011-10-08T23:26:15Z,2011-10-09T01:03:00Z,2011-10-08T23:22:04Z,2011-10-09T01:44:16Z,251,2476,161,1,161,48.3372972560387,-4.55569100804694
B25,hg32-02-11,2011-10-09T03:13:00Z,2011-10-09T03:28:00Z,2011-10-09T03:04:00Z,2011-10-09T03:35:32Z,540,452,162,1,162,48.3257751021273,-4.57618475514789
B25,hg32-02-11,2011-10-09T03:40:30Z,2011-10-09T05:00:00Z,2011-10-09T03:35:32Z,2011-10-09T05:07:28Z,298,448,163,1,163,48.3258435233423,-4.57679762444342
B25,hg32-02-11,2011-10-09T23:42:15Z,2011-10-10T01:19:00Z,2011-10-09T23:33:04Z,2011-10-10T01:55:56Z,551,2216,165,1,165,48.3352984465342,-4.55918155990916
B25,hg32-02-11,2011-10-10T09:33:30Z,2011-10-10T10:05:00Z,2011-10-10T09:33:00Z,2011-10-10T10:04:08Z,30,52,166,1,166,48.3434467315674,-4.88001990318298
B25,hg32-02-11,2011-10-10T19:30:15Z,2011-10-10T23:01:00Z,2011-10-10T19:33:40Z,2011-10-10T23:04:12Z,205,192,167,1,167,48.3185106913248,-4.87729660669963
B25,hg32-02-11,2011-10-11T08:13:00Z,2011-10-11T09:01:00Z,2011-10-11T08:12:04Z,2011-10-11T09:02:56Z,56,116,168,1,168,48.3436813354492,-4.87998008728027
B25,hg32-02-11,2011-10-11T09:34:00Z,2011-10-11T10:58:00Z,2011-10-11T09:35:04Z,2011-10-11T10:59:32Z,64,92,169,1,169,48.322021484375,-4.87735986709595
B25,hg32-02-11,2011-10-11T11:09:15Z,2011-10-11T12:49:00Z,2011-10-11T11:09:32Z,2011-10-11T12:51:08Z,17,128,170,1,170,48.3186187744141,-4.87707996368408
B25,hg32-02-11,2011-10-11T18:55:30Z,2011-10-11T19:33:00Z,2011-10-11T18:56:00Z,2011-10-11T19:48:32Z,30,932,171,1,171,48.3223686218262,-4.87738990783691
B25,hg32-02-11,2011-10-11T20:11:15Z,2011-10-12T00:27:00Z,2011-10-11T20:10:20Z,2011-10-12T00:38:32Z,55,692,172,1,172,48.3188705444336,-4.87740008036296
B25,hg32-02-11,2011-10-12T09:08:15Z,2011-10-12T12:24:00Z,2011-10-12T09:11:12Z,2011-10-12T12:26:08Z,177,128,173,1,173,48.3232460021973,-4.8393349647522
B25,hg32-02-11,2011-10-12T20:42:15Z,2011-10-13T00:07:00Z,2011-10-12T20:41:24Z,2011-10-13T00:09:04Z,51,124,174,1,174,48.3231010437012,-4.83917999267578
B25,hg32-02-11,2011-10-13T10:03:15Z,2011-10-13T12:37:00Z,2011-10-13T10:02:00Z,2011-10-13T12:39:28Z,75,148,175,1,175,48.323335647583,-4.83948016166687
B25,hg32-02-11,2011-10-13T21:32:15Z,2011-10-14T00:36:00Z,2011-10-13T21:34:44Z,2011-10-14T00:38:28Z,149,148,176,1,176,48.3231315612793,-4.8397798538208
B25,hg32-02-11,2011-10-14T09:29:15Z,2011-10-14T13:15:00Z,2011-10-14T09:29:56Z,2011-10-14T13:09:56Z,41,304,177,1,177,48.32320022583,-4.83965504169464
B25,hg32-02-11,2011-10-14T20:26:30Z,2011-10-14T21:52:00Z,2011-10-14T20:27:36Z,2011-10-14T21:54:20Z,66,140,178,1,178,48.3183784484863,-4.87751007080078
B25,hg32-02-11,2011-10-14T22:44:15Z,2011-10-15T00:51:00Z,2011-10-14T22:40:16Z,2011-10-15T00:51:40Z,239,40,179,1,179,48.3234786987305,-4.83960485458374
B25,hg32-02-11,2011-10-15T09:50:00Z,2011-10-15T10:56:00Z,2011-10-15T09:54:56Z,2011-10-15T10:57:24Z,296,84,180,1,180,48.3235511779785,-4.83983993530273
B25,hg32-02-11,2011-10-15T11:36:00Z,2011-10-15T13:00:00Z,2011-10-15T11:38:04Z,2011-10-15T13:01:40Z,124,100,181,1,181,48.3230094909668,-4.83894014358521
B25,hg32-02-11,2011-10-16T02:45:15Z,2011-10-16T04:22:00Z,2011-10-16T02:44:24Z,2011-10-16T02:44:24Z,51,5856,182,1,182,48.3366719832351,-4.5567971518364
B25,hg32-02-11,2011-10-17T16:40:00Z,2011-10-17T16:55:00Z,2011-10-17T17:25:28Z,2011-10-17T17:25:28Z,2728,1828,184,1,184,48.3388144182599,-4.55400034358526
B25,hg32-02-11,2011-10-19T02:45:00Z,2011-10-19T04:00:00Z,2011-10-19T02:41:24Z,2011-10-19T04:02:12Z,216,132,186,1,186,48.3188400268555,-4.87781000137329
B25,hg32-02-11,2011-10-19T04:33:30Z,2011-10-19T05:50:00Z,2011-10-19T04:35:56Z,2011-10-19T05:52:28Z,146,148,187,1,187,48.3182487487793,-4.87907981872559
B25,hg32-02-11,2011-10-19T14:17:30Z,2011-10-19T14:31:00Z,2011-10-19T14:18:32Z,2011-10-19T14:35:20Z,62,260,188,1,188,48.3186683654785,-4.87762022018433
B25,hg32-02-11,2011-10-19T20:16:15Z,2011-10-19T22:50:00Z,2011-10-19T20:16:00Z,2011-10-19T22:52:16Z,15,136,189,1,189,48.3698043823242,-4.88056516647339
B25,hg32-02-11,2011-10-20T01:00:15Z,2011-10-20T04:43:00Z,2011-10-20T00:58:44Z,2011-10-20T05:07:32Z,91,1472,190,1,190,48.3660583496094,-4.87901020050049
B25,hg32-02-11,2011-10-20T05:28:45Z,2011-10-20T13:55:00Z,2011-10-20T05:28:48Z,2011-10-20T13:56:56Z,3,116,191,1,191,48.3708778381348,-4.88062591552734
B25,hg32-02-11,2011-10-20T14:33:15Z,2011-10-20T18:04:00Z,2011-10-20T14:37:36Z,2011-10-20T17:57:36Z,261,384,192,1,192,48.3655942281087,-4.87896649042765
B25,hg32-02-11,2011-10-20T18:59:45Z,2011-10-21T05:14:00Z,2011-10-20T19:06:44Z,2011-10-21T05:16:44Z,419,164,193,1,193,48.370930480957,-4.88014402389526
B25,hg32-02-11,2011-10-21T15:23:00Z,2011-10-21T16:05:00Z,2011-10-21T15:22:36Z,2011-10-21T16:09:40Z,24,280,194,1,194,48.3698387145996,-4.87536001205444
B25,hg32-02-11,2011-10-21T17:38:15Z,2011-10-21T19:30:00Z,2011-10-21T17:34:08Z,2011-10-21T19:26:19Z,247,221,195,1,195,48.3711833953857,-4.87827491760254
B25,hg32-02-11,2011-10-21T21:04:30Z,2011-10-21T21:15:00Z,2011-10-21T21:02:52Z,2011-10-21T21:12:52Z,98,128,196,1,196,48.3705406188965,-4.88024997711182
B25,hg32-02-11,2011-10-22T02:21:30Z,2011-10-22T02:38:00Z,2011-10-22T02:18:40Z,2011-10-22T02:39:52Z,170,112,197,1,197,48.3717002868652,-4.87759017944336
B25,hg32-02-11,2011-10-22T06:43:15Z,2011-10-22T08:32:00Z,2011-10-22T06:38:56Z,2011-10-22T08:28:56Z,259,184,198,1,198,48.3713188171387,-4.88216495513916
B25,hg32-02-11,2011-10-22T17:06:15Z,2011-10-22T21:07:00Z,2011-10-22T17:04:56Z,2011-10-22T21:13:56Z,79,416,199,1,199,48.3668346405029,-4.85490012168884
B25,hg32-02-11,2011-10-23T05:12:15Z,2011-10-23T08:13:00Z,2011-10-23T05:16:44Z,2011-10-23T08:25:28Z,269,748,200,1,200,48.3661651611329,-4.85510492324829
B25,hg32-02-11,2011-10-23T18:07:15Z,2011-10-23T20:53:00Z,2011-10-23T18:09:28Z,2011-10-23T22:01:20Z,133,4100,201,1,201,48.3662986755371,-4.85565996170044
B25,hg32-02-11,2011-10-24T10:54:30Z,2011-10-24T11:56:00Z,2011-10-24T10:46:56Z,2011-10-24T10:46:56Z,454,4144,202,1,202,48.3375614606847,-4.55546159760107
B25,hg32-02-11,2011-10-26T11:51:15Z,2011-10-26T13:49:00Z,2011-10-26T10:54:52Z,2011-10-26T16:17:00Z,3383,8880,205,1,205,48.3361699815025,-4.55890520525147
B25,hg32-02-11,2011-10-27T19:01:45Z,2011-10-28T00:28:00Z,2011-10-27T18:58:32Z,2011-10-28T00:17:48Z,193,612,207,1,207,48.3711503346761,-4.87981001536051
B25,hg32-02-11,2011-10-28T03:20:45Z,2011-10-28T08:41:00Z,2011-10-28T03:23:16Z,2011-10-28T08:41:24Z,151,24,208,1,208,48.3710441589355,-4.88050508499146
B25,hg32-02-11,2011-10-28T08:59:30Z,2011-10-28T09:55:00Z,2011-10-28T09:01:24Z,2011-10-28T10:16:32Z,114,1292,209,1,209,48.3653717041016,-4.87964010238647
B25,hg32-02-11,2011-10-28T10:51:00Z,2011-10-28T11:48:00Z,2011-10-28T10:49:52Z,2011-10-28T12:00:52Z,68,772,210,1,210,48.3433418273926,-4.88112020492554
B25,hg32-02-11,2011-10-28T20:22:30Z,2011-10-28T21:06:00Z,2011-10-28T20:22:12Z,2011-10-28T21:18:04Z,18,724,211,1,211,48.3643601230905,-4.87877930220662
B25,hg32-02-11,2011-10-28T22:57:15Z,2011-10-29T00:55:00Z,2011-10-28T22:57:56Z,2011-10-29T00:47:56Z,41,424,212,1,212,48.3232040405274,-4.83905998865764
B25,hg32-02-11,2011-10-29T09:21:00Z,2011-10-29T10:09:00Z,2011-10-29T09:24:52Z,2011-10-29T10:10:24Z,232,84,213,1,213,48.3656196594238,-4.87928009033203
B25,hg32-02-11,2011-10-29T11:34:00Z,2011-10-29T13:07:00Z,2011-10-29T11:31:36Z,2011-10-29T13:07:08Z,144,8,214,1,214,48.3227500915527,-4.88003015518188
B25,hg32-02-11,2011-10-30T15:35:00Z,2011-10-30T16:38:00Z,2011-10-30T14:30:00Z,2011-10-30T16:54:12Z,3900,972,216,1,216,48.3364195089566,-4.55725387197582
B25,hg32-02-11,2011-11-01T20:22:30Z,2011-11-01T20:48:00Z,2011-11-01T20:02:48Z,2011-11-01T20:02:48Z,1182,2712,219,1,219,48.3385580540395,-4.55369395703064
B25,hg32-02-11,2011-11-01T21:02:30Z,2011-11-01T21:16:00Z,2011-11-01T20:02:48Z,2011-11-01T22:20:12Z,3582,3852,220,1,220,48.337758522367,-4.55482977342373
B25,hg32-02-11,2011-11-02T21:08:30Z,2011-11-02T21:31:00Z,2011-11-02T20:54:08Z,2011-11-02T20:54:08Z,862,2212,222,1,222,48.3390806201566,-4.55001392130447
B25,hg32-02-11,2011-11-03T10:08:15Z,2011-11-03T12:42:00Z,2011-11-03T10:13:56Z,2011-11-03T13:03:20Z,341,1280,223,1,223,48.3708000183105,-4.88055014610291
B25,hg32-02-11,2011-11-03T13:56:45Z,2011-11-04T00:53:00Z,2011-11-03T13:59:36Z,2011-11-04T00:53:20Z,171,20,224,1,224,48.3709863935198,-4.88038430895124
B25,hg32-02-11,2011-11-04T01:17:45Z,2011-11-04T07:20:00Z,2011-11-04T01:14:04Z,2011-11-04T07:16:24Z,221,216,225,1,225,48.3708203633626,-4.88028335571289
B25,hg32-02-11,2011-11-04T10:57:45Z,2011-11-04T16:24:00Z,2011-11-04T10:59:32Z,2011-11-04T16:25:04Z,107,64,226,1,226,48.3708114624024,-4.88015985488892
B25,hg32-02-11,2011-11-06T19:09:15Z,2011-11-06T21:31:00Z,2011-11-06T19:07:20Z,2011-11-06T21:32:44Z,115,104,229,1,229,48.3660507202149,-4.85536003112793
B25,hg32-02-11,2011-11-06T22:19:45Z,2011-11-07T07:52:00Z,2011-11-06T22:29:24Z,2011-11-07T07:54:16Z,579,136,230,1,230,48.3707000732422,-4.88019590377808
B25,hg32-02-11,2011-11-07T21:06:30Z,2011-11-07T21:20:00Z,2011-11-07T20:58:40Z,2011-11-07T21:18:40Z,470,80,231,1,231,48.373291015625,-4.84142017364502
B25,hg32-02-11,2011-11-07T21:40:15Z,2011-11-07T23:35:00Z,2011-11-07T21:38:52Z,2011-11-07T23:40:56Z,83,356,232,1,232,48.3731899261474,-4.84132504463196
B25,hg32-02-11,2011-11-08T02:40:15Z,2011-11-08T07:14:00Z,2011-11-08T02:44:44Z,2011-11-08T07:11:04Z,269,176,233,1,233,48.3706067403158,-4.88078991572062
B25,hg32-02-11,2011-11-08T08:01:15Z,2011-11-08T10:41:00Z,2011-11-08T07:56:36Z,2011-11-08T10:45:44Z,279,284,234,1,234,48.3661499023438,-4.85492992401123
B25,hg32-02-11,2011-11-08T20:10:15Z,2011-11-08T22:29:00Z,2011-11-08T20:06:16Z,2011-11-08T22:45:44Z,239,1004,235,1,235,48.374641418457,-4.84216976165771
B25,hg32-02-11,2011-11-09T07:26:00Z,2011-11-09T07:47:00Z,2011-11-09T07:28:56Z,2011-11-09T07:51:08Z,176,248,236,1,236,48.3710403442383,-4.87765502929688
B25,hg32-02-11,2011-11-09T08:03:15Z,2011-11-09T09:46:00Z,2011-11-09T08:01:08Z,2011-11-09T09:48:00Z,127,120,237,1,237,48.3700408935547,-4.87608003616333
B25,hg32-02-11,2011-11-09T09:57:00Z,2011-11-09T10:15:00Z,2011-11-09T09:58:00Z,2011-11-09T09:58:00Z,60,1020,238,1,238,48.3715591430664,-4.87824010848999
B25,hg32-02-11,2011-11-09T17:03:00Z,2011-11-09T17:21:00Z,2011-11-09T17:05:12Z,2011-11-09T17:20:20Z,132,40,239,1,239,48.3703556060791,-4.88087487220764
B25,hg32-02-11,2011-11-09T17:33:15Z,2011-11-09T20:37:00Z,2011-11-09T17:30:28Z,2011-11-09T20:37:48Z,167,48,240,1,240,48.3711204528809,-4.88055491447449
B25,hg32-02-11,2011-11-09T20:42:15Z,2011-11-09T23:31:00Z,2011-11-09T20:37:48Z,2011-11-09T23:33:00Z,267,120,241,1,241,48.3712387084961,-4.8781099319458
B25,hg32-02-11,2011-11-09T23:36:45Z,2011-11-10T07:57:00Z,2011-11-09T23:33:00Z,2011-11-10T07:57:16Z,225,16,242,1,242,48.3710098266601,-4.88053512573242
B25,hg32-02-11,2011-11-11T02:16:00Z,2011-11-11T02:46:00Z,2011-11-11T02:06:32Z,2011-11-11T02:06:32Z,568,2368,243,1,243,48.3387512213177,-4.55208616386037
B25,hg32-02-11,2011-11-11T13:16:15Z,2011-11-11T15:14:00Z,2011-11-11T12:45:08Z,2011-11-11T16:31:24Z,1867,4644,244,1,244,48.3384243443072,-4.55272554850753
B25,hg32-02-11,2011-11-12T01:48:30Z,2011-11-12T03:23:00Z,2011-11-12T00:51:12Z,2011-11-12T00:51:12Z,3438,9108,245,1,245,48.338869494861,-4.55370938199725
B25,hg32-02-11,2011-11-12T14:07:30Z,2011-11-12T15:24:00Z,2011-11-12T13:27:21Z,2011-11-12T13:27:21Z,2409,6999,246,1,246,48.340175465215,-4.55564430322866
B25,hg32-02-11,2011-11-13T13:44:15Z,2011-11-13T15:42:00Z,2011-11-13T13:34:00Z,2011-11-13T13:34:00Z,615,7680,248,1,248,48.3359897875154,-4.55778287258796
B25,hg32-02-11,2011-11-14T03:08:30Z,2011-11-14T03:49:00Z,2011-11-14T04:33:20Z,2011-11-14T04:33:20Z,5090,2660,249,1,249,48.3379441325975,-4.55563047718707
B25,hg32-02-11,2011-11-15T02:19:15Z,2011-11-15T04:17:00Z,2011-11-15T02:08:16Z,2011-11-15T05:26:08Z,659,4148,250,1,250,48.3402174711227,-4.55235180296902
B25,hg32-02-11,2011-11-16T03:23:15Z,2011-11-16T05:06:00Z,2011-11-16T03:15:28Z,2011-11-16T03:15:28Z,467,6632,251,1,251,48.3388883023673,-4.55372820812813
B25,hg32-02-11,2011-11-16T20:58:00Z,2011-11-16T21:40:00Z,2011-11-16T20:01:44Z,2011-11-16T20:01:44Z,3376,5896,253,1,253,48.3385380308915,-4.55363338888406
B25,hg32-02-11,2011-11-17T05:14:30Z,2011-11-17T06:25:00Z,2011-11-17T04:50:48Z,2011-11-17T04:50:48Z,1422,5652,254,1,254,48.3406110977224,-4.54115138490161
B25,hg32-02-11,2011-11-18T04:16:15Z,2011-11-18T07:26:00Z,2011-11-18T04:16:40Z,2011-11-18T07:26:09Z,25,9,255,1,255,48.3710365295411,-4.88014984130859
B25,hg32-02-11,2011-11-18T09:41:00Z,2011-11-18T10:26:00Z,2011-11-18T09:39:12Z,2011-11-18T10:29:32Z,108,212,0,1,0,48.370849609375,-4.88046979904175
B25,hg32-02-11,2011-11-18T14:07:15Z,2011-11-18T16:50:00Z,2011-11-18T14:09:20Z,2011-11-18T16:59:36Z,125,576,1,1,1,48.366325378418,-4.85503506660461
B25,hg32-02-11,2011-11-18T19:50:45Z,2011-11-19T06:53:00Z,2011-11-18T19:55:12Z,2011-11-19T07:05:44Z,267,764,2,1,2,48.3715934753418,-4.88227396011353
B25,hg32-02-11,2011-11-19T09:14:30Z,2011-11-19T09:40:00Z,2011-11-19T09:15:32Z,2011-11-19T09:38:52Z,62,68,3,1,3,48.3711509704589,-4.88127017021179
B25,hg32-02-11,2011-11-19T12:50:45Z,2011-11-19T21:05:00Z,2011-11-19T12:54:48Z,2011-11-19T21:20:24Z,243,924,4,1,4,48.3714935302734,-4.88289413452148
B26,hg32-06-11,2011-06-20T12:21:30Z,2011-06-20T12:44:00Z,2011-06-20T12:21:48Z,2011-06-20T12:45:12Z,18,72,0,1,0,48.3952102661133,-4.89419484138489
B26,hg32-06-11,2011-06-20T22:43:15Z,2011-06-21T00:29:00Z,2011-06-20T22:42:12Z,2011-06-21T00:29:04Z,63,4,1,1,1,48.3657302856445,-4.87884998321533
B26,hg32-06-11,2011-06-21T01:20:00Z,2011-06-21T02:23:00Z,2011-06-21T01:21:20Z,2011-06-21T02:22:48Z,80,12,2,1,2,48.3659744262696,-4.87917995452881
B26,hg32-06-11,2011-06-21T11:07:15Z,2011-06-21T15:11:00Z,2011-06-21T11:02:12Z,2011-06-21T15:34:40Z,303,1420,3,1,3,48.3652445475261,-4.87894010543823
B26,hg32-06-11,2011-06-22T00:19:15Z,2011-06-22T03:53:00Z,2011-06-22T00:20:52Z,2011-06-22T04:02:52Z,97,592,4,1,4,48.3658256530761,-4.87901671727499
B26,hg32-06-11,2011-06-23T00:43:15Z,2011-06-23T05:20:00Z,2011-06-23T00:42:48Z,2011-06-23T07:02:44Z,27,6164,5,1,5,48.366039276123,-4.87768983840942
B26,hg32-06-11,2011-06-24T01:49:15Z,2011-06-24T05:11:00Z,2011-06-24T01:51:44Z,2011-06-24T05:24:12Z,149,792,6,1,6,48.3656539916992,-4.87937498092652
B26,hg32-06-11,2011-06-25T02:12:15Z,2011-06-25T06:22:00Z,2011-06-25T02:11:32Z,2011-06-25T06:21:20Z,43,40,7,1,7,48.3658803304036,-4.8790332476298
B26,hg32-06-11,2011-06-26T04:52:30Z,2011-06-26T06:24:00Z,2011-06-26T04:49:28Z,2011-06-26T06:26:24Z,182,144,8,1,8,48.3948593139648,-4.89554977416992
B26,hg32-06-11,2011-06-26T06:58:00Z,2011-06-26T08:07:00Z,2011-06-26T06:56:28Z,2011-06-26T08:23:36Z,92,996,9,1,9,48.3948287963867,-4.89554023742676
B26,hg32-06-11,2011-06-27T03:11:30Z,2011-06-27T03:46:00Z,2011-06-27T03:16:12Z,2011-06-27T03:49:12Z,282,192,10,1,10,48.3951683044434,-4.89542007446289
B26,hg32-06-11,2011-06-27T04:01:15Z,2011-06-27T06:59:00Z,2011-06-27T03:59:16Z,2011-06-27T05:49:16Z,119,4184,11,1,11,48.3951835632325,-4.8955249786377
B26,hg32-06-11,2011-06-28T05:32:15Z,2011-06-28T09:09:00Z,2011-06-28T05:31:48Z,2011-06-28T09:12:12Z,27,192,12,1,12,48.3661638895671,-4.87861013412476
B26,hg32-06-11,2011-06-29T06:43:15Z,2011-06-29T09:29:00Z,2011-06-29T06:44:56Z,2011-06-29T09:30:12Z,101,72,13,1,13,48.3657112121582,-4.87896990776063
B26,hg32-06-11,2011-06-29T20:58:30Z,2011-06-29T21:09:00Z,2011-06-29T21:01:48Z,2011-06-29T21:13:12Z,198,252,14,1,14,48.3570213317871,-4.91870021820068
B26,hg32-06-11,2011-06-30T07:08:30Z,2011-06-30T08:28:00Z,2011-06-30T07:03:56Z,2011-06-30T08:29:48Z,274,108,15,1,15,48.3946495056152,-4.894859790802
B26,hg32-06-11,2011-06-30T08:32:15Z,2011-06-30T11:03:00Z,2011-06-30T08:29:48Z,2011-06-30T11:12:36Z,147,576,16,1,16,48.3968143463134,-4.89219999313354
B26,hg32-06-11,2011-07-01T08:53:15Z,2011-07-01T11:54:00Z,2011-07-01T09:01:24Z,2011-07-01T12:07:32Z,489,812,17,1,17,48.3968410491943,-4.892165184021
B26,hg32-06-11,2011-07-02T09:43:15Z,2011-07-02T12:38:00Z,2011-07-02T09:39:12Z,2011-07-02T12:41:00Z,243,180,18,1,18,48.3966445922852,-4.89216995239258
B26,hg32-06-11,2011-07-03T10:18:15Z,2011-07-03T12:31:00Z,2011-07-03T10:22:12Z,2011-07-03T12:32:24Z,237,84,19,1,19,48.3564853668213,-4.91916990280152
B26,hg32-06-11,2011-07-04T10:34:00Z,2011-07-04T10:49:00Z,2011-07-04T10:31:56Z,2011-07-04T10:51:56Z,124,176,20,1,20,48.3962593078613,-4.89049005508423
B26,hg32-06-11,2011-07-04T11:19:15Z,2011-07-04T14:14:00Z,2011-07-04T11:22:16Z,2011-07-04T14:13:48Z,181,12,21,1,21,48.3959693908691,-4.89064009984334
B26,hg32-06-11,2011-07-05T11:43:15Z,2011-07-05T13:59:00Z,2011-07-05T11:47:24Z,2011-07-05T14:11:04Z,249,724,22,1,22,48.3609409332276,-4.88159012794494
B26,hg32-06-11,2011-07-07T14:34:15Z,2011-07-07T16:26:00Z,2011-07-07T14:35:12Z,2011-07-07T16:15:12Z,57,648,23,1,23,48.3952159881592,-4.89456987380981
B26,hg32-06-11,2011-07-08T04:27:30Z,2011-07-08T05:35:00Z,2011-07-08T04:30:52Z,2011-07-08T05:41:52Z,202,412,24,1,24,48.3951416015625,-4.89447021484375
B26,hg32-06-11,2011-07-08T14:55:30Z,2011-07-08T16:12:00Z,2011-07-08T14:57:36Z,2011-07-08T16:20:20Z,126,500,25,1,25,48.3968315124512,-4.89205980300903
B26,hg32-06-11,2011-07-09T03:38:15Z,2011-07-09T05:57:00Z,2011-07-09T03:40:44Z,2011-07-09T05:20:44Z,149,2176,26,1,26,48.3968257904053,-4.89200496673584
B26,hg32-06-11,2011-07-10T04:07:15Z,2011-07-10T07:05:00Z,2011-07-10T04:06:56Z,2011-07-10T05:56:56Z,19,4084,27,1,27,48.3970909118652,-4.89146494865417
B26,hg32-06-11,2011-07-11T04:36:15Z,2011-07-11T07:25:00Z,2011-07-11T04:37:52Z,2011-07-11T07:24:48Z,97,12,28,1,28,48.3656997680664,-4.87925990422567
B26,hg32-06-11,2011-07-12T04:32:45Z,2011-07-12T09:41:00Z,2011-07-12T04:32:36Z,2011-07-12T09:34:52Z,9,368,29,1,29,48.3657455444336,-4.8789324760437
B26,hg32-06-11,2011-07-13T05:29:15Z,2011-07-13T08:18:00Z,2011-07-13T05:29:24Z,2011-07-13T08:30:56Z,9,776,30,1,30,48.3656400044759,-4.87921984990438
B26,hg32-06-11,2011-07-13T08:39:30Z,2011-07-13T10:11:00Z,2011-07-13T08:40:56Z,2011-07-13T10:07:12Z,86,228,31,1,31,48.3697452545167,-4.87513494491577
B26,hg32-06-11,2011-07-14T08:18:15Z,2011-07-14T10:46:00Z,2011-07-14T08:14:00Z,2011-07-14T10:43:12Z,255,168,32,1,32,48.3967157999674,-4.89205328623454
B26,hg32-06-11,2011-07-19T00:09:15Z,2011-07-19T02:37:00Z,2011-07-19T00:13:56Z,2011-07-19T01:53:56Z,281,2584,35,1,35,48.3653202056885,-4.8791949748993
B26,hg32-06-11,2011-07-19T11:17:15Z,2011-07-19T15:03:00Z,2011-07-19T11:13:20Z,2011-07-19T15:07:56Z,235,296,36,1,36,48.3657035827637,-4.87915674845378
B26,hg32-06-11,2011-07-19T22:58:15Z,2011-07-20T02:50:00Z,2011-07-19T22:57:36Z,2011-07-20T02:53:20Z,39,200,37,1,37,48.3650067647298,-4.87860997517904
B26,hg32-06-11,2011-07-21T01:13:15Z,2011-07-21T04:08:00Z,2011-07-21T01:08:52Z,2011-07-21T04:21:40Z,263,820,38,1,38,48.3656101226806,-4.87935996055603
B26,hg32-06-11,2011-07-21T12:20:15Z,2011-07-21T15:24:00Z,2011-07-21T12:16:08Z,2011-07-21T16:33:04Z,247,4144,39,1,39,48.3655891418457,-4.87930011749268
B26,hg32-06-11,2011-07-22T00:28:15Z,2011-07-22T04:05:00Z,2011-07-22T00:30:52Z,2011-07-22T04:13:04Z,157,484,40,1,40,48.3655802408854,-4.87900002797445
B26,hg32-06-11,2011-07-24T03:43:15Z,2011-07-24T05:53:00Z,2011-07-24T03:44:36Z,2011-07-24T06:00:00Z,81,420,41,1,41,48.3655738830567,-4.87957501411438
B26,hg32-06-11,2011-07-24T15:43:15Z,2011-07-24T17:41:00Z,2011-07-24T15:47:20Z,2011-07-24T17:49:12Z,245,492,42,1,42,48.3658905029297,-4.87892985343933
B26,hg32-06-11,2011-07-25T03:09:15Z,2011-07-25T06:25:00Z,2011-07-25T03:08:44Z,2011-07-25T06:21:08Z,31,232,43,1,43,48.365790049235,-4.87914657592773
B26,hg32-06-11,2011-07-26T03:11:15Z,2011-07-26T07:45:00Z,2011-07-26T03:07:32Z,2011-07-26T07:53:28Z,223,508,44,1,44,48.3657430013021,-4.87880992889405
B26,hg32-06-11,2011-07-27T05:00:15Z,2011-07-27T08:04:00Z,2011-07-27T05:02:12Z,2011-07-27T08:05:28Z,117,88,45,1,45,48.3947086334229,-4.89477491378784
B26,hg32-06-11,2011-07-28T05:44:15Z,2011-07-28T09:12:00Z,2011-07-28T05:46:12Z,2011-07-28T09:16:48Z,117,288,46,1,46,48.3654963175456,-4.8792732556661
B26,hg32-06-11,2011-07-29T07:31:00Z,2011-07-29T08:28:00Z,2011-07-29T07:26:44Z,2011-07-29T08:23:08Z,256,292,47,1,47,48.3654899597168,-4.8788800239563
B26,hg32-06-11,2011-07-29T09:02:30Z,2011-07-29T10:22:00Z,2011-07-29T09:04:20Z,2011-07-29T10:24:28Z,110,148,48,1,48,48.3607597351074,-4.88168001174927
B26,hg32-06-11,2011-07-31T09:55:15Z,2011-07-31T11:59:00Z,2011-07-31T09:52:56Z,2011-07-31T12:01:36Z,139,156,51,1,51,48.39821434021,-4.89212989807129
B26,hg32-06-11,2011-08-01T08:58:00Z,2011-08-01T09:34:00Z,2011-08-01T08:59:48Z,2011-08-01T09:32:12Z,108,108,52,1,52,48.3657493591309,-4.87892007827759
B26,hg32-06-11,2011-08-01T09:42:30Z,2011-08-01T11:08:00Z,2011-08-01T09:42:12Z,2011-08-01T11:09:32Z,18,92,53,1,53,48.3705182927255,-4.8761738495973
B26,hg32-06-11,2011-08-02T10:47:30Z,2011-08-02T11:37:00Z,2011-08-02T10:51:20Z,2011-08-02T11:36:08Z,230,52,54,1,54,48.3976872762044,-4.89239343007406
B26,hg32-06-11,2011-08-02T11:53:30Z,2011-08-02T12:49:00Z,2011-08-02T11:56:08Z,2011-08-02T13:00:00Z,158,660,55,1,55,48.3981895446777,-4.89173984527588
B26,hg32-06-11,2011-08-04T11:56:00Z,2011-08-04T13:23:00Z,2011-08-04T11:59:24Z,2011-08-04T13:25:48Z,204,168,56,1,56,48.3696594238281,-4.87495994567871
B26,hg32-06-11,2011-08-05T00:27:15Z,2011-08-05T03:34:00Z,2011-08-05T00:28:28Z,2011-08-05T03:34:16Z,73,16,57,1,57,48.3701152801514,-4.87444996833801
B26,hg32-06-11,2011-08-06T05:01:00Z,2011-08-06T05:58:00Z,2011-08-06T04:54:28Z,2011-08-06T05:58:20Z,392,20,58,1,58,48.3949584960938,-4.89570999145508
B26,hg32-06-11,2011-08-06T14:21:30Z,2011-08-06T15:47:00Z,2011-08-06T15:33:00Z,2011-08-06T15:33:00Z,4290,840,59,1,59,48.3570289611816,-4.91978979110718
B26,hg32-06-11,2011-08-07T00:58:00Z,2011-08-07T01:58:00Z,2011-08-07T01:02:36Z,2011-08-07T01:59:52Z,276,112,60,1,60,48.367790222168,-4.86086988449097
B26,hg32-06-11,2011-08-09T04:29:15Z,2011-08-09T06:15:00Z,2011-08-09T04:24:56Z,2011-08-09T06:12:12Z,259,168,61,1,61,48.369686126709,-4.87523007392883
B26,hg32-06-11,2011-08-09T07:16:30Z,2011-08-09T08:39:00Z,2011-08-09T07:15:28Z,2011-08-09T09:45:40Z,62,4000,62,1,62,48.3700904846191,-4.87554979324341
B26,hg32-06-11,2011-08-09T15:46:15Z,2011-08-09T18:38:00Z,2011-08-09T15:42:16Z,2011-08-09T18:36:04Z,239,116,63,1,63,48.3692893981934,-4.87577009201049
B26,hg32-06-11,2011-08-10T05:38:15Z,2011-08-10T08:51:00Z,2011-08-10T05:41:08Z,2011-08-10T08:55:04Z,173,244,64,1,64,48.3697204589844,-4.87516498565673
B26,hg32-06-11,2011-08-10T21:10:15Z,2011-08-10T23:14:00Z,2011-08-10T21:03:20Z,2011-08-10T23:14:00Z,415,0,65,1,65,48.3699550628662,-4.87515997886658
B26,hg32-06-11,2011-08-11T04:38:30Z,2011-08-11T05:01:00Z,2011-08-11T04:43:04Z,2011-08-11T05:02:12Z,274,72,66,1,66,48.3697891235352,-4.87574005126953
B26,hg32-06-11,2011-08-11T06:05:45Z,2011-08-11T10:56:00Z,2011-08-11T06:07:56Z,2011-08-11T11:12:36Z,131,996,67,1,67,48.3698295593262,-4.87523994445801
B26,hg32-06-11,2011-08-12T09:15:15Z,2011-08-12T11:07:00Z,2011-08-12T09:10:28Z,2011-08-12T11:00:28Z,287,392,68,1,68,48.397174835205,-4.89181995391846
B26,hg32-06-11,2011-08-12T22:41:00Z,2011-08-12T23:53:00Z,2011-08-12T22:39:44Z,2011-08-13T00:22:24Z,76,1764,69,1,69,48.3655700683594,-4.8788800239563
B26,hg32-06-11,2011-08-13T23:20:15Z,2011-08-14T01:27:00Z,2011-08-13T23:24:12Z,2011-08-14T01:04:12Z,237,1368,70,1,70,48.3697490692139,-4.87539505958557
B26,hg32-06-11,2011-08-14T08:09:15Z,2011-08-14T12:10:00Z,2011-08-14T08:08:56Z,2011-08-14T11:38:56Z,19,1864,71,1,71,48.3655039469401,-4.87918996810913
B26,hg32-06-11,2011-08-14T23:39:15Z,2011-08-15T02:04:00Z,2011-08-14T21:28:36Z,2011-08-15T02:07:28Z,7839,208,72,1,72,48.3664618981619,-4.88477350956981
B26,hg32-06-11,2011-08-17T00:21:15Z,2011-08-17T02:07:00Z,2011-08-17T00:03:52Z,2011-08-17T02:07:00Z,1043,0,73,1,73,48.3706092834473,-4.87628984451294
B26,hg32-06-11,2011-08-17T10:52:15Z,2011-08-17T14:20:00Z,2011-08-17T10:55:32Z,2011-08-17T15:16:24Z,197,3384,74,1,74,48.3681392669678,-4.86619997024536
B26,hg32-06-11,2011-08-18T12:23:30Z,2011-08-18T13:10:00Z,2011-08-18T12:20:16Z,2011-08-18T13:11:44Z,194,104,75,1,75,48.341251373291,-4.87660980224609
B26,hg32-06-11,2011-08-18T13:13:30Z,2011-08-18T14:03:00Z,2011-08-18T13:11:44Z,2011-08-18T13:21:44Z,106,2476,76,1,76,48.3438606262207,-4.88051986694336
B26,hg32-06-11,2011-08-19T00:11:15Z,2011-08-19T03:39:00Z,2011-08-19T00:08:12Z,2011-08-19T03:38:12Z,183,48,77,1,77,48.341017405192,-4.87551323572795
B26,hg32-06-11,2011-08-19T11:22:15Z,2011-08-19T14:35:00Z,2011-08-19T11:25:04Z,2011-08-19T15:14:20Z,169,2360,78,1,78,48.343318939209,-4.87978482246399
B26,hg32-06-11,2011-08-20T11:11:30Z,2011-08-20T12:43:00Z,2011-08-20T11:12:00Z,2011-08-20T12:45:00Z,30,120,79,1,79,48.3407764434814,-4.87537002563476
B26,hg32-06-11,2011-08-20T13:08:00Z,2011-08-20T14:17:00Z,2011-08-20T13:15:40Z,2011-08-20T15:13:04Z,460,3364,80,1,80,48.3438110351563,-4.88052988052368
B26,hg32-06-11,2011-08-22T01:53:15Z,2011-08-22T04:57:00Z,2011-08-22T01:54:28Z,2011-08-22T04:58:28Z,73,88,81,1,81,48.3410339355469,-4.87563514709473
B26,hg32-06-11,2011-08-23T01:27:45Z,2011-08-23T06:30:00Z,2011-08-23T01:33:44Z,2011-08-23T04:53:44Z,359,5776,82,1,82,48.3407363891602,-4.87543328603109
B26,hg32-06-11,2011-08-24T02:32:45Z,2011-08-24T08:17:00Z,2011-08-24T02:36:28Z,2011-08-24T08:36:08Z,223,1148,83,1,83,48.3697306315104,-4.87577327092489
B26,hg32-06-11,2011-08-24T16:18:45Z,2011-08-24T21:51:00Z,2011-08-24T16:24:56Z,2011-08-24T21:55:00Z,371,240,84,1,84,48.3701095581055,-4.87534332275391
B26,hg32-06-11,2011-08-25T02:33:15Z,2011-08-25T05:58:00Z,2011-08-25T02:29:52Z,2011-08-25T06:09:28Z,203,688,85,1,85,48.3709602355957,-4.87790489196777
B26,hg32-06-11,2011-08-25T06:23:00Z,2011-08-25T06:56:00Z,2011-08-25T06:19:28Z,2011-08-25T06:49:48Z,212,372,86,1,86,48.3697204589844,-4.87475991249084
B26,hg32-06-11,2011-08-26T02:39:00Z,2011-08-26T04:00:00Z,2011-08-26T02:42:16Z,2011-08-26T04:00:08Z,196,8,87,1,87,48.3706398010254,-4.87792015075684
B26,hg32-06-11,2011-08-27T07:35:15Z,2011-08-27T10:27:00Z,2011-08-27T07:39:20Z,2011-08-27T10:25:04Z,245,116,88,1,88,48.3655637105306,-4.87898333867391
B26,hg32-06-11,2011-08-27T22:13:00Z,2011-08-27T23:43:00Z,2011-08-27T22:10:32Z,2011-08-27T23:42:52Z,148,8,89,1,89,48.3406410217285,-4.87588000297547
B26,hg32-06-11,2011-08-28T08:31:30Z,2011-08-28T09:27:00Z,2011-08-28T08:35:24Z,2011-08-28T09:32:56Z,234,356,90,1,90,48.3697700500488,-4.87510013580322
B26,hg32-06-11,2011-08-29T00:35:00Z,2011-08-29T00:56:00Z,2011-08-29T00:32:56Z,2011-08-29T01:07:16Z,124,676,91,1,91,48.3411903381348,-4.87544012069702
B26,hg32-06-11,2011-08-29T01:12:00Z,2011-08-29T01:57:00Z,2011-08-29T01:07:16Z,2011-08-29T02:10:12Z,284,792,92,1,92,48.3438491821289,-4.87327003479004
B26,hg32-06-11,2011-08-29T10:37:00Z,2011-08-29T11:52:00Z,2011-08-29T10:32:56Z,2011-08-29T12:04:04Z,244,724,93,1,93,48.3984298706055,-4.8922700881958
B26,hg32-06-11,2011-08-30T10:24:15Z,2011-08-30T12:52:00Z,2011-08-30T10:27:08Z,2011-08-30T12:53:08Z,173,68,94,1,94,48.3984851837158,-4.8923499584198
B26,hg32-06-11,2011-08-31T10:40:15Z,2011-08-31T13:20:00Z,2011-08-31T10:37:00Z,2011-08-31T13:21:40Z,195,100,95,1,95,48.3983097076416,-4.89205503463745
B26,hg32-06-11,2011-08-31T13:28:00Z,2011-08-31T13:58:00Z,2011-08-31T13:31:40Z,2011-08-31T13:31:40Z,220,1580,96,1,96,48.396240234375,-4.89041996002197
B26,hg32-06-11,2011-09-01T01:49:00Z,2011-09-01T02:37:00Z,2011-09-01T01:51:32Z,2011-09-01T02:51:16Z,152,856,97,1,97,48.3409614562988,-4.87559986114502
B26,hg32-06-11,2011-09-01T10:47:00Z,2011-09-01T11:20:00Z,2011-09-01T10:49:08Z,2011-09-01T11:31:08Z,128,668,98,1,98,48.3965492248535,-4.89209985733032
B26,hg32-06-11,2011-09-01T11:23:15Z,2011-09-01T14:09:00Z,2011-09-01T11:31:08Z,2011-09-01T14:10:28Z,473,88,99,1,99,48.3981456756592,-4.8919849395752
B26,hg32-06-11,2011-09-01T22:45:15Z,2011-09-02T02:13:00Z,2011-09-01T21:44:00Z,2011-09-02T02:08:52Z,3675,248,100,1,100,48.3567581176758,-4.92027997970581
B26,hg32-06-11,2011-09-02T11:34:15Z,2011-09-02T15:14:00Z,2011-09-02T11:33:32Z,2011-09-02T15:17:48Z,43,228,101,1,101,48.3959465026855,-4.89055999120076
B26,hg32-06-11,2011-09-03T01:23:15Z,2011-09-03T03:48:00Z,2011-09-03T01:25:04Z,2011-09-03T03:56:32Z,109,512,102,1,102,48.3487300872803,-4.83894014358521
B26,hg32-06-11,2011-09-04T03:54:00Z,2011-09-04T04:30:00Z,2011-09-04T03:55:44Z,2011-09-04T03:55:44Z,104,2056,103,1,103,48.396728515625,-4.89074993133545
B26,hg32-06-11,2011-09-04T23:58:15Z,2011-09-05T01:59:00Z,2011-09-05T00:04:16Z,2011-09-05T01:56:00Z,361,180,104,1,104,48.3701540629069,-4.88269980748494
B26,hg32-06-11,2011-09-06T04:12:15Z,2011-09-06T08:13:00Z,2011-09-06T04:11:28Z,2011-09-06T08:19:32Z,47,392,105,1,105,48.3685201009115,-4.85903676350912
B26,hg32-06-11,2011-09-07T03:04:15Z,2011-09-07T04:44:00Z,2011-09-07T03:04:24Z,2011-09-07T04:43:40Z,9,20,106,1,106,48.3710479736328,-4.880286693573
B26,hg32-06-11,2011-09-07T04:54:15Z,2011-09-07T08:46:00Z,2011-09-07T04:53:40Z,2011-09-07T08:49:28Z,35,208,107,1,107,48.369930267334,-4.87542327245077
B26,hg32-06-11,2011-09-07T19:02:15Z,2011-09-07T21:51:00Z,2011-09-07T19:07:40Z,2011-09-07T21:54:56Z,325,236,108,1,108,48.3699493408203,-4.87534999847412
B26,hg32-06-11,2011-09-08T00:41:45Z,2011-09-08T07:56:00Z,2011-09-08T00:44:16Z,2011-09-08T08:45:12Z,151,2952,109,1,109,48.3717422485351,-4.88224506378174
B26,hg32-06-11,2011-09-08T18:14:15Z,2011-09-08T21:48:00Z,2011-09-08T18:10:40Z,2011-09-08T21:52:28Z,215,268,110,1,110,48.3696454366048,-4.87550338109334
B26,hg32-06-11,2011-09-09T05:54:15Z,2011-09-09T10:37:00Z,2011-09-09T05:55:12Z,2011-09-09T10:49:44Z,57,764,113,1,113,48.3700332641602,-4.87539339065552
B26,hg32-06-11,2011-09-10T06:26:45Z,2011-09-10T12:29:00Z,2011-09-10T06:25:16Z,2011-09-10T12:35:20Z,89,380,114,1,114,48.3951199849447,-4.89497677485148
B26,hg32-06-11,2011-09-10T22:47:15Z,2011-09-11T00:39:00Z,2011-09-10T22:44:44Z,2011-09-11T00:34:44Z,151,256,115,1,115,48.3950595855713,-4.89473009109497
B26,hg32-06-11,2011-09-11T07:54:15Z,2011-09-11T12:19:00Z,2011-09-11T07:50:40Z,2011-09-11T12:48:20Z,215,1760,116,1,116,48.395253499349,-4.89508326848348
B26,hg32-06-11,2011-09-12T10:20:00Z,2011-09-12T11:41:00Z,2011-09-12T10:16:16Z,2011-09-12T10:26:16Z,224,4484,117,1,117,48.3954811096191,-4.89522981643677
B26,hg32-06-11,2011-09-12T22:17:00Z,2011-09-12T23:26:00Z,2011-09-12T22:14:16Z,2011-09-12T23:28:12Z,164,132,118,1,118,48.3410301208496,-4.87616014480591
B26,hg32-06-11,2011-09-13T05:22:45Z,2011-09-13T11:31:00Z,2011-09-13T05:25:28Z,2011-09-13T11:33:12Z,163,132,119,1,119,48.3712783813477,-4.88008804321289
B26,hg32-06-11,2011-09-13T21:36:15Z,2011-09-14T00:34:00Z,2011-09-13T21:32:36Z,2011-09-14T00:35:36Z,219,96,120,1,120,48.3657417297363,-4.8792200088501
B26,hg32-06-11,2011-09-14T11:01:00Z,2011-09-14T12:10:00Z,2011-09-14T11:05:52Z,2011-09-14T12:09:04Z,292,56,121,1,121,48.3661556243896,-4.87896013259888
B26,hg32-06-11,2011-09-14T21:59:15Z,2011-09-15T01:42:00Z,2011-09-14T22:01:56Z,2011-09-15T01:43:04Z,161,64,122,1,122,48.3657646179199,-4.87940502166748
B26,hg32-06-11,2011-09-15T10:33:15Z,2011-09-15T12:43:00Z,2011-09-15T10:30:40Z,2011-09-15T12:46:56Z,155,236,123,1,123,48.3659744262695,-4.87929487228394
B26,hg32-06-11,2011-09-16T11:09:15Z,2011-09-16T13:16:00Z,2011-09-16T11:13:16Z,2011-09-16T13:19:28Z,241,208,124,1,124,48.3659591674805,-4.87938976287842
B26,hg32-06-11,2011-09-17T00:41:15Z,2011-09-17T03:51:00Z,2011-09-17T00:40:04Z,2011-09-17T03:47:52Z,71,188,125,1,125,48.3684158325195,-4.86171007156372
B26,hg32-06-11,2011-09-17T23:17:15Z,2011-09-18T03:12:00Z,2011-09-17T23:20:12Z,2011-09-18T03:12:40Z,177,40,126,1,126,48.3658205668131,-4.87902657190959
B26,hg32-06-11,2011-09-18T23:14:45Z,2011-09-19T04:17:00Z,2011-09-18T23:14:28Z,2011-09-19T04:27:52Z,17,652,127,1,127,48.3652133941651,-4.87871479988098
B26,hg32-06-11,2011-09-19T20:54:45Z,2011-09-20T12:00:00Z,2011-09-19T21:00:16Z,2011-09-20T12:02:08Z,331,128,128,1,128,48.3710632324219,-4.88038007418315
B26,hg32-06-11,2011-09-20T22:59:45Z,2011-09-21T07:50:00Z,2011-09-20T23:02:16Z,2011-09-21T07:54:32Z,151,272,129,1,129,48.37180519104,-4.88180669148763
B26,hg32-06-11,2011-09-22T02:25:30Z,2011-09-22T02:45:00Z,2011-09-22T02:25:48Z,2011-09-22T02:46:48Z,18,108,130,1,130,48.3711109161377,-4.88010001182556
B26,hg32-06-11,2011-09-22T02:54:15Z,2011-09-22T06:34:00Z,2011-09-22T02:56:48Z,2011-09-22T06:35:12Z,153,72,131,1,131,48.369675954183,-4.87606016794841
B26,hg32-06-11,2011-09-23T01:03:15Z,2011-09-23T04:28:00Z,2011-09-23T01:00:32Z,2011-09-23T04:42:24Z,163,864,132,1,132,48.3719158172607,-4.88209509849548
B26,hg32-06-11,2011-09-24T00:09:45Z,2011-09-24T05:06:00Z,2011-09-24T00:11:40Z,2011-09-24T05:04:20Z,115,100,133,1,133,48.3716506958007,-4.88217496871948
B26,hg32-06-11,2011-09-25T07:09:15Z,2011-09-25T10:46:00Z,2011-09-25T07:06:36Z,2011-09-25T10:49:20Z,159,200,134,1,134,48.395086924235,-4.89486996332804
B26,hg32-06-11,2011-09-25T22:33:30Z,2011-09-25T22:56:00Z,2011-09-25T22:28:32Z,2011-09-25T22:38:32Z,298,1048,135,1,135,48.3954887390137,-4.89427995681763
B26,hg32-06-11,2011-09-26T03:58:15Z,2011-09-26T06:14:00Z,2011-09-26T04:01:48Z,2011-09-26T06:15:44Z,213,104,136,1,136,48.3708305358887,-4.8802649974823
B26,hg32-06-11,2011-09-26T09:52:00Z,2011-09-26T10:55:00Z,2011-09-26T09:49:52Z,2011-09-26T09:59:52Z,128,3308,137,1,137,48.3951988220215,-4.89552021026611
B26,hg32-06-11,2011-09-27T07:23:15Z,2011-09-27T09:21:00Z,2011-09-27T07:21:52Z,2011-09-27T09:22:24Z,83,84,138,1,138,48.3949146270752,-4.89546012878418
B26,hg32-06-11,2011-09-27T10:21:15Z,2011-09-27T12:19:00Z,2011-09-27T10:24:00Z,2011-09-27T12:14:16Z,165,284,139,1,139,48.3930702209473,-4.87584654490153
B26,hg32-06-11,2011-09-28T11:34:30Z,2011-09-28T12:18:00Z,2011-09-28T11:31:52Z,2011-09-28T11:41:52Z,158,2168,140,1,140,48.3983612060547,-4.89208984375
B26,hg32-06-11,2011-09-29T00:27:00Z,2011-09-29T01:21:00Z,2011-09-29T00:28:04Z,2011-09-29T01:39:00Z,64,1080,141,1,141,48.3408088684082,-4.87549018859863
B26,hg32-06-11,2011-09-29T10:19:15Z,2011-09-29T13:02:00Z,2011-09-29T10:19:36Z,2011-09-29T13:07:28Z,21,328,142,1,142,48.3981838226319,-4.89196515083313
B26,hg32-06-11,2011-09-29T22:37:15Z,2011-09-30T01:14:00Z,2011-09-29T22:36:44Z,2011-09-30T01:12:44Z,31,76,143,1,143,48.365296681722,-4.87939993540446
B26,hg32-06-11,2011-09-30T22:07:15Z,2011-10-01T02:53:00Z,2011-09-30T22:03:24Z,2011-10-01T02:54:44Z,231,104,144,1,144,48.3656234741211,-4.87910334269206
B26,hg32-06-11,2011-10-01T09:57:45Z,2011-10-01T15:12:00Z,2011-10-01T09:58:40Z,2011-10-01T15:08:40Z,55,200,145,1,145,48.3951721191406,-4.895468044281
B26,hg32-06-11,2011-10-01T22:31:15Z,2011-10-02T03:14:00Z,2011-10-01T22:29:12Z,2011-10-02T03:29:20Z,123,920,146,1,146,48.365717569987,-4.87894996007283
B26,hg32-06-11,2011-10-02T12:37:30Z,2011-10-02T13:48:00Z,2011-10-02T13:40:44Z,2011-10-02T13:54:04Z,3794,364,147,1,147,48.3818588256836,-4.91051006317139
B26,hg32-06-11,2011-10-02T23:17:45Z,2011-10-03T04:50:00Z,2011-10-02T23:20:36Z,2011-10-03T05:05:08Z,171,908,148,1,148,48.3658663431804,-4.87897316614787
B26,hg32-06-11,2011-10-03T20:52:15Z,2011-10-04T00:20:00Z,2011-10-03T20:49:52Z,2011-10-04T00:45:40Z,143,1540,149,1,149,48.3707637786866,-4.88241505622864
B26,hg32-06-11,2011-10-04T02:44:15Z,2011-10-04T05:51:00Z,2011-10-04T02:43:16Z,2011-10-04T06:05:00Z,59,840,150,1,150,48.3657493591309,-4.8784601688385
B26,hg32-06-11,2011-10-04T22:44:45Z,2011-10-05T09:47:00Z,2011-10-04T22:44:00Z,2011-10-05T09:43:32Z,45,208,151,1,151,48.3717575073242,-4.88233293805804
B26,hg32-06-11,2011-10-06T00:43:45Z,2011-10-06T09:58:00Z,2011-10-06T00:44:44Z,2011-10-06T10:03:56Z,59,356,152,1,152,48.3719488779704,-4.88188163439433
B26,hg32-06-11,2011-10-08T06:14:00Z,2011-10-08T07:17:00Z,2011-10-08T06:12:20Z,2011-10-08T07:18:28Z,100,88,153,1,153,48.3657302856445,-4.87937021255493
B26,hg32-06-11,2011-10-09T23:32:45Z,2011-10-10T07:23:00Z,2011-10-09T23:36:56Z,2011-10-10T07:14:36Z,251,504,154,1,154,48.3710250854492,-4.88015747070313
B26,hg32-06-11,2011-10-10T20:22:15Z,2011-10-10T23:29:00Z,2011-10-10T20:19:08Z,2011-10-10T23:35:32Z,187,392,155,1,155,48.3656253814697,-4.87884998321534
B26,hg32-06-11,2011-10-11T00:04:00Z,2011-10-11T00:19:00Z,2011-10-11T00:07:28Z,2011-10-11T00:21:28Z,208,148,156,1,156,48.3709602355957,-4.88019990921021
B26,hg32-06-11,2011-10-11T01:01:30Z,2011-10-11T02:06:00Z,2011-10-11T01:06:20Z,2011-10-11T02:05:04Z,290,56,157,1,157,48.3710517883301,-4.88105511665345
B26,hg32-06-11,2011-10-11T20:46:15Z,2011-10-11T23:38:00Z,2011-10-11T20:50:16Z,2011-10-11T23:51:40Z,241,820,158,1,158,48.3610591888427,-4.88178992271424
B26,hg32-06-11,2011-10-12T11:03:30Z,2011-10-12T12:38:00Z,2011-10-12T11:06:56Z,2011-10-12T13:30:52Z,206,3172,159,1,159,48.3951797485352,-4.89567995071411
B26,hg32-06-11,2011-10-12T20:18:15Z,2011-10-13T00:13:00Z,2011-10-12T20:13:28Z,2011-10-13T00:14:52Z,287,112,160,1,160,48.3658790588379,-4.879563331604
B26,hg32-06-11,2011-10-17T10:57:45Z,2011-10-17T16:06:00Z,2011-10-17T10:56:48Z,2011-10-17T16:09:12Z,57,192,163,1,163,48.3715934753418,-4.88248999913534
B26,hg32-06-11,2011-10-17T23:44:45Z,2011-10-18T04:35:00Z,2011-10-17T23:48:12Z,2011-10-18T04:30:04Z,207,296,164,1,164,48.367540359497,-4.86111497879028
B26,hg32-06-11,2011-10-20T21:55:45Z,2011-10-21T07:04:00Z,2011-10-20T21:54:40Z,2011-10-21T07:07:32Z,65,212,165,1,165,48.3712673187256,-4.88252496719361
B26,hg32-06-11,2011-10-21T21:42:45Z,2011-10-22T09:24:00Z,2011-10-21T21:40:12Z,2011-10-22T09:22:04Z,153,116,166,1,166,48.3716634114583,-4.88212164243062
B26,hg32-06-11,2011-10-22T19:34:45Z,2011-10-23T00:25:00Z,2011-10-22T19:31:24Z,2011-10-23T00:32:44Z,201,464,167,1,167,48.3708457946777,-4.88028001785278
B26,hg32-06-11,2011-10-23T04:59:45Z,2011-10-23T10:50:00Z,2011-10-23T05:08:24Z,2011-10-23T10:45:16Z,519,284,168,1,168,48.3709342956543,-4.88014993667602
B26,hg32-06-11,2011-10-26T12:15:30Z,2011-10-26T13:35:00Z,2011-10-26T12:19:48Z,2011-10-26T13:39:36Z,258,276,169,1,169,48.3716812133789,-4.88052336374919
B26,hg32-06-11,2011-10-27T07:24:15Z,2011-10-27T09:34:00Z,2011-10-27T07:20:20Z,2011-10-27T09:31:52Z,235,128,170,1,170,48.3677266438802,-4.88156986236572
B26,hg32-06-11,2011-10-27T22:14:15Z,2011-10-28T00:09:00Z,2011-10-27T22:18:08Z,2011-10-28T00:07:40Z,233,80,171,1,171,48.3418045043945,-4.87532663345337
B26,hg32-06-11,2011-10-28T08:11:30Z,2011-10-28T09:16:00Z,2011-10-28T08:15:44Z,2011-10-28T09:17:04Z,254,64,172,1,172,48.3680114746094,-4.88171005249023
B26,hg32-06-11,2011-10-28T09:22:15Z,2011-10-28T12:20:00Z,2011-10-28T09:27:04Z,2011-10-28T12:22:36Z,289,156,173,1,173,48.3656959533692,-4.87980985641479
B26,hg32-06-11,2011-10-28T20:48:45Z,2011-10-29T01:39:00Z,2011-10-28T20:47:56Z,2011-10-29T01:38:20Z,49,40,174,1,174,48.3656587600708,-4.87936007976532
B26,hg32-06-11,2011-10-29T09:19:15Z,2011-10-29T13:38:00Z,2011-10-29T09:17:32Z,2011-10-29T13:26:04Z,103,716,175,1,175,48.3951695760091,-4.89501333236694
B26,hg32-06-11,2011-10-29T22:41:15Z,2011-10-30T01:24:00Z,2011-10-29T22:37:36Z,2011-10-30T01:24:20Z,219,20,176,1,176,48.343318939209,-4.88036012649536
B26,hg32-06-11,2011-10-30T23:19:15Z,2011-10-31T02:41:00Z,2011-10-30T23:20:08Z,2011-10-31T02:40:08Z,53,52,177,1,177,48.3657582600911,-4.87926324208578
B26,hg32-06-11,2011-11-01T00:03:45Z,2011-11-01T16:33:00Z,2011-11-01T00:08:04Z,2011-11-01T16:36:24Z,259,204,178,1,178,48.370915306939,-4.88044219546848
B26,hg32-06-11,2011-11-01T22:36:45Z,2011-11-02T07:33:00Z,2011-11-01T22:37:12Z,2011-11-02T07:34:40Z,27,100,179,1,179,48.3711685180664,-4.88047590255737
B26,hg32-06-11,2011-11-03T00:23:45Z,2011-11-03T08:14:00Z,2011-11-03T00:22:48Z,2011-11-03T08:23:12Z,57,552,180,1,180,48.3718060084752,-4.88195862088885
B26,hg32-06-11,2011-11-04T01:21:15Z,2011-11-04T05:37:00Z,2011-11-04T01:25:36Z,2011-11-04T05:47:44Z,261,644,181,1,181,48.3710498809815,-4.87926483154297
B26,hg32-06-11,2011-11-06T02:09:45Z,2011-11-06T16:27:00Z,2011-11-06T02:11:16Z,2011-11-06T16:26:12Z,91,48,182,1,182,48.3711614608765,-4.88062256574631
B26,hg32-06-11,2011-11-07T02:13:45Z,2011-11-07T09:10:00Z,2011-11-07T02:04:24Z,2011-11-07T09:16:12Z,561,372,183,1,183,48.3713550567627,-4.88232243061066
B26,hg32-06-11,2011-11-08T21:32:45Z,2011-11-09T05:47:00Z,2011-11-08T21:29:12Z,2011-11-09T05:50:16Z,213,196,184,1,184,48.3709532419841,-4.88087336222331
B26,hg32-06-11,2011-11-09T20:04:45Z,2011-11-10T07:13:00Z,2011-11-09T20:01:04Z,2011-11-10T07:13:44Z,221,44,185,1,185,48.3710021972656,-4.88034200668335
B26,hg32-06-11,2011-11-12T02:54:45Z,2011-11-12T07:57:00Z,2011-11-12T02:59:44Z,2011-11-12T07:47:32Z,299,568,186,1,186,48.3715200424194,-4.88215243816376
B26,hg32-06-11,2011-11-12T21:05:15Z,2011-11-13T01:00:00Z,2011-11-12T21:05:04Z,2011-11-13T00:35:04Z,11,1496,187,1,187,48.3407694498698,-4.87559986114502
B26,hg32-06-11,2011-11-13T10:16:30Z,2011-11-13T11:18:00Z,2011-11-13T10:15:08Z,2011-11-13T11:21:32Z,82,212,188,1,188,48.3683805465698,-4.88230741024017
B26,hg32-06-11,2011-11-13T11:59:00Z,2011-11-13T13:29:00Z,2011-11-13T12:02:36Z,2011-11-13T13:23:20Z,216,340,189,1,189,48.3705196380615,-4.88708746433258
B26,hg32-06-11,2011-11-13T22:41:15Z,2011-11-14T01:12:00Z,2011-11-13T22:39:16Z,2011-11-14T00:29:16Z,119,2564,190,1,190,48.340576171875,-4.87559986114502
B26,hg32-06-11,2011-11-14T06:06:45Z,2011-11-14T16:57:00Z,2011-11-14T06:08:48Z,2011-11-14T16:57:16Z,123,16,191,1,191,48.3713516235352,-4.88285799026489
B26,hg32-06-11,2011-11-17T01:20:45Z,2011-11-17T08:17:00Z,2011-11-17T01:25:00Z,2011-11-17T08:15:52Z,255,68,192,1,192,48.3711102803548,-4.88109668095906
B26,hg32-06-11,2011-11-17T20:53:45Z,2011-11-18T06:50:00Z,2011-11-17T20:56:56Z,2011-11-18T06:50:32Z,191,32,195,1,195,48.3710502624512,-4.88028182983398
B26,hg32-06-11,2011-11-19T20:41:30Z,2011-11-19T21:43:00Z,2011-11-19T20:42:16Z,2011-11-19T21:44:16Z,46,76,196,1,196,48.3712107340495,-4.88184007008871
B26,hg32-06-11,2011-11-19T21:57:45Z,2011-11-20T05:18:00Z,2011-11-19T21:54:16Z,2011-11-20T05:11:20Z,209,400,197,1,197,48.3714599609375,-4.88240671157837
B26,hg32-06-11,2011-11-21T16:55:15Z,2011-11-21T19:59:00Z,2011-11-21T16:58:52Z,2011-11-21T20:01:00Z,217,120,198,1,198,48.3415756225586,-4.87455987930297
B26,hg32-06-11,2011-11-22T04:03:45Z,2011-11-22T11:00:00Z,2011-11-22T04:07:28Z,2011-11-22T10:59:00Z,223,60,199,1,199,48.3710975646973,-4.88246663411458
B26,hg32-06-11,2011-11-23T04:45:45Z,2011-11-23T12:18:00Z,2011-11-23T04:47:44Z,2011-11-23T12:12:00Z,119,360,200,1,200,48.371650150844,-4.8822614806039
B26,hg32-06-11,2011-11-24T21:47:15Z,2011-11-24T23:39:00Z,2011-11-24T21:51:00Z,2011-11-24T23:43:36Z,225,276,201,1,201,48.3407802581788,-4.87555503845215
B26,hg32-06-11,2011-11-25T07:19:15Z,2011-11-25T11:47:00Z,2011-11-25T07:15:12Z,2011-11-25T11:49:36Z,243,156,202,1,202,48.3408126831055,-4.87560669581096
B26,hg32-06-11,2011-11-26T07:00:30Z,2011-11-26T08:35:00Z,2011-11-26T07:00:24Z,2011-11-26T08:37:36Z,6,156,203,1,203,48.3712558746338,-4.88250017166138
B26,hg32-06-11,2011-11-26T08:38:15Z,2011-11-26T12:27:00Z,2011-11-26T08:37:36Z,2011-11-26T12:31:16Z,39,256,204,1,204,48.3678906758626,-4.8817466100057
B26,hg32-06-11,2011-11-26T21:34:15Z,2011-11-27T01:08:00Z,2011-11-26T21:38:36Z,2011-11-27T01:11:52Z,261,232,205,1,205,48.367857615153,-4.88162342707316
B26,hg32-06-11,2011-11-27T18:52:45Z,2011-11-28T05:37:00Z,2011-11-27T18:51:24Z,2011-11-28T05:38:12Z,81,72,212,1,212,48.3710060119629,-4.88099002838135
B26,hg32-06-11,2011-11-28T06:49:15Z,2011-11-28T10:11:00Z,2011-11-28T06:55:56Z,2011-11-28T10:09:28Z,401,92,213,1,213,48.3705965677897,-4.88177680969238
B26,hg32-06-11,2011-11-28T15:40:30Z,2011-11-28T16:18:00Z,2011-11-28T15:40:48Z,2011-11-28T16:22:36Z,18,276,218,1,218,48.3709087371827,-4.88593006134033
B26,hg32-06-11,2011-11-28T18:50:45Z,2011-11-29T03:17:00Z,2011-11-28T18:50:32Z,2011-11-29T03:22:32Z,13,332,219,1,219,48.3706979751587,-4.88077747821808
B26,hg32-06-11,2011-11-29T03:27:30Z,2011-11-29T04:11:00Z,2011-11-29T03:22:32Z,2011-11-29T04:12:08Z,298,68,220,1,220,48.3712692260742,-4.88449001312256
B26,hg32-06-11,2011-11-29T11:19:30Z,2011-11-29T12:30:00Z,2011-11-29T11:18:28Z,2011-11-29T12:31:08Z,62,68,221,1,221,48.3765701293945,-4.91262607574463
B26,hg32-06-11,2011-11-29T22:35:15Z,2011-11-30T03:15:00Z,2011-11-29T22:36:04Z,2011-11-30T03:16:56Z,49,116,225,1,225,48.3409118652344,-4.84940004348755
B26,hg32-06-11,2011-11-30T13:34:30Z,2011-11-30T14:48:00Z,2011-11-30T13:34:40Z,2011-11-30T14:51:32Z,10,212,226,1,226,48.3409818013509,-4.84919325510661
B26,hg32-06-11,2011-11-30T14:55:00Z,2011-11-30T15:31:00Z,2011-11-30T14:51:32Z,2011-11-30T15:30:28Z,208,32,227,1,227,48.3410135904948,-4.84917990366618
B26,hg32-06-11,2011-11-30T22:35:00Z,2011-12-01T00:02:00Z,2011-11-30T22:35:52Z,2011-12-01T00:01:08Z,52,52,228,1,228,48.3452898661296,-4.85128339131673
B26,hg32-06-11,2011-12-01T00:33:15Z,2011-12-01T03:25:00Z,2011-12-01T00:42:40Z,2011-12-01T03:28:08Z,565,188,229,1,229,48.3411140441895,-4.84910011291504
B26,hg32-06-11,2011-12-01T05:05:30Z,2011-12-01T05:31:00Z,2011-12-01T05:01:32Z,2011-12-01T05:25:20Z,238,340,230,1,230,48.3456859588623,-4.85139489173889
B26,hg32-06-11,2011-12-01T12:44:30Z,2011-12-01T14:07:00Z,2011-12-01T12:39:52Z,2011-12-01T14:19:48Z,278,768,231,1,231,48.3410174051921,-4.84894990921021
B26,hg32-06-11,2011-12-02T00:45:15Z,2011-12-02T04:58:00Z,2011-12-02T00:45:24Z,2011-12-02T05:00:32Z,9,152,232,1,232,48.3407096862793,-4.84969329833984
B26,hg32-06-11,2011-12-02T14:19:00Z,2011-12-02T15:52:00Z,2011-12-02T14:05:40Z,2011-12-02T15:48:16Z,800,224,233,1,233,48.3407363891601,-4.84948984781901
B26,hg32-06-11,2011-12-03T00:56:00Z,2011-12-03T01:56:00Z,2011-12-03T00:56:56Z,2011-12-03T01:56:04Z,56,4,234,1,234,48.345624923706,-4.85120487213134
B26,hg32-06-11,2011-12-03T23:55:15Z,2011-12-04T02:35:00Z,2011-12-03T23:58:12Z,2011-12-04T02:40:12Z,177,312,235,1,235,48.3454996744792,-4.85385004679362
B26,hg32-06-11,2011-12-04T03:32:15Z,2011-12-04T07:03:00Z,2011-12-04T03:34:20Z,2011-12-04T07:17:12Z,125,852,236,1,236,48.3407649993896,-4.84916996955872
B26,hg32-06-11,2011-12-05T03:20:45Z,2011-12-05T08:59:00Z,2011-12-05T03:21:32Z,2011-12-05T09:06:20Z,47,440,237,1,237,48.3449883460999,-4.85330754518509
B26,hg32-06-11,2011-12-06T03:05:15Z,2011-12-06T05:09:00Z,2011-12-06T03:09:28Z,2011-12-06T04:49:28Z,253,1172,238,1,238,48.3456115722656,-4.85139989852905
B26,hg32-06-11,2011-12-06T05:56:15Z,2011-12-06T08:45:00Z,2011-12-06T05:54:28Z,2011-12-06T08:47:52Z,107,172,239,1,239,48.3405899047852,-4.84928798675537
B26,hg32-06-11,2011-12-06T23:23:00Z,2011-12-07T00:35:00Z,2011-12-06T23:21:32Z,2011-12-07T00:36:40Z,88,100,240,1,240,48.3722915649414,-4.90824747085571
B26,hg32-06-11,2011-12-11T00:45:45Z,2011-12-11T13:15:00Z,2011-12-11T00:46:00Z,2011-12-11T13:17:24Z,15,144,0,1,0,48.3717132568359,-4.8805449962616
B26,hg32-06-11,2011-12-13T09:20:45Z,2011-12-13T14:53:00Z,2011-12-13T09:18:20Z,2011-12-13T14:52:04Z,145,56,1,1,1,48.3711822509766,-4.88024206161499
B26,hg32-06-11,2011-12-14T11:06:15Z,2011-12-14T13:58:00Z,2011-12-14T11:04:32Z,2011-12-14T14:10:52Z,103,772,2,1,2,48.3681449890137,-4.8812849521637
B26,hg32-06-11,2011-12-16T12:31:15Z,2011-12-16T17:11:00Z,2011-12-16T12:31:16Z,2011-12-16T17:12:40Z,1,100,5,1,5,48.371356010437,-4.88030505180359
B26,hg32-06-11,2011-12-17T03:32:15Z,2011-12-17T06:48:00Z,2011-12-17T03:31:00Z,2011-12-17T06:50:28Z,75,148,6,1,6,48.3713188171387,-4.88011980056763
B26,hg32-06-11,2011-12-17T09:42:45Z,2011-12-17T18:03:00Z,2011-12-17T09:42:56Z,2011-12-17T18:07:52Z,11,292,7,1,7,48.3710301717122,-4.88060998916626
B26,hg32-06-11,2011-12-18T08:25:00Z,2011-12-18T09:31:00Z,2011-12-18T08:28:04Z,2011-12-18T09:29:04Z,184,116,8,1,8,48.3705539703369,-4.88027501106262
B26,hg32-06-11,2011-12-18T09:34:45Z,2011-12-18T23:40:00Z,2011-12-18T09:39:04Z,2011-12-18T23:40:04Z,259,4,9,1,9,48.3709101676941,-4.8807687163353
B26,hg32-06-11,2011-12-19T08:20:30Z,2011-12-19T09:19:00Z,2011-12-19T08:18:28Z,2011-12-19T09:19:48Z,122,48,10,1,10,48.3704404830932,-4.88025748729706
B26,hg32-06-11,2011-12-19T09:28:15Z,2011-12-19T11:44:00Z,2011-12-19T09:29:48Z,2011-12-19T11:43:52Z,93,8,11,1,11,48.3709729512532,-4.88581005732218
B26,hg32-06-11,2011-12-20T00:27:45Z,2011-12-20T18:45:00Z,2011-12-20T00:27:40Z,2011-12-20T18:46:52Z,5,112,12,1,12,48.37134636773,-4.88049443562826
B26,hg32-06-11,2011-12-21T04:36:45Z,2011-12-21T17:30:00Z,2011-12-21T04:38:12Z,2011-12-21T17:29:32Z,87,28,13,1,13,48.3708025614421,-4.88002888361613
B26,hg32-06-11,2011-12-22T05:20:45Z,2011-12-22T10:11:00Z,2011-12-22T05:22:32Z,2011-12-22T10:07:40Z,107,200,14,1,14,48.3687272071838,-4.89774495363235
B26,hg32-06-11,2011-12-23T03:46:00Z,2011-12-23T04:55:00Z,2011-12-23T03:37:36Z,2011-12-23T04:49:04Z,504,356,15,1,15,48.3701797485352,-4.88145799636841
B26,hg32-06-11,2011-12-23T06:57:15Z,2011-12-23T11:04:00Z,2011-12-23T06:54:28Z,2011-12-23T11:00:28Z,167,212,16,1,16,48.3680791854858,-4.88081502914429
B26,hg32-06-11,2011-12-24T05:51:30Z,2011-12-24T06:20:00Z,2011-12-24T05:47:20Z,2011-12-24T06:16:12Z,250,228,19,1,19,48.3697757720948,-4.88011503219604
B26,hg32-06-11,2011-12-24T06:30:45Z,2011-12-24T16:45:00Z,2011-12-24T06:26:28Z,2011-12-24T16:43:16Z,257,104,20,1,20,48.3710942949567,-4.88049990790231
B26,hg32-06-11,2011-12-25T10:32:15Z,2011-12-25T12:24:00Z,2011-12-25T10:35:12Z,2011-12-25T12:25:44Z,177,104,21,1,21,48.3757705688476,-4.9201299349467
B26,hg32-06-11,2011-12-26T02:21:30Z,2011-12-26T02:41:00Z,2011-12-26T02:24:04Z,2011-12-26T02:47:08Z,154,368,22,1,22,48.3714408874512,-4.88107013702393
B26,hg32-06-11,2011-12-26T02:37:45Z,2011-12-26T16:31:00Z,2011-12-26T02:47:08Z,2011-12-26T16:31:04Z,563,4,23,1,23,48.3709645952497,-4.88073853084019
B26,hg32-06-11,2011-12-28T23:40:15Z,2011-12-29T02:53:00Z,2011-12-28T23:35:32Z,2011-12-29T02:52:28Z,283,32,24,1,24,48.3660494486491,-4.87916994094849
B26,hg32-06-11,2011-12-30T00:57:15Z,2011-12-30T02:40:00Z,2011-12-30T00:54:16Z,2011-12-30T02:41:16Z,179,76,25,1,25,48.361198425293,-4.8815598487854
B26,hg32-06-11,2011-12-30T13:24:30Z,2011-12-30T14:50:00Z,2011-12-30T13:23:48Z,2011-12-30T14:46:32Z,42,208,26,1,26,48.3679656982422,-4.88557004928589
B26,hg32-06-11,2011-12-30T23:35:45Z,2011-12-31T04:50:00Z,2011-12-30T23:40:16Z,2011-12-31T04:50:16Z,271,16,29,1,29,48.3681182861328,-4.88143002986908
B26,hg32-06-11,2011-12-31T08:16:45Z,2011-12-31T16:13:00Z,2011-12-31T08:18:36Z,2011-12-31T16:02:16Z,111,644,30,1,30,48.3694165547689,-4.88010660807292
B26,hg32-06-11,2012-01-01T21:06:45Z,2012-01-02T03:45:00Z,2012-01-01T21:03:32Z,2012-01-02T04:01:12Z,193,972,31,1,31,48.3700876235962,-4.88020253181458
B26,hg32-06-11,2012-01-02T06:19:15Z,2012-01-02T08:38:00Z,2012-01-02T06:21:08Z,2012-01-02T08:34:44Z,113,196,32,1,32,48.3707211812337,-4.88115000724792
B26,hg32-06-11,2012-01-09T01:36:15Z,2012-01-09T03:37:00Z,2012-01-09T01:37:04Z,2012-01-09T03:37:04Z,49,4,33,1,33,48.5801448822021,-4.73082494735718
B26,hg32-06-11,2012-01-09T11:16:15Z,2012-01-09T13:56:00Z,2012-01-09T11:17:16Z,2012-01-09T13:52:08Z,61,232,34,1,34,48.3679974873861,-4.86090660095215
B26,hg32-06-11,2012-01-09T14:11:45Z,2012-01-10T10:17:00Z,2012-01-09T14:13:40Z,2012-01-10T10:12:04Z,115,296,35,1,35,48.3705277442932,-4.88024997711181
B26,hg32-06-11,2012-01-10T21:02:15Z,2012-01-11T01:21:00Z,2012-01-10T21:07:24Z,2012-01-11T01:19:08Z,309,112,36,1,36,48.3682518005371,-4.88234996795654
B26,hg32-06-11,2012-01-11T06:54:30Z,2012-01-11T08:17:00Z,2012-01-11T07:03:12Z,2012-01-11T08:19:16Z,522,136,37,1,37,48.3705997467041,-4.88593006134034
B26,hg32-06-11,2012-01-11T08:22:45Z,2012-01-11T14:13:00Z,2012-01-11T08:19:16Z,2012-01-11T14:12:16Z,209,44,38,1,38,48.3679552078247,-4.88152742385864
B26,hg32-06-11,2012-01-11T22:38:15Z,2012-01-12T02:27:00Z,2012-01-11T22:35:44Z,2012-01-12T02:28:08Z,151,68,39,1,39,48.3657633463542,-4.87888336181641
B26,hg32-06-11,2012-01-12T08:28:00Z,2012-01-12T09:04:00Z,2012-01-12T08:32:20Z,2012-01-12T09:01:16Z,260,164,40,1,40,48.3703708648681,-4.88221478462219
B26,hg32-06-11,2012-01-12T09:08:45Z,2012-01-12T14:35:00Z,2012-01-12T09:11:16Z,2012-01-12T14:33:32Z,151,88,41,1,41,48.3680171966553,-4.8813499212265
B26,hg32-06-11,2012-01-12T21:12:45Z,2012-01-13T03:21:00Z,2012-01-12T21:11:24Z,2012-01-13T03:23:32Z,81,152,42,1,42,48.3679351806641,-4.88133752346039
B26,hg32-06-11,2012-01-13T10:59:15Z,2012-01-13T15:15:00Z,2012-01-13T10:55:00Z,2012-01-13T15:32:36Z,255,1056,43,1,43,48.3653055826823,-4.87926324208578
B26,hg32-06-11,2012-01-14T00:03:15Z,2012-01-14T03:22:00Z,2012-01-14T00:01:52Z,2012-01-14T04:00:08Z,83,2288,44,1,44,48.3656444549561,-4.87913012504577
B26,hg32-06-11,2012-01-14T10:00:45Z,2012-01-14T15:27:00Z,2012-01-14T10:00:40Z,2012-01-14T15:32:16Z,5,316,45,1,45,48.3716678619385,-4.88271760940551
B26,hg32-06-11,2012-01-15T09:20:45Z,2012-01-15T16:47:00Z,2012-01-15T09:30:48Z,2012-01-15T16:48:20Z,603,80,46,1,46,48.37171681722,-4.88241672515869
B26,hg32-06-11,2012-01-16T01:57:45Z,2012-01-16T18:27:00Z,2012-01-16T01:52:08Z,2012-01-17T01:27:28Z,337,25228,47,1,47,48.371208190918,-4.88181018829346
B26,hg32-06-11,2012-01-16T23:46:45Z,2012-01-17T17:40:00Z,2012-01-17T01:27:28Z,2012-01-17T17:39:04Z,6043,56,48,1,48,48.3712599012587,-4.88233555687798
B27,hg32-04-11,2011-06-22T00:18:15Z,2011-06-22T03:40:00Z,2011-06-22T00:25:44Z,2011-06-22T03:42:56Z,449,176,0,1,0,48.3191719055176,-4.87973022460938
B27,hg32-04-11,2011-06-24T23:46:15Z,2011-06-25T03:14:00Z,2011-06-24T23:49:40Z,2011-06-25T03:21:04Z,205,424,1,1,1,48.0521583557129,-4.94685983657837
B27,hg32-04-11,2011-06-25T14:06:45Z,2011-06-25T19:03:00Z,2011-06-25T14:02:56Z,2011-06-25T20:13:36Z,229,4236,2,1,2,48.0519351959229,-4.94637989997864
B27,hg32-04-11,2011-06-26T17:13:15Z,2011-06-26T20:47:00Z,2011-06-26T17:11:16Z,2011-06-26T20:41:16Z,119,344,3,1,3,48.052433013916,-4.9464365641276
B27,hg32-04-11,2011-06-27T15:38:45Z,2011-06-27T23:47:00Z,2011-06-27T15:36:44Z,2011-06-28T00:47:16Z,121,3616,4,1,4,48.052360534668,-4.94664001464844
B27,hg32-04-11,2011-06-28T17:04:45Z,2011-06-28T23:19:00Z,2011-06-28T17:04:56Z,2011-06-28T23:24:52Z,11,352,5,1,5,48.0518836975098,-4.94634342193604
B27,hg32-04-11,2011-06-29T21:57:15Z,2011-06-30T00:58:00Z,2011-06-29T21:53:16Z,2011-06-30T01:02:32Z,239,272,6,1,6,48.0518951416016,-4.9463050365448
B27,hg32-04-11,2011-06-30T07:14:15Z,2011-06-30T10:45:00Z,2011-06-30T07:10:56Z,2011-06-30T10:40:56Z,199,244,7,1,7,48.051851272583,-4.94073009490967
B27,hg32-04-11,2011-06-30T19:24:45Z,2011-07-01T01:03:00Z,2011-06-30T19:20:28Z,2011-07-01T01:03:24Z,257,24,8,1,8,48.0519701639811,-4.946373462677
B27,hg32-04-11,2011-07-01T08:05:15Z,2011-07-01T11:45:00Z,2011-07-01T08:02:16Z,2011-07-01T11:52:00Z,179,420,9,1,9,48.0518608093262,-4.94057003657023
B27,hg32-04-11,2011-07-01T20:26:15Z,2011-07-02T00:18:00Z,2011-07-01T20:28:16Z,2011-07-02T00:24:40Z,121,400,10,1,10,48.0518360137939,-4.94097995758056
B27,hg32-04-11,2011-07-02T09:11:15Z,2011-07-02T12:12:00Z,2011-07-02T09:06:56Z,2011-07-02T12:13:04Z,259,64,11,1,11,48.0521259307861,-4.94095492362976
B27,hg32-04-11,2011-07-02T20:52:15Z,2011-07-03T01:05:00Z,2011-07-02T20:51:04Z,2011-07-03T01:11:33Z,71,393,12,1,12,48.0517406463623,-4.94055008888245
B27,hg32-04-11,2011-07-03T09:11:15Z,2011-07-03T11:54:00Z,2011-07-03T09:11:56Z,2011-07-03T11:56:04Z,41,124,13,1,13,48.0518976847331,-4.94065014521281
B27,hg32-04-11,2011-07-04T09:41:15Z,2011-07-04T13:51:00Z,2011-07-04T09:41:40Z,2011-07-04T13:58:44Z,25,464,14,1,14,48.0518735249837,-4.94103336334228
B27,hg32-04-11,2011-07-04T21:12:45Z,2011-07-05T03:27:00Z,2011-07-04T21:15:20Z,2011-07-05T04:04:24Z,155,2244,15,1,15,48.0519428253174,-4.94628250598907
B27,hg32-04-11,2011-07-05T12:19:30Z,2011-07-05T13:51:00Z,2011-07-05T12:17:32Z,2011-07-05T14:00:16Z,118,556,16,1,16,48.051139831543,-4.94440984725952
B27,hg32-04-11,2011-07-06T12:42:15Z,2011-07-06T15:13:00Z,2011-07-06T12:44:04Z,2011-07-06T15:15:20Z,109,140,17,1,17,48.0519695281983,-4.9463849067688
B27,hg32-04-11,2011-07-08T02:08:15Z,2011-07-08T05:18:00Z,2011-07-08T02:10:04Z,2011-07-08T05:29:32Z,109,692,18,1,18,48.0521602630615,-4.9464499950409
B27,hg32-04-11,2011-07-08T14:05:15Z,2011-07-08T16:48:00Z,2011-07-08T14:07:16Z,2011-07-08T17:18:40Z,121,1840,19,1,19,48.0520896911621,-4.94616985321045
B27,hg32-04-11,2011-07-09T14:06:45Z,2011-07-09T19:15:00Z,2011-07-09T14:08:32Z,2011-07-09T19:10:24Z,107,276,20,1,20,48.0523204803467,-4.94649744033813
B27,hg32-04-11,2011-07-10T18:25:15Z,2011-07-10T20:11:00Z,2011-07-10T18:34:56Z,2011-07-10T20:37:56Z,581,1616,21,1,21,48.0522613525391,-4.94679021835327
B27,hg32-04-11,2011-07-11T00:32:15Z,2011-07-11T03:36:00Z,2011-07-11T00:28:16Z,2011-07-11T03:56:40Z,239,1240,22,1,22,48.0517444610595,-4.94514513015747
B27,hg32-04-11,2011-07-11T03:47:45Z,2011-07-11T09:08:00Z,2011-07-11T03:56:40Z,2011-07-11T09:10:08Z,535,128,23,1,23,48.0524215698242,-4.9464499950409
B27,hg32-04-11,2011-07-12T07:11:15Z,2011-07-12T08:57:00Z,2011-07-12T07:10:20Z,2011-07-12T09:12:12Z,55,912,24,1,24,48.0412216186523,-4.95262002944946
B27,hg32-04-11,2011-07-13T06:16:15Z,2011-07-13T09:47:00Z,2011-07-13T06:18:16Z,2011-07-13T09:51:48Z,121,288,25,1,25,48.0508766174317,-4.94474999109904
B27,hg32-04-11,2011-07-13T20:13:15Z,2011-07-13T22:05:00Z,2011-07-13T20:13:16Z,2011-07-13T22:03:28Z,1,92,26,1,26,48.0412127176921,-4.9523065884908
B27,hg32-04-11,2011-07-13T22:39:00Z,2011-07-14T00:06:00Z,2011-07-13T22:36:48Z,2011-07-14T00:19:16Z,132,796,27,1,27,48.0523986816406,-4.94675016403198
B27,hg32-04-11,2011-07-14T09:01:30Z,2011-07-14T09:24:00Z,2011-07-14T08:59:44Z,2011-07-14T09:36:08Z,106,728,28,1,28,48.0465698242188,-4.94738006591797
B27,hg32-04-11,2011-07-14T09:56:15Z,2011-07-14T11:36:00Z,2011-07-14T09:56:08Z,2011-07-14T11:38:08Z,7,128,29,1,29,48.0510711669922,-4.94480991363525
B27,hg32-04-11,2011-07-14T20:20:15Z,2011-07-15T00:21:00Z,2011-07-14T20:24:24Z,2011-07-14T23:44:24Z,249,2196,30,1,30,48.0510037740072,-4.94457006454468
B27,hg32-04-11,2011-07-19T11:14:15Z,2011-07-19T14:24:00Z,2011-07-19T11:16:36Z,2011-07-19T14:43:08Z,141,1148,31,1,31,48.0518493652344,-4.94618988037109
B27,hg32-04-11,2011-07-20T12:44:15Z,2011-07-20T14:24:00Z,2011-07-20T12:51:20Z,2011-07-20T14:36:48Z,425,768,32,1,32,48.0520896911621,-4.94623994827271
B27,hg32-04-11,2011-07-21T11:55:15Z,2011-07-21T14:02:00Z,2011-07-21T11:59:08Z,2011-07-21T14:03:24Z,233,84,33,1,33,48.0523262023925,-4.94637012481689
B27,hg32-04-11,2011-07-24T14:33:45Z,2011-07-24T19:30:00Z,2011-07-24T14:34:16Z,2011-07-24T19:31:32Z,31,92,34,1,34,48.0517883300781,-4.94636011123657
B27,hg32-04-11,2011-07-25T04:01:15Z,2011-07-25T07:11:00Z,2011-07-25T04:05:40Z,2011-07-25T07:17:28Z,265,388,35,1,35,48.0521850585938,-4.94637989997864
B27,hg32-04-11,2011-07-25T12:46:45Z,2011-07-25T22:31:00Z,2011-07-25T12:47:36Z,2011-07-25T23:03:08Z,51,1928,36,1,36,48.0521057128906,-4.94640808105469
B27,hg32-04-11,2011-07-26T20:09:15Z,2011-07-26T22:04:00Z,2011-07-26T20:13:12Z,2011-07-26T21:53:12Z,237,648,37,1,37,48.0522708892822,-4.9464499950409
B27,hg32-04-11,2011-07-28T05:21:30Z,2011-07-28T05:50:00Z,2011-07-28T05:26:04Z,2011-07-28T05:52:20Z,274,140,38,1,38,48.0537109375,-4.93887996673584
B27,hg32-04-11,2011-07-28T06:16:15Z,2011-07-28T09:35:00Z,2011-07-28T06:23:24Z,2011-07-28T09:41:40Z,429,400,39,1,39,48.051830291748,-4.94064998626709
B27,hg32-04-11,2011-07-28T17:59:45Z,2011-07-29T00:26:00Z,2011-07-28T17:56:36Z,2011-07-29T00:29:44Z,189,224,40,1,40,48.0519618988037,-4.94677996635437
B27,hg32-04-11,2011-07-29T07:51:15Z,2011-07-29T10:01:00Z,2011-07-29T07:51:04Z,2011-07-29T10:17:20Z,11,980,41,1,41,48.0517196655273,-4.94090986251831
B27,hg32-04-11,2011-07-30T07:55:15Z,2011-07-30T11:20:00Z,2011-07-30T07:51:52Z,2011-07-30T11:21:40Z,203,100,42,1,42,48.0515060424805,-4.94083499908447
B27,hg32-04-11,2011-07-31T06:37:15Z,2011-07-31T10:35:00Z,2011-07-31T06:35:08Z,2011-07-31T10:36:04Z,127,64,43,1,43,48.0507367451986,-4.94101667404175
B27,hg32-04-11,2011-07-31T11:30:00Z,2011-07-31T12:18:00Z,2011-07-31T11:25:20Z,2011-07-31T12:18:04Z,280,4,44,1,44,48.0532417297363,-4.93889999389648
B27,hg32-04-11,2011-07-31T17:46:45Z,2011-08-01T02:49:00Z,2011-07-31T17:47:36Z,2011-08-01T02:52:52Z,51,232,45,1,45,48.0517371041434,-4.94530861718314
B27,hg32-04-11,2011-08-01T08:14:45Z,2011-08-01T13:05:00Z,2011-08-01T08:15:56Z,2011-08-01T13:12:09Z,71,429,46,1,46,48.0517196655273,-4.94073021411896
B27,hg32-04-11,2011-08-02T08:06:30Z,2011-08-02T08:38:00Z,2011-08-02T08:08:24Z,2011-08-02T08:58:56Z,114,1256,47,1,47,48.0507507324219,-4.94090986251831
B27,hg32-04-11,2011-08-02T09:16:15Z,2011-08-02T13:41:00Z,2011-08-02T09:19:04Z,2011-08-02T13:48:12Z,169,432,48,1,48,48.0519695281982,-4.94056987762451
B27,hg32-04-11,2011-08-03T11:46:15Z,2011-08-03T14:14:00Z,2011-08-03T11:47:44Z,2011-08-03T14:18:12Z,89,252,49,1,49,48.0518112182617,-4.94053983688354
B27,hg32-04-11,2011-08-03T22:53:15Z,2011-08-04T02:27:00Z,2011-08-03T22:54:08Z,2011-08-04T02:24:08Z,53,172,50,1,50,48.0518474578857,-4.94079256057739
B27,hg32-04-11,2011-08-04T11:09:15Z,2011-08-04T14:31:00Z,2011-08-04T11:10:00Z,2011-08-04T15:46:24Z,45,4524,51,1,51,48.0517361958822,-4.94082673390706
B27,hg32-04-11,2011-08-05T12:42:15Z,2011-08-05T15:19:00Z,2011-08-05T12:44:24Z,2011-08-05T15:33:04Z,129,844,52,1,52,48.0517635345459,-4.94085502624512
B27,hg32-04-11,2011-08-06T00:36:15Z,2011-08-06T04:07:00Z,2011-08-06T00:38:44Z,2011-08-06T04:12:48Z,149,348,53,1,53,48.0518398284912,-4.94068503379822
B27,hg32-04-11,2011-08-09T17:01:45Z,2011-08-09T22:46:00Z,2011-08-09T16:53:24Z,2011-08-09T22:50:36Z,501,276,54,1,54,48.0522003173828,-4.94619671503703
B27,hg32-04-11,2011-08-10T05:36:15Z,2011-08-10T08:37:00Z,2011-08-10T05:34:44Z,2011-08-10T08:43:24Z,91,384,55,1,55,48.0518684387207,-4.94076013565063
B27,hg32-04-11,2011-08-10T16:13:30Z,2011-08-10T17:09:00Z,2011-08-10T16:11:00Z,2011-08-10T17:15:28Z,150,388,56,1,56,48.0508613586426,-4.94091987609863
B27,hg32-04-11,2011-08-10T17:32:15Z,2011-08-10T21:36:00Z,2011-08-10T17:35:28Z,2011-08-10T21:45:28Z,193,568,57,1,57,48.0517749786377,-4.94059014320374
B27,hg32-04-11,2011-08-11T06:39:15Z,2011-08-11T09:01:00Z,2011-08-11T06:35:28Z,2011-08-11T09:09:04Z,227,484,58,1,58,48.0516738891601,-4.94105505943299
B27,hg32-04-11,2011-08-11T20:00:15Z,2011-08-11T23:40:00Z,2011-08-11T19:58:32Z,2011-08-12T00:33:36Z,103,3216,59,1,59,48.0518646240235,-4.94643998146057
B27,hg32-04-11,2011-08-12T19:07:15Z,2011-08-12T23:47:00Z,2011-08-12T19:11:24Z,2011-08-13T00:06:24Z,249,1164,60,1,60,48.0523923238119,-4.94642655054728
B27,hg32-04-11,2011-08-13T09:06:15Z,2011-08-13T13:13:00Z,2011-08-13T09:09:56Z,2011-08-13T13:30:08Z,221,1028,61,1,61,48.0523325602213,-4.94600009918213
B27,hg32-04-11,2011-08-13T19:18:45Z,2011-08-14T02:03:00Z,2011-08-13T19:19:12Z,2011-08-14T01:59:12Z,27,228,62,1,62,48.0521911621094,-4.94637603759765
B27,hg32-04-11,2011-08-16T00:01:15Z,2011-08-16T03:17:00Z,2011-08-16T00:04:28Z,2011-08-16T03:18:36Z,193,96,63,1,63,48.0520095825195,-4.94650983810425
B27,hg32-04-11,2011-08-16T09:14:15Z,2011-08-16T13:09:00Z,2011-08-16T09:11:24Z,2011-08-16T13:12:56Z,171,236,64,1,64,48.0518264770508,-4.94064664840698
B27,hg32-04-11,2011-08-17T09:04:15Z,2011-08-17T12:35:00Z,2011-08-17T09:03:44Z,2011-08-17T12:39:04Z,31,244,65,1,65,48.0509986877441,-4.94475984573364
B27,hg32-04-11,2011-08-18T09:51:45Z,2011-08-18T15:18:00Z,2011-08-18T09:54:24Z,2011-08-18T15:19:32Z,159,92,66,1,66,48.0523548126221,-4.94663238525391
B27,hg32-04-11,2011-08-19T11:00:15Z,2011-08-19T14:46:00Z,2011-08-19T10:55:48Z,2011-08-19T14:53:28Z,267,448,67,1,67,48.0518188476563,-4.9405198097229
B27,hg32-04-11,2011-08-20T12:20:15Z,2011-08-20T14:33:00Z,2011-08-20T12:22:32Z,2011-08-20T14:36:08Z,137,188,68,1,68,48.0517864227294,-4.9407651424408
B27,hg32-04-11,2011-08-24T01:15:45Z,2011-08-24T08:54:00Z,2011-08-24T01:18:56Z,2011-08-24T08:55:44Z,191,104,69,1,69,48.0521430969238,-4.94636402130127
B27,hg32-04-11,2011-08-25T00:37:45Z,2011-08-25T09:34:00Z,2011-08-25T00:37:24Z,2011-08-25T09:37:48Z,21,228,70,1,70,48.0523139953613,-4.94667997360229
B27,hg32-04-11,2011-08-27T07:03:15Z,2011-08-27T10:22:00Z,2011-08-27T06:59:00Z,2011-08-27T10:26:04Z,255,244,71,1,71,48.0523948669434,-4.94668984413147
B27,hg32-04-11,2011-08-28T07:02:15Z,2011-08-28T11:09:00Z,2011-08-28T07:03:32Z,2011-08-28T11:26:56Z,77,1076,72,1,72,48.0517311096191,-4.94075500965118
B27,hg32-04-11,2011-08-29T06:14:45Z,2011-08-29T11:05:00Z,2011-08-29T06:11:48Z,2011-08-29T11:07:24Z,177,144,73,1,73,48.0507227579752,-4.9408499399821
B27,hg32-04-11,2011-08-30T08:02:15Z,2011-08-30T12:45:00Z,2011-08-30T08:02:12Z,2011-08-30T12:51:04Z,3,364,74,1,74,48.0517559051514,-4.94081997871399
B27,hg32-04-11,2011-08-31T08:57:15Z,2011-08-31T13:25:00Z,2011-08-31T08:55:40Z,2011-08-31T13:33:28Z,95,508,75,1,75,48.0517641703288,-4.94072659810384
B27,hg32-04-11,2011-09-01T07:54:00Z,2011-09-01T08:27:00Z,2011-09-01T07:51:44Z,2011-09-01T08:29:00Z,136,120,76,1,76,48.0518798828125,-4.94556999206543
B27,hg32-04-11,2011-09-01T09:20:15Z,2011-09-01T13:09:00Z,2011-09-01T09:21:20Z,2011-09-01T13:13:44Z,65,284,77,1,77,48.0517870585124,-4.94074328740438
B27,hg32-04-11,2011-09-03T12:24:15Z,2011-09-03T15:01:00Z,2011-09-03T12:19:16Z,2011-09-03T15:06:32Z,299,332,78,1,78,48.0516510009765,-4.93963003158569
B27,hg32-04-11,2011-09-08T05:16:15Z,2011-09-08T09:38:00Z,2011-09-08T05:19:44Z,2011-09-08T10:25:08Z,209,2828,0,1,0,48.0520000457764,-4.94654011726379
B27,hg32-04-11,2011-09-08T19:23:15Z,2011-09-08T22:15:00Z,2011-09-08T19:25:32Z,2011-09-08T22:44:44Z,137,1784,1,1,1,48.0520153045655,-4.94705009460449
B27,hg32-04-11,2011-09-09T07:00:15Z,2011-09-09T10:31:00Z,2011-09-09T06:57:52Z,2011-09-09T10:32:08Z,143,68,2,1,2,48.0522499084473,-4.94670009613037
B27,hg32-04-11,2011-09-09T19:18:45Z,2011-09-10T00:21:00Z,2011-09-09T19:19:52Z,2011-09-10T00:21:32Z,67,32,3,1,3,48.0520496368408,-4.94721257686615
B27,hg32-04-11,2011-09-10T07:27:15Z,2011-09-10T12:04:00Z,2011-09-10T07:24:32Z,2011-09-10T12:52:48Z,163,2928,4,1,4,48.052199045817,-4.94652001063029
B27,hg32-04-11,2011-09-10T19:43:15Z,2011-09-10T22:14:00Z,2011-09-10T19:40:20Z,2011-09-10T22:41:40Z,175,1660,5,1,5,48.0521240234375,-4.94709491729737
B27,hg32-04-11,2011-09-12T21:28:15Z,2011-09-13T00:02:00Z,2011-09-12T21:28:12Z,2011-09-13T00:01:36Z,3,24,6,1,6,48.3658657073974,-4.87868750095367
B27,hg32-04-11,2011-09-13T05:21:45Z,2011-09-13T10:48:00Z,2011-09-13T05:22:44Z,2011-09-13T10:45:04Z,59,176,7,1,7,48.3710563659668,-4.88012208938598
B27,hg32-04-11,2011-09-13T21:01:00Z,2011-09-13T21:31:00Z,2011-09-13T20:58:08Z,2011-09-13T21:28:52Z,172,128,8,1,8,48.3656934102376,-4.87893994649251
B27,hg32-04-11,2011-09-13T21:43:15Z,2011-09-13T23:50:00Z,2011-09-13T21:38:52Z,2011-09-13T23:49:24Z,263,36,9,1,9,48.3610967000326,-4.88143332799276
B27,hg32-04-11,2011-09-15T09:58:15Z,2011-09-15T12:38:00Z,2011-09-15T10:01:36Z,2011-09-15T12:39:48Z,201,108,12,1,12,48.0516891479492,-4.9407000541687
B27,hg32-04-11,2011-09-16T06:25:15Z,2011-09-16T10:56:00Z,2011-09-16T06:25:48Z,2011-09-16T11:07:40Z,33,700,13,1,13,48.0521545410157,-4.9465298652649
B27,hg32-04-11,2011-09-16T11:14:45Z,2011-09-16T16:05:00Z,2011-09-16T11:07:40Z,2011-09-16T15:47:40Z,425,1040,14,1,14,48.0522155761719,-4.94664669036865
B27,hg32-04-11,2011-09-17T10:56:15Z,2011-09-17T14:57:00Z,2011-09-17T10:55:32Z,2011-09-17T15:03:20Z,43,380,15,1,15,48.0521507263184,-4.94665002822876
B27,hg32-04-11,2011-09-18T13:32:30Z,2011-09-18T14:40:00Z,2011-09-18T13:33:28Z,2011-09-18T14:41:40Z,58,100,16,1,16,48.340690612793,-4.87537002563477
B27,hg32-04-11,2011-09-19T04:35:45Z,2011-09-19T12:56:00Z,2011-09-19T04:34:00Z,2011-09-19T13:16:52Z,105,1252,17,1,17,48.3709630966187,-4.88034498691558
B27,hg32-04-11,2011-09-27T14:22:45Z,2011-09-28T08:52:00Z,2011-09-27T14:19:36Z,2011-09-28T08:39:36Z,189,744,18,1,18,52.1080480303083,-10.5148499352591
B27,hg32-04-11,2011-10-03T01:20:45Z,2011-10-03T07:47:00Z,2011-10-03T01:16:36Z,2011-10-03T07:46:24Z,249,36,21,1,21,52.1087188720703,-10.5149017969767
B27,hg32-04-11,2011-10-03T16:12:45Z,2011-10-04T08:06:00Z,2011-10-03T16:10:36Z,2011-10-04T08:06:28Z,129,28,22,1,22,52.1090035438538,-10.5151175260544
B27,hg32-04-11,2011-10-20T13:31:15Z,2011-10-20T15:26:00Z,2011-10-20T13:27:20Z,2011-10-20T15:27:20Z,235,80,25,1,25,48.5807857513428,-4.72786998748779
B27,hg32-04-11,2011-10-21T03:20:15Z,2011-10-21T06:15:00Z,2011-10-21T02:45:04Z,2011-10-21T06:16:08Z,2111,68,26,1,26,48.3671188354492,-4.86052989959717
B27,hg32-04-11,2011-10-21T12:57:45Z,2011-10-21T20:48:00Z,2011-10-21T13:00:12Z,2011-10-21T21:07:56Z,147,1196,27,1,27,48.3735122680664,-4.86249799728394
B27,hg32-04-11,2011-10-22T06:35:30Z,2011-10-22T06:58:00Z,2011-10-22T06:37:36Z,2011-10-22T06:58:04Z,126,4,28,1,28,48.3656692504883,-4.87910985946655
B27,hg32-04-11,2011-10-22T19:40:30Z,2011-10-22T19:51:00Z,2011-10-22T19:44:20Z,2011-10-22T19:44:20Z,230,400,29,1,29,48.3195304870605,-4.87918996810913
B27,hg32-04-11,2011-10-22T21:07:00Z,2011-10-22T21:40:00Z,2011-10-22T21:05:00Z,2011-10-22T21:41:08Z,120,68,30,1,30,48.3186416625977,-4.87942981719971
B27,hg32-04-11,2011-10-23T06:02:15Z,2011-10-23T08:00:00Z,2011-10-23T05:58:36Z,2011-10-23T08:04:12Z,219,252,31,1,31,48.3196411132813,-4.87932991981507
B27,hg32-04-11,2011-10-23T17:33:15Z,2011-10-23T21:22:00Z,2011-10-23T17:35:16Z,2011-10-23T21:37:04Z,121,904,32,1,32,48.3196665445963,-4.87837998072306
B27,hg32-04-11,2011-10-24T06:25:30Z,2011-10-24T07:45:00Z,2011-10-24T06:24:56Z,2011-10-24T07:39:12Z,34,348,33,1,33,48.3678105672201,-4.88142013549805
B27,hg32-04-11,2011-10-24T17:13:30Z,2011-10-24T17:30:00Z,2011-10-24T17:16:40Z,2011-10-24T17:16:40Z,190,800,34,1,34,48.369758605957,-4.87596988677979
B27,hg32-04-11,2011-10-24T18:06:15Z,2011-10-24T20:07:00Z,2011-10-24T18:10:08Z,2011-10-24T20:04:04Z,233,176,35,1,35,48.3732509613037,-4.86233997344971
B27,hg32-04-11,2011-10-24T20:19:15Z,2011-10-24T23:20:00Z,2011-10-24T20:14:44Z,2011-10-24T23:17:44Z,271,136,36,1,36,48.3679364522298,-4.86073001225789
B27,hg32-04-11,2011-10-25T01:10:00Z,2011-10-25T01:31:00Z,2011-10-25T01:12:40Z,2011-10-25T01:29:04Z,160,116,37,1,37,48.3710803985596,-4.88056993484497
B27,hg32-04-11,2011-10-25T01:37:45Z,2011-10-25T06:28:00Z,2011-10-25T01:39:04Z,2011-10-25T06:29:16Z,79,76,38,1,38,48.3708801269531,-4.88058996200562
B27,hg32-04-11,2011-10-25T07:50:15Z,2011-10-25T09:30:00Z,2011-10-25T07:51:04Z,2011-10-25T09:31:40Z,49,100,39,1,39,48.3654441833496,-4.87923502922058
B27,hg32-04-11,2011-10-25T11:33:45Z,2011-10-25T21:12:00Z,2011-10-25T11:29:32Z,2011-10-25T21:09:48Z,253,132,40,1,40,48.371144430978,-4.88031578063965
B27,hg32-04-11,2011-10-26T06:11:30Z,2011-10-26T06:22:00Z,2011-10-26T06:07:12Z,2011-10-26T06:17:12Z,258,288,41,1,41,48.3177795410156,-4.87899017333984
B27,hg32-04-11,2011-10-26T08:58:30Z,2011-10-26T09:36:00Z,2011-10-26T08:54:24Z,2011-10-26T09:47:00Z,246,660,42,1,42,48.3223190307617,-4.87698984146118
B27,hg32-04-11,2011-10-26T19:16:15Z,2011-10-26T23:47:00Z,2011-10-26T19:19:24Z,2011-10-26T23:48:32Z,189,92,43,1,43,48.3192189534505,-4.87952661514282
B27,hg32-04-11,2011-10-27T08:58:30Z,2011-10-27T10:12:00Z,2011-10-27T08:58:00Z,2011-10-27T10:15:20Z,30,200,44,1,44,48.3227005004883,-4.87704992294312
B27,hg32-04-11,2011-10-27T21:10:15Z,2011-10-28T00:20:00Z,2011-10-27T21:14:08Z,2011-10-28T00:22:08Z,233,128,45,1,45,48.0518493652344,-4.94619989395142
B27,hg32-04-11,2011-10-28T08:20:45Z,2011-10-28T13:23:00Z,2011-10-28T08:19:40Z,2011-10-28T13:24:12Z,65,72,46,1,46,48.0519472757975,-4.94646326700846
B27,hg32-04-11,2011-10-29T09:38:15Z,2011-10-29T11:54:00Z,2011-10-29T09:41:20Z,2011-10-29T11:53:16Z,185,44,49,1,49,48.0523624420166,-4.94624745845795
B27,hg32-04-11,2011-10-29T22:21:15Z,2011-10-30T01:34:00Z,2011-10-29T22:23:12Z,2011-10-30T01:48:40Z,117,880,50,1,50,48.0521507263184,-4.94654989242554
B27,hg32-04-11,2011-10-30T22:12:15Z,2011-10-31T02:46:00Z,2011-10-30T22:20:00Z,2011-10-31T03:12:36Z,465,1596,51,1,51,48.0521583557129,-4.94640000661214
B27,hg32-04-11,2011-10-31T23:13:15Z,2011-11-01T03:05:00Z,2011-10-31T23:18:08Z,2011-11-01T02:38:08Z,293,1612,52,1,52,48.0520032246907,-4.94695997238159
B27,hg32-04-11,2011-11-01T23:27:15Z,2011-11-02T04:13:00Z,2011-11-01T23:31:48Z,2011-11-02T05:07:40Z,273,3280,53,1,53,48.0521049499512,-4.94660997390747
B27,hg32-04-11,2011-11-03T01:24:15Z,2011-11-03T03:49:00Z,2011-11-03T01:29:28Z,2011-11-03T04:36:12Z,313,2832,54,1,54,48.0520515441895,-4.94655990600586
B27,hg32-04-11,2011-11-04T01:42:45Z,2011-11-04T06:51:00Z,2011-11-04T01:44:08Z,2011-11-04T06:54:12Z,83,192,55,1,55,48.0453847249349,-4.88635349273682
B27,hg32-04-11,2011-11-05T03:29:45Z,2011-11-05T08:20:00Z,2011-11-05T02:53:16Z,2011-11-05T08:34:28Z,2189,868,56,1,56,48.0470063628607,-4.88475773284658
B27,hg32-04-11,2011-11-06T07:20:00Z,2011-11-06T08:41:00Z,2011-11-06T07:24:56Z,2011-11-06T08:39:00Z,296,120,57,1,57,48.0465898513794,-4.88514494895935
B27,hg32-04-11,2011-11-06T15:23:45Z,2011-11-06T23:50:00Z,2011-11-06T15:28:32Z,2011-11-06T23:48:32Z,287,88,58,1,58,48.0453472137451,-4.88629746437073
B27,hg32-04-11,2011-11-07T04:12:15Z,2011-11-07T06:28:00Z,2011-11-07T02:41:20Z,2011-11-07T06:02:44Z,5455,1516,59,1,59,48.0522308349609,-4.94645977020264
B27,hg32-04-11,2011-11-08T01:00:30Z,2011-11-08T02:11:00Z,2011-11-08T01:00:44Z,2011-11-08T02:12:52Z,14,112,60,1,60,48.0519714355469,-4.94688987731934
B27,hg32-04-11,2011-11-08T02:37:45Z,2011-11-08T11:22:00Z,2011-11-08T02:45:08Z,2011-11-08T11:23:20Z,443,80,61,1,61,48.0522829691569,-4.94667673110962
B27,hg32-04-11,2011-11-09T18:53:45Z,2011-11-10T00:50:00Z,2011-11-09T18:58:00Z,2011-11-09T23:58:00Z,255,3120,62,1,62,48.052167892456,-4.94649255275726
B27,hg32-04-11,2011-11-10T05:40:00Z,2011-11-10T05:52:00Z,2011-11-10T05:46:08Z,2011-11-10T05:46:08Z,368,352,63,1,63,48.0519981384277,-4.94661998748779
B27,hg32-04-11,2011-11-10T07:37:15Z,2011-11-10T11:14:00Z,2011-11-10T07:36:32Z,2011-11-10T09:26:32Z,43,6448,64,1,64,48.0522747039794,-4.94637489318848
B27,hg32-04-11,2011-11-10T12:06:00Z,2011-11-10T13:24:00Z,2011-11-10T14:13:24Z,2011-11-10T14:13:24Z,7644,2964,65,1,65,48.0519501954047,-4.94671074501337
B27,hg32-04-11,2011-11-11T02:00:30Z,2011-11-11T02:38:00Z,2011-11-11T01:58:40Z,2011-11-11T02:49:04Z,110,664,66,1,66,48.0517362387723,-4.94576639504663
B27,hg32-04-11,2011-11-11T08:04:30Z,2011-11-11T08:45:00Z,2011-11-11T08:09:40Z,2011-11-11T08:46:40Z,310,100,67,1,67,48.0525093078613,-4.94729995727539
B27,hg32-04-11,2011-11-11T10:30:00Z,2011-11-11T10:45:00Z,2011-11-11T10:33:48Z,2011-11-11T10:46:32Z,228,92,68,1,68,48.0474281311035,-4.88508987426758
B27,hg32-04-11,2011-11-11T19:34:45Z,2011-11-12T00:55:00Z,2011-11-11T19:35:20Z,2011-11-12T00:57:08Z,35,128,69,1,69,48.0521173477173,-4.94664490222931
B27,hg32-04-11,2011-11-12T03:34:00Z,2011-11-12T03:49:00Z,2011-11-12T03:55:32Z,2011-11-12T03:55:32Z,1292,392,70,1,70,48.0500179977308,-4.94758736723912
B27,hg32-04-11,2011-11-13T20:24:45Z,2011-11-14T02:09:00Z,2011-11-13T20:23:20Z,2011-11-14T02:13:00Z,85,240,71,1,71,48.0517692565918,-4.94527006149292
B27,hg32-04-11,2011-11-14T10:34:30Z,2011-11-14T10:51:00Z,2011-11-14T10:43:12Z,2011-11-14T10:53:12Z,522,132,72,1,72,48.0523414611816,-4.9465799331665
B27,hg32-04-11,2011-11-14T11:05:15Z,2011-11-14T13:57:00Z,2011-11-14T11:03:48Z,2011-11-14T13:59:08Z,87,128,73,1,73,48.0521907806396,-4.94645500183105
B27,hg32-04-11,2011-11-14T21:56:45Z,2011-11-15T03:05:00Z,2011-11-14T22:06:12Z,2011-11-15T03:07:08Z,567,128,74,1,74,48.0520095825195,-4.94660997390747
B27,hg32-04-11,2011-11-15T09:49:00Z,2011-11-15T10:52:00Z,2011-11-15T09:48:40Z,2011-11-15T10:54:16Z,20,136,75,1,75,48.0521087646484,-4.94637012481689
B27,hg32-04-11,2011-11-15T11:18:15Z,2011-11-15T14:43:00Z,2011-11-15T11:15:52Z,2011-11-15T14:46:08Z,143,188,76,1,76,48.0519695281982,-4.94638013839722
B27,hg32-04-11,2011-11-15T19:49:15Z,2011-11-15T22:02:00Z,2011-11-15T19:50:08Z,2011-11-15T22:14:20Z,53,740,77,1,77,48.0519962310791,-4.9465799331665
B27,hg32-04-11,2011-11-15T22:55:30Z,2011-11-15T23:12:00Z,2011-11-15T22:50:32Z,2011-11-15T23:13:52Z,298,112,78,1,78,48.0523681640625,-4.94629001617432
B27,hg32-04-11,2011-11-15T23:35:15Z,2011-11-16T03:00:00Z,2011-11-15T23:35:52Z,2011-11-16T03:02:04Z,37,124,79,1,79,48.0522499084473,-4.94624495506286
B27,hg32-04-11,2011-11-16T05:45:00Z,2011-11-16T06:27:00Z,2011-11-16T05:49:36Z,2011-11-16T06:30:56Z,276,236,80,1,80,48.0520210266113,-4.94640016555786
B27,hg32-04-11,2011-11-16T07:53:00Z,2011-11-16T08:05:00Z,2011-11-16T07:48:32Z,2011-11-16T08:09:08Z,268,248,81,1,81,48.0520286560059,-4.94687986373901
B27,hg32-04-11,2011-11-16T08:52:30Z,2011-11-16T09:21:00Z,2011-11-16T08:50:44Z,2011-11-16T09:22:12Z,106,72,82,1,82,48.0520782470703,-4.94663000106812
B27,hg32-04-11,2011-11-16T21:00:15Z,2011-11-16T23:49:00Z,2011-11-16T21:09:56Z,2011-11-16T23:50:36Z,581,96,84,1,84,48.0520610809326,-4.94658017158508
B27,hg32-04-11,2011-11-17T00:11:30Z,2011-11-17T01:37:00Z,2011-11-17T00:11:44Z,2011-11-17T01:40:08Z,14,188,85,1,85,48.052209854126,-4.94662499427795
B27,hg32-04-11,2011-11-17T01:48:15Z,2011-11-17T03:52:00Z,2011-11-17T01:50:08Z,2011-11-17T03:30:08Z,113,1312,86,1,86,48.0521106719971,-4.94652485847473
B27,hg32-04-11,2011-11-17T18:07:30Z,2011-11-17T18:24:00Z,2011-11-17T17:44:12Z,2011-11-17T17:44:12Z,1398,2388,87,1,87,48.0535341954095,-4.95279354577142
B27,hg32-04-11,2011-11-17T23:17:15Z,2011-11-18T03:48:00Z,2011-11-17T22:55:40Z,2011-11-18T04:11:48Z,1295,1428,88,1,88,48.0520248413086,-4.94676995277405
B27,hg32-04-11,2011-11-18T12:09:45Z,2011-11-18T17:00:00Z,2011-11-18T12:04:48Z,2011-11-18T17:04:36Z,297,276,89,1,89,48.0520362854004,-4.94676653544108
B27,hg32-04-11,2011-11-18T17:15:30Z,2011-11-18T17:26:00Z,2011-11-18T17:04:36Z,2011-11-18T17:46:28Z,654,1228,90,1,90,48.0510058904147,-4.94968054875489
B27,hg32-04-11,2011-11-19T00:37:15Z,2011-11-19T05:23:00Z,2011-11-19T00:34:20Z,2011-11-19T06:17:28Z,175,3268,91,1,91,48.0520858764648,-4.94707663853963
B27,hg32-04-11,2011-11-19T05:36:30Z,2011-11-19T06:17:00Z,2011-11-19T06:17:28Z,2011-11-19T06:17:28Z,2458,28,92,1,92,48.0512002492225,-4.94546118908408
B27,hg32-04-11,2011-11-20T00:51:45Z,2011-11-20T07:42:00Z,2011-11-20T00:54:48Z,2011-11-20T08:10:36Z,183,1716,93,1,93,48.0521278381348,-4.94641599655151
B27,hg32-04-11,2011-11-20T18:53:15Z,2011-11-20T21:15:00Z,2011-11-20T18:55:56Z,2011-11-20T20:35:56Z,161,2344,94,1,94,48.0519847869873,-4.94655513763427
B27,hg32-04-11,2011-11-21T01:39:45Z,2011-11-21T09:24:00Z,2011-11-21T01:41:32Z,2011-11-21T09:25:28Z,107,88,95,1,95,48.0520391464233,-4.94656252861023
B27,hg32-04-11,2011-11-21T18:34:15Z,2011-11-21T21:05:00Z,2011-11-21T18:38:16Z,2011-11-21T21:09:16Z,241,256,96,1,96,48.0520763397217,-4.94629001617432
B27,hg32-04-11,2011-11-21T21:40:30Z,2011-11-21T22:27:00Z,2011-11-21T21:48:16Z,2011-11-21T22:31:32Z,466,272,97,1,97,48.0520401000977,-4.94669008255005
B27,hg32-04-11,2011-11-21T22:37:00Z,2011-11-21T23:19:00Z,2011-11-21T22:31:32Z,2011-11-21T23:38:00Z,328,1140,98,1,98,48.0534171522444,-4.94603482937958
B27,hg32-04-11,2011-11-23T04:23:45Z,2011-11-23T10:32:00Z,2011-11-23T04:26:00Z,2011-11-23T10:34:32Z,135,152,99,1,99,48.0477876663208,-4.956130027771
B27,hg32-04-11,2011-11-23T18:58:15Z,2011-11-23T21:20:00Z,2011-11-23T18:55:36Z,2011-11-23T21:20:04Z,159,4,100,1,100,48.0522003173828,-4.94641017913818
B27,hg32-04-11,2011-11-23T21:30:00Z,2011-11-23T22:06:00Z,2011-11-23T21:30:04Z,2011-11-23T22:19:24Z,4,804,101,1,101,48.0524215698242,-4.9468297958374
B27,hg32-04-11,2011-11-23T23:17:15Z,2011-11-24T01:06:00Z,2011-11-23T22:57:16Z,2011-11-24T01:24:04Z,1199,1084,102,1,102,48.0498963391966,-4.94697591050655
B27,hg32-04-11,2011-11-24T07:17:15Z,2011-11-24T11:12:00Z,2011-11-24T07:16:52Z,2011-11-24T11:28:36Z,23,996,103,1,103,48.0521240234375,-4.94662499427795
B27,hg32-04-11,2011-11-24T14:25:00Z,2011-11-24T15:58:00Z,2011-11-24T14:07:28Z,2011-11-24T15:57:56Z,1052,4,104,1,104,48.0503883361816,-4.94472980499268
B27,hg32-04-11,2011-11-24T19:27:15Z,2011-11-24T23:37:00Z,2011-11-24T19:28:00Z,2011-11-25T00:07:40Z,45,1840,105,1,105,48.0522855122884,-4.94663333892822
B27,hg32-04-11,2011-11-25T00:25:30Z,2011-11-25T01:57:00Z,2011-11-25T00:07:40Z,2011-11-25T02:00:24Z,1070,204,106,1,106,48.0532705497626,-4.94355838500429
B27,hg32-04-11,2011-11-25T07:27:15Z,2011-11-25T11:34:00Z,2011-11-25T07:31:20Z,2011-11-25T11:36:40Z,245,160,107,1,107,48.052183787028,-4.94634008407593
B27,hg32-04-11,2011-11-25T20:09:15Z,2011-11-26T00:40:00Z,2011-11-25T20:11:52Z,2011-11-26T00:43:08Z,157,188,110,1,110,48.0522435506185,-4.94656006495158
B27,hg32-04-11,2011-11-26T00:50:30Z,2011-11-26T01:43:00Z,2011-11-26T00:43:08Z,2011-11-26T00:43:08Z,442,3592,111,1,111,48.0520365517662,-4.94595090246247
B27,hg32-04-11,2011-11-26T02:09:30Z,2011-11-26T02:38:00Z,2011-11-26T03:28:04Z,2011-11-26T03:28:04Z,4714,3004,112,1,112,48.0522271555667,-4.9454147324219
B27,hg32-04-11,2011-11-26T09:28:15Z,2011-11-26T12:44:00Z,2011-11-26T09:28:52Z,2011-11-26T09:28:52Z,37,11708,113,1,113,48.0524787902832,-4.94649982452393
B27,hg32-04-11,2011-11-26T19:56:45Z,2011-11-27T01:29:00Z,2011-11-26T20:04:40Z,2011-11-27T01:31:48Z,475,168,116,1,116,48.0521945953369,-4.94646000862122
B27,hg32-04-11,2011-11-27T02:48:00Z,2011-11-27T04:03:00Z,2011-11-27T02:09:44Z,2011-11-27T04:17:44Z,2296,884,117,1,117,48.0543800373874,-4.94572358454252
B27,hg32-04-11,2011-11-28T00:38:15Z,2011-11-28T03:45:00Z,2011-11-28T00:17:24Z,2011-11-28T03:49:28Z,1251,268,118,1,118,48.0529833421584,-4.95134543452525
B27,hg32-04-11,2011-11-28T10:32:15Z,2011-11-28T14:00:00Z,2011-11-28T10:00:32Z,2011-11-28T13:55:08Z,1903,292,119,1,119,48.0523681640625,-4.94646978378296
B27,hg32-04-11,2011-11-28T14:12:15Z,2011-11-28T16:19:00Z,2011-11-28T13:55:08Z,2011-11-28T17:06:04Z,1027,2824,120,1,120,48.0521156829496,-4.94657954069988
B27,hg32-04-11,2011-11-29T04:14:00Z,2011-11-29T05:35:00Z,2011-11-29T03:44:44Z,2011-11-29T06:38:28Z,1756,3808,121,1,121,48.0524692996502,-4.94708215705447
B27,hg32-04-11,2011-11-29T22:18:45Z,2011-11-30T04:03:00Z,2011-11-29T22:19:32Z,2011-11-30T04:12:24Z,47,564,122,1,122,48.0467262268067,-4.88461335500081
B27,hg32-04-11,2011-11-30T06:53:00Z,2011-11-30T07:29:00Z,2011-11-30T07:38:44Z,2011-11-30T07:38:44Z,2744,584,123,1,123,48.0512818302316,-4.93719316041535
B27,hg32-04-11,2011-11-30T11:59:15Z,2011-11-30T15:33:00Z,2011-11-30T12:03:48Z,2011-11-30T15:32:40Z,273,20,124,1,124,48.0434964497884,-4.88556003570557
B27,hg32-04-11,2011-11-30T23:17:30Z,2011-11-30T23:34:00Z,2011-11-30T23:24:20Z,2011-11-30T23:38:56Z,410,296,125,1,125,48.0468597412109,-4.88473987579346
B27,hg32-04-11,2011-12-01T00:33:15Z,2011-12-01T04:28:00Z,2011-12-01T00:31:36Z,2011-12-01T04:41:16Z,99,796,126,1,126,48.0467936197917,-4.88492663701375
B27,hg32-04-11,2011-12-02T00:07:45Z,2011-12-02T05:16:00Z,2011-12-02T00:16:20Z,2011-12-02T05:43:40Z,515,1660,127,1,127,48.047248840332,-4.88574981689453
B27,hg32-04-11,2011-12-02T16:22:30Z,2011-12-02T17:00:00Z,2011-12-02T16:19:52Z,2011-12-02T17:01:24Z,158,84,128,1,128,48.0509024523617,-4.94460205587872
B27,hg32-04-11,2011-12-02T22:43:00Z,2011-12-02T23:04:00Z,2011-12-02T22:50:40Z,2011-12-02T22:50:40Z,460,800,129,1,129,48.0470314025879,-4.88491010665894
B27,hg32-04-11,2011-12-03T00:33:45Z,2011-12-03T06:42:00Z,2011-12-03T00:33:48Z,2011-12-03T06:56:04Z,3,844,130,1,130,48.0469799041748,-4.88480496406555
B27,hg32-04-11,2011-12-04T02:22:45Z,2011-12-04T07:25:00Z,2011-12-04T02:24:32Z,2011-12-04T07:41:24Z,107,984,131,1,131,48.0469150543213,-4.88482499122619
B27,hg32-04-11,2011-12-04T18:15:00Z,2011-12-04T19:03:00Z,2011-12-04T18:21:36Z,2011-12-04T19:05:44Z,396,164,132,1,132,48.046760559082,-4.8844199180603
B27,hg32-04-11,2011-12-05T04:24:15Z,2011-12-05T08:10:00Z,2011-12-05T04:31:20Z,2011-12-05T08:10:44Z,425,44,133,1,133,48.0468559265137,-4.88469004631042
B27,hg32-04-11,2011-12-05T21:05:00Z,2011-12-05T22:29:00Z,2011-12-05T20:51:20Z,2011-12-05T23:03:00Z,820,2040,134,1,134,48.0512672231167,-4.94331709584091
B27,hg32-04-11,2011-12-06T07:19:15Z,2011-12-06T08:56:00Z,2011-12-06T07:18:52Z,2011-12-06T08:55:24Z,23,36,135,1,135,48.0469551086425,-4.8846800327301
B27,hg32-04-11,2011-12-06T09:33:30Z,2011-12-06T09:50:00Z,2011-12-06T09:36:28Z,2011-12-06T09:51:36Z,178,96,136,1,136,48.0468101501465,-4.88461017608643
B27,hg32-04-11,2011-12-06T17:55:15Z,2011-12-06T21:44:00Z,2011-12-06T17:56:56Z,2011-12-06T22:10:32Z,101,1592,137,1,137,48.0466556549072,-4.88462495803833
B27,hg32-04-11,2011-12-07T06:23:00Z,2011-12-07T06:50:00Z,2011-12-07T05:29:40Z,2011-12-07T05:29:40Z,3200,4820,138,1,138,48.0473116977264,-4.88460245967184
B27,hg32-04-11,2011-12-07T09:12:30Z,2011-12-07T09:50:00Z,2011-12-07T10:21:00Z,2011-12-07T10:21:00Z,4110,1860,140,1,140,48.0468975401034,-4.88460846610146
B27,hg32-04-11,2011-12-07T18:02:15Z,2011-12-07T20:06:00Z,2011-12-07T17:58:04Z,2011-12-07T19:48:04Z,251,1076,141,1,141,48.0468311309814,-4.88441514968872
B27,hg32-04-11,2011-12-07T20:20:15Z,2011-12-07T22:33:00Z,2011-12-07T20:26:36Z,2011-12-07T22:35:56Z,381,176,142,1,142,48.0468597412109,-4.884850025177
B27,hg32-04-11,2011-12-07T22:53:30Z,2011-12-07T23:13:00Z,2011-12-07T22:49:08Z,2011-12-07T23:14:28Z,262,88,143,1,143,48.046630859375,-4.88471984863281
B27,hg32-04-11,2011-12-08T06:38:15Z,2011-12-08T10:42:00Z,2011-12-08T06:39:16Z,2011-12-08T10:44:12Z,61,132,144,1,144,48.0470809936523,-4.88500022888184
B27,hg32-04-11,2011-12-08T19:42:15Z,2011-12-08T22:49:00Z,2011-12-08T19:42:12Z,2011-12-08T22:51:08Z,3,128,147,1,147,48.0468176047232,-4.88476883256696
B27,hg32-04-11,2011-12-08T23:44:00Z,2011-12-09T00:08:00Z,2011-12-08T23:45:04Z,2011-12-09T00:09:36Z,64,96,148,1,148,48.0466804504395,-4.88444995880127
B27,hg32-04-11,2011-12-09T09:32:15Z,2011-12-09T11:54:00Z,2011-12-09T09:36:20Z,2011-12-09T12:09:48Z,245,948,149,1,149,48.0467338562012,-4.88495016098022
B27,hg32-04-11,2011-12-09T17:37:45Z,2011-12-10T00:04:00Z,2011-12-09T17:41:08Z,2011-12-10T00:05:40Z,203,100,150,1,150,48.0469951629639,-4.88496494293213
B27,hg32-04-11,2011-12-10T07:06:15Z,2011-12-10T08:43:00Z,2011-12-10T07:10:56Z,2011-12-10T09:05:36Z,281,1356,151,1,151,48.0468406677246,-4.88487005233765
B27,hg32-04-11,2011-12-10T13:59:15Z,2011-12-10T15:51:00Z,2011-12-10T13:30:24Z,2011-12-10T16:14:48Z,1731,1428,152,1,152,48.0500286977077,-4.95012814277855
B27,hg32-04-11,2011-12-10T22:18:15Z,2011-12-11T00:28:00Z,2011-12-10T22:15:20Z,2011-12-11T00:41:16Z,175,796,153,1,153,48.052116394043,-4.9463050365448
B27,hg32-04-11,2011-12-11T07:57:30Z,2011-12-11T08:08:00Z,2011-12-11T07:55:24Z,2011-12-11T08:05:24Z,126,156,154,1,154,48.0521202087402,-4.94654989242554
B27,hg32-04-11,2011-12-11T08:26:15Z,2011-12-11T10:45:00Z,2011-12-11T08:25:40Z,2011-12-11T10:47:20Z,35,140,155,1,155,48.0520458221436,-4.94654512405396
B27,hg32-04-11,2011-12-12T21:42:15Z,2011-12-13T00:04:00Z,2011-12-12T21:42:48Z,2011-12-13T00:45:40Z,33,2500,156,1,156,48.0466003417969,-4.88458013534546
B27,hg32-04-11,2011-12-14T00:31:45Z,2011-12-14T05:28:00Z,2011-12-14T00:34:12Z,2011-12-14T05:42:16Z,147,856,157,1,157,48.3709551493327,-4.88019323348999
B27,hg32-04-11,2011-12-15T03:38:15Z,2011-12-15T05:42:00Z,2011-12-15T03:41:36Z,2011-12-15T05:54:08Z,201,728,162,1,162,48.3708801269531,-4.88028001785278
B27,hg32-04-11,2011-12-15T16:34:45Z,2011-12-16T04:04:00Z,2011-12-15T16:31:28Z,2011-12-16T04:28:12Z,197,1452,163,1,163,48.3711020151774,-4.88070344924927
B27,hg32-04-11,2011-12-17T13:19:15Z,2011-12-17T16:23:00Z,2011-12-17T13:20:12Z,2011-12-17T16:27:40Z,57,280,164,1,164,48.0428657531738,-4.88547658920288
B27,hg32-04-11,2011-12-18T00:54:15Z,2011-12-18T04:52:00Z,2011-12-18T00:51:48Z,2011-12-18T05:19:36Z,147,1656,165,1,165,48.0464649200439,-4.8844850063324
B27,hg32-04-11,2011-12-18T13:12:45Z,2011-12-18T19:39:00Z,2011-12-18T13:15:32Z,2011-12-18T19:41:08Z,167,128,166,1,166,48.0519618988037,-4.94664990901947
B27,hg32-04-11,2011-12-18T21:27:30Z,2011-12-18T22:11:00Z,2011-12-18T21:16:36Z,2011-12-18T21:16:36Z,654,3264,167,1,167,48.0531477580935,-4.95134335792657
B27,hg32-04-11,2011-12-19T00:15:45Z,2011-12-19T08:54:00Z,2011-12-19T00:19:20Z,2011-12-19T08:55:36Z,215,96,168,1,168,48.0520153045654,-4.94652835528056
B27,hg32-04-11,2011-12-19T18:15:15Z,2011-12-19T19:52:00Z,2011-12-19T18:17:08Z,2011-12-19T19:54:08Z,113,128,169,1,169,48.0468101501465,-4.88461017608643
B27,hg32-04-11,2011-12-20T02:20:45Z,2011-12-20T08:35:00Z,2011-12-20T02:24:08Z,2011-12-20T08:37:28Z,203,148,170,1,170,48.051949818929,-4.94645675023397
B27,hg32-04-11,2011-12-20T14:03:45Z,2011-12-20T22:00:00Z,2011-12-20T14:00:08Z,2011-12-20T22:34:04Z,217,2044,171,1,171,48.0521831512451,-4.94657504558563
B27,hg32-04-11,2011-12-20T22:46:30Z,2011-12-20T23:03:00Z,2011-12-20T22:34:04Z,2011-12-20T23:06:44Z,746,224,172,1,172,48.0520185918224,-4.94651119709013
B27,hg32-04-11,2011-12-21T05:57:15Z,2011-12-21T08:25:00Z,2011-12-21T05:54:16Z,2011-12-21T08:27:12Z,179,132,173,1,173,48.0522804260254,-4.94654989242554
B27,hg32-04-11,2011-12-21T20:33:30Z,2011-12-21T21:14:00Z,2011-12-21T20:32:32Z,2011-12-21T21:15:32Z,58,92,174,1,174,48.052059173584,-4.94633007049561
B27,hg32-04-11,2011-12-21T22:56:00Z,2011-12-21T23:29:00Z,2011-12-21T22:32:28Z,2011-12-21T23:34:28Z,1412,328,175,1,175,48.0509336963776,-4.94380574431471
B27,hg32-04-11,2011-12-22T05:49:15Z,2011-12-22T10:32:00Z,2011-12-22T05:50:56Z,2011-12-22T10:34:56Z,101,176,176,1,176,48.0523007710775,-4.94661998748779
B27,hg32-04-11,2011-12-22T11:19:00Z,2011-12-22T11:55:00Z,2011-12-22T11:03:28Z,2011-12-22T12:05:00Z,932,600,177,1,177,48.0517475256297,-4.94586150540355
B27,hg32-04-11,2011-12-22T20:28:30Z,2011-12-22T21:30:00Z,2011-12-22T20:26:32Z,2011-12-22T21:32:08Z,118,128,178,1,178,48.0471115112305,-4.88493013381958
B27,hg32-04-11,2011-12-22T22:13:30Z,2011-12-22T22:30:00Z,2011-12-22T22:22:56Z,2011-12-22T22:33:32Z,566,212,179,1,179,48.0469207763672,-4.88508987426758
B27,hg32-04-11,2011-12-22T22:38:00Z,2011-12-22T22:59:00Z,2011-12-22T22:33:32Z,2011-12-22T23:01:08Z,268,128,180,1,180,48.0475311279297,-4.88580989837646
B27,hg32-04-11,2011-12-23T08:06:00Z,2011-12-23T08:51:00Z,2011-12-23T08:04:04Z,2011-12-23T08:49:12Z,116,108,181,1,181,48.0466537475586,-4.88451981544495
B27,hg32-04-11,2011-12-24T07:10:15Z,2011-12-24T09:59:00Z,2011-12-24T07:17:24Z,2011-12-24T09:54:32Z,429,268,182,1,182,48.043194770813,-4.88525998592377
B27,hg32-04-11,2011-12-24T12:56:15Z,2011-12-24T16:06:00Z,2011-12-24T12:31:52Z,2011-12-24T16:22:32Z,1463,992,183,1,183,48.0505439145027,-4.95046546428191
B27,hg32-04-11,2011-12-24T23:49:00Z,2011-12-25T00:40:00Z,2011-12-24T23:46:56Z,2011-12-25T00:41:52Z,124,112,184,1,184,48.0467300415039,-4.88462018966675
B27,hg32-04-11,2011-12-25T06:17:00Z,2011-12-25T06:47:00Z,2011-12-25T06:18:08Z,2011-12-25T06:49:20Z,68,140,185,1,185,48.0470390319824,-4.88504981994629
B27,hg32-04-11,2011-12-25T07:12:30Z,2011-12-25T07:35:00Z,2011-12-25T07:13:04Z,2011-12-25T07:38:24Z,34,204,186,1,186,48.0468406677246,-4.88488006591797
B27,hg32-04-11,2011-12-25T07:47:45Z,2011-12-25T13:32:00Z,2011-12-25T07:48:24Z,2011-12-25T13:34:40Z,39,160,187,1,187,48.0470809936524,-4.88488483428955
B27,hg32-04-11,2011-12-25T21:17:15Z,2011-12-26T01:33:00Z,2011-12-25T21:18:16Z,2011-12-26T01:35:12Z,61,132,188,1,188,48.0521659851074,-4.94655338923136
B27,hg32-04-11,2011-12-26T02:13:00Z,2011-12-26T02:52:00Z,2011-12-26T01:35:12Z,2011-12-26T02:59:36Z,2268,456,189,1,189,48.0495961220906,-4.94508805941624
B27,hg32-04-11,2011-12-26T12:27:00Z,2011-12-26T13:39:00Z,2011-12-26T12:34:52Z,2011-12-26T12:34:52Z,472,3848,190,1,190,48.0521812438965,-4.94680023193359
B27,hg32-04-11,2011-12-26T13:48:15Z,2011-12-26T15:55:00Z,2011-12-26T12:34:52Z,2011-12-26T16:15:28Z,4403,1228,191,1,191,48.0494096092531,-4.95483460245111
B27,hg32-04-11,2011-12-26T21:26:45Z,2011-12-27T02:17:00Z,2011-12-26T21:34:04Z,2011-12-27T03:09:20Z,439,3140,192,1,192,48.051944732666,-4.94677495956421
B27,hg32-04-11,2011-12-27T02:29:00Z,2011-12-27T02:59:00Z,2011-12-27T03:09:20Z,2011-12-27T03:09:20Z,2420,620,193,1,193,48.047486349889,-4.94733537342114
B27,hg32-04-11,2011-12-28T02:51:30Z,2011-12-28T03:20:00Z,2011-12-28T02:43:52Z,2011-12-28T03:30:44Z,458,644,195,1,195,48.0524730763768,-4.94580301705995
B27,hg32-04-11,2011-12-28T22:10:45Z,2011-12-29T10:04:00Z,2011-12-28T22:08:08Z,2011-12-29T10:05:28Z,157,88,198,1,198,48.3709030151367,-4.88058662414551
B27,hg32-04-11,2011-12-29T17:36:45Z,2011-12-30T05:18:00Z,2011-12-29T17:35:24Z,2011-12-30T05:23:56Z,81,356,199,1,199,48.3710327148438,-4.88037994929722
B27,hg32-04-11,2011-12-30T15:44:45Z,2011-12-31T07:26:00Z,2011-12-30T15:42:44Z,2011-12-31T06:52:44Z,121,1996,200,1,200,48.3709444999695,-4.88046377897263
B27,hg32-04-11,2012-01-01T02:00:00Z,2012-01-01T03:03:00Z,2012-01-01T02:02:44Z,2012-01-01T03:04:52Z,164,112,201,1,201,48.0467681884766,-4.88404989242554
B27,hg32-04-11,2012-01-01T16:34:30Z,2012-01-01T17:12:00Z,2012-01-01T16:41:16Z,2012-01-01T17:13:48Z,406,108,202,1,202,48.0466785430908,-4.88435506820679
B27,hg32-04-11,2012-01-01T17:31:30Z,2012-01-01T18:24:00Z,2012-01-01T17:34:32Z,2012-01-01T18:44:00Z,182,1200,203,1,203,48.0469207763672,-4.88468980789185
B27,hg32-04-11,2012-01-02T02:05:15Z,2012-01-02T06:09:00Z,2012-01-02T02:07:32Z,2012-01-02T06:12:28Z,137,208,204,1,204,48.0467872619629,-4.88461001714071
B27,hg32-04-11,2012-01-03T08:13:15Z,2012-01-03T12:50:00Z,2012-01-03T07:50:56Z,2012-01-03T07:50:56Z,1339,17944,205,1,205,48.3710371341741,-4.88025786595104
B27,hg32-04-11,2012-01-05T20:21:30Z,2012-01-05T21:44:00Z,2012-01-05T20:20:00Z,2012-01-05T21:44:00Z,90,0,208,1,208,48.0468292236328,-4.88475489616394
B27,hg32-04-11,2012-01-05T22:09:00Z,2012-01-05T22:24:00Z,2012-01-05T22:15:12Z,2012-01-05T22:15:12Z,372,528,209,1,209,48.0466384887695,-4.88468980789185
B27,hg32-04-11,2012-01-06T00:22:30Z,2012-01-06T00:42:00Z,2012-01-06T00:18:36Z,2012-01-06T00:42:12Z,234,12,210,1,210,48.0444412231445,-4.87445020675659
B27,hg32-04-11,2012-01-06T00:53:30Z,2012-01-06T01:58:00Z,2012-01-06T00:52:12Z,2012-01-06T02:00:20Z,78,140,211,1,211,48.044319152832,-4.87403011322021
B27,hg32-04-11,2012-01-06T02:26:00Z,2012-01-06T03:41:00Z,2012-01-06T02:33:28Z,2012-01-06T03:51:24Z,448,624,212,1,212,48.0442352294922,-4.87414002418518
B27,hg32-04-11,2012-01-06T04:59:00Z,2012-01-06T05:17:00Z,2012-01-06T04:58:36Z,2012-01-06T05:20:40Z,24,220,213,1,213,48.0441513061523,-4.87412023544312
B27,hg32-04-11,2012-01-06T08:24:30Z,2012-01-06T08:47:00Z,2012-01-06T08:19:44Z,2012-01-06T08:56:52Z,286,592,214,1,214,48.046630859375,-4.88454008102417
B27,hg32-04-11,2012-01-06T08:57:00Z,2012-01-06T09:12:00Z,2012-01-06T08:56:52Z,2012-01-06T09:06:52Z,8,308,215,1,215,48.0465202331543,-4.88442993164063
B27,hg32-04-11,2012-01-06T09:18:00Z,2012-01-06T10:45:00Z,2012-01-06T09:17:40Z,2012-01-06T10:48:00Z,20,180,216,1,216,48.0467796325684,-4.88468980789185
B27,hg32-04-11,2012-01-06T17:10:45Z,2012-01-06T23:43:00Z,2012-01-06T17:15:16Z,2012-01-07T00:05:08Z,271,1328,217,1,217,48.0467567443848,-4.88489659627279
B27,hg32-04-11,2012-01-07T05:53:30Z,2012-01-07T06:10:00Z,2012-01-07T05:57:24Z,2012-01-07T06:11:24Z,234,84,218,1,218,48.0466499328613,-4.88463020324707
B27,hg32-04-11,2012-01-07T06:19:00Z,2012-01-07T07:46:00Z,2012-01-07T06:21:24Z,2012-01-07T07:44:08Z,144,112,219,1,219,48.046199798584,-4.88478493690491
B27,hg32-04-11,2012-01-07T18:00:00Z,2012-01-07T18:12:00Z,2012-01-07T18:04:04Z,2012-01-07T18:14:08Z,244,128,220,1,220,48.0464210510254,-4.88468980789185
B27,hg32-04-11,2012-01-07T18:58:00Z,2012-01-07T19:46:00Z,2012-01-07T18:55:52Z,2012-01-07T19:57:16Z,128,676,221,1,221,48.0466117858887,-4.88459014892578
B27,hg32-04-11,2012-01-08T07:10:00Z,2012-01-08T07:55:00Z,2012-01-08T07:12:20Z,2012-01-08T08:10:44Z,140,944,224,1,224,48.0467109680176,-4.88437986373901
B27,hg32-04-11,2012-01-09T13:57:15Z,2012-01-09T16:10:00Z,2012-01-09T13:50:20Z,2012-01-09T16:10:48Z,415,48,228,1,228,48.0516144827638,-4.9453673457783
B27,hg32-04-11,2012-01-09T19:42:45Z,2012-01-10T01:03:00Z,2012-01-09T19:39:04Z,2012-01-10T02:11:36Z,221,4116,229,1,229,48.046984354655,-4.88461335500081
B27,hg32-04-11,2012-01-10T08:45:30Z,2012-01-10T09:05:00Z,2012-01-10T08:44:44Z,2012-01-10T09:07:16Z,46,136,230,1,230,48.0445518493652,-4.88945007324219
B27,hg32-04-11,2012-01-10T09:40:15Z,2012-01-10T12:47:00Z,2012-01-10T09:37:40Z,2012-01-10T12:36:56Z,155,604,231,1,231,48.0447629292806,-4.88831663131714
B27,hg32-04-11,2012-01-10T19:55:45Z,2012-01-11T02:46:00Z,2012-01-10T19:56:12Z,2012-01-11T02:36:12Z,27,588,232,1,232,48.0521224975586,-4.94643402099609
B27,hg32-04-11,2012-01-11T03:03:30Z,2012-01-11T04:02:00Z,2012-01-11T02:57:56Z,2012-01-11T04:19:52Z,334,1072,233,1,233,48.0514435430578,-4.94563565029173
B27,hg32-04-11,2012-01-11T08:37:15Z,2012-01-11T11:05:00Z,2012-01-11T08:41:36Z,2012-01-11T11:19:08Z,261,848,234,1,234,48.0521583557129,-4.94665002822876
B27,hg32-04-11,2012-01-12T01:27:30Z,2012-01-12T02:38:00Z,2012-01-12T01:27:20Z,2012-01-12T03:00:36Z,10,1356,237,1,237,48.0519409179688,-4.94621992111206
B27,hg32-04-11,2012-01-12T02:52:30Z,2012-01-12T03:09:00Z,2012-01-12T03:00:36Z,2012-01-12T03:11:20Z,486,140,238,1,238,48.0519485473633,-4.94670009613037
B27,hg32-04-11,2012-01-12T03:45:00Z,2012-01-12T04:51:00Z,2012-01-12T03:33:08Z,2012-01-12T05:42:32Z,712,3092,239,1,239,48.0519838957121,-4.94704888740316
B27,hg32-04-11,2012-01-12T10:02:30Z,2012-01-12T10:25:00Z,2012-01-12T10:03:52Z,2012-01-12T10:37:16Z,82,736,240,1,240,48.0522689819336,-4.94663000106812
B27,hg32-04-11,2012-01-12T10:31:00Z,2012-01-12T11:19:00Z,2012-01-12T10:37:16Z,2012-01-12T11:21:04Z,376,124,241,1,241,48.0522499084473,-4.94630002975464
B27,hg32-04-11,2012-01-12T11:27:15Z,2012-01-12T14:16:00Z,2012-01-12T11:31:04Z,2012-01-12T14:19:44Z,229,224,242,1,242,48.0522556304931,-4.94686508178711
B27,hg32-04-11,2012-01-12T20:34:45Z,2012-01-13T04:31:00Z,2012-01-12T20:35:56Z,2012-01-13T04:33:36Z,71,156,243,1,243,48.0521125793457,-4.94658002853393
B27,hg32-04-11,2012-01-13T08:35:15Z,2012-01-13T10:12:00Z,2012-01-13T08:31:12Z,2012-01-13T10:14:52Z,243,172,244,1,244,48.0519218444824,-4.94668006896973
B27,hg32-04-11,2012-01-13T21:10:45Z,2012-01-14T04:13:00Z,2012-01-13T21:10:20Z,2012-01-14T05:01:16Z,25,2896,245,1,245,48.0512826897685,-4.94532828681837
B27,hg32-04-11,2012-01-14T08:07:30Z,2012-01-14T08:24:00Z,2012-01-14T08:06:12Z,2012-01-14T08:26:40Z,78,160,246,1,246,48.0520210266113,-4.94664001464844
B27,hg32-04-11,2012-01-15T03:21:15Z,2012-01-15T05:01:00Z,2012-01-15T03:20:48Z,2012-01-15T05:16:00Z,27,900,247,1,247,48.0521087646484,-4.94672012329102
B27,hg32-04-11,2012-01-15T10:12:45Z,2012-01-15T16:33:00Z,2012-01-15T10:10:04Z,2012-01-15T16:35:52Z,161,172,248,1,248,48.052131652832,-4.9464898109436
B27,hg32-04-11,2012-01-16T12:21:45Z,2012-01-16T18:30:00Z,2012-01-16T11:52:08Z,2012-01-17T00:11:24Z,1777,20484,249,1,249,48.035619006766,-4.92116850314141
B27,hg32-04-11,2012-01-17T05:15:00Z,2012-01-17T05:42:00Z,2012-01-17T05:11:56Z,2012-01-17T05:44:04Z,184,124,250,1,250,48.052318572998,-4.9465799331665
B27,hg32-04-11,2012-01-17T11:42:00Z,2012-01-17T12:00:00Z,2012-01-17T11:37:32Z,2012-01-17T11:59:04Z,268,56,251,1,251,48.0467548370361,-4.88515996932984
B27,hg32-04-11,2012-01-17T12:08:45Z,2012-01-17T19:59:00Z,2012-01-17T12:09:56Z,2012-01-17T20:15:40Z,71,1000,252,1,252,48.0467576980591,-4.88510000705719
B27,hg32-04-11,2012-01-18T14:47:45Z,2012-01-18T21:08:00Z,2012-01-18T14:45:16Z,2012-01-18T21:46:44Z,149,2324,253,1,253,48.0468502044678,-4.88467001914978
B27,hg32-04-11,2012-01-19T07:50:00Z,2012-01-19T08:32:00Z,2012-01-19T07:46:04Z,2012-01-19T08:34:04Z,236,124,254,1,254,48.0521011352539,-4.94644021987915
B27,hg32-04-11,2012-01-19T17:35:00Z,2012-01-19T19:46:00Z,2012-01-19T17:39:08Z,2012-01-19T19:48:32Z,248,152,255,1,1,48.0466484069824,-4.88444194793701
B27,hg32-04-11,2012-01-20T08:26:15Z,2012-01-20T10:12:00Z,2012-01-20T08:30:44Z,2012-01-20T10:10:44Z,269,76,2,1,2,48.0520648956299,-4.94648480415345
B27,hg32-04-11,2012-01-20T10:30:30Z,2012-01-20T10:56:00Z,2012-01-20T10:10:44Z,2012-01-20T10:56:20Z,1186,20,3,1,3,48.0512334547542,-4.94499808549836
B27,hg32-04-11,2012-01-21T08:55:30Z,2012-01-21T09:51:00Z,2012-01-21T08:53:48Z,2012-01-21T09:51:04Z,102,4,6,1,6,48.0470199584961,-4.88452005386353
B27,hg32-04-11,2012-01-21T10:18:30Z,2012-01-21T10:38:00Z,2012-01-21T10:21:04Z,2012-01-21T10:35:56Z,154,124,7,1,7,48.0468139648438,-4.88520002365112
B27,hg32-04-11,2012-01-21T17:49:45Z,2012-01-22T00:04:00Z,2012-01-21T17:45:16Z,2012-01-22T00:29:08Z,269,1508,8,1,8,48.0467796325683,-4.88474988937378
B27,hg32-04-11,2012-01-22T17:39:45Z,2012-01-23T00:30:00Z,2012-01-22T17:45:16Z,2012-01-23T00:25:16Z,331,284,9,1,9,48.0469932556152,-4.88499673207601
B27,hg32-04-11,2012-01-23T18:29:45Z,2012-01-24T01:56:00Z,2012-01-23T18:29:28Z,2012-01-24T02:25:08Z,17,1748,10,1,10,48.0468807220459,-4.88544988632202
B27,hg32-04-11,2012-01-25T10:19:30Z,2012-01-25T10:48:00Z,2012-01-25T10:23:52Z,2012-01-25T10:46:04Z,262,116,11,1,11,48.3655230204264,-4.87921015421549
B27,hg32-04-11,2012-01-25T10:53:45Z,2012-01-26T05:35:00Z,2012-01-25T10:56:04Z,2012-01-26T05:26:04Z,139,536,12,1,12,48.3707588195801,-4.8798999786377
B28,hg32-23-11,2011-06-23T14:15:30Z,2011-06-23T15:08:00Z,2011-06-23T14:11:52Z,2011-06-23T15:15:28Z,218,448,0,1,0,48.5810012817383,-4.73070001602173
B28,hg32-23-11,2011-06-23T15:32:00Z,2011-06-23T16:53:00Z,2011-06-23T15:35:52Z,2011-06-23T17:08:20Z,232,920,1,1,1,48.5809783935547,-4.73042011260986
B28,hg32-23-11,2011-06-24T01:17:00Z,2011-06-24T01:50:00Z,2011-06-24T01:16:44Z,2011-06-24T01:51:24Z,16,84,2,1,2,48.5857009887695,-4.73255014419556
B28,hg32-23-11,2011-07-01T21:15:15Z,2011-07-02T00:49:00Z,2011-07-01T21:17:12Z,2011-07-02T00:47:12Z,117,108,3,1,3,52.1129350662231,-10.5226998329163
B28,hg32-23-11,2011-07-04T22:41:15Z,2011-07-05T02:42:00Z,2011-07-04T22:45:32Z,2011-07-05T02:58:32Z,257,992,4,1,4,54.2176342010498,-10.111909866333
B28,hg32-23-11,2011-07-08T21:04:00Z,2011-07-08T21:16:00Z,2011-07-08T21:00:12Z,2011-07-08T21:20:16Z,228,256,5,1,5,55.6726085751558,-6.5068350836289
B28,hg32-23-11,2011-07-08T21:54:15Z,2011-07-09T00:25:00Z,2011-07-08T21:50:44Z,2011-07-09T01:03:16Z,211,2296,6,1,6,55.6717147827149,-6.50620985031128
B28,hg32-23-11,2011-07-09T14:55:00Z,2011-07-09T16:01:00Z,2011-07-09T15:00:20Z,2011-07-09T16:00:12Z,320,48,7,1,7,55.859375,-6.31549978256225
B28,hg32-23-11,2011-07-09T17:09:15Z,2011-07-09T20:19:00Z,2011-07-09T17:06:04Z,2011-07-09T20:23:28Z,191,268,8,1,8,55.8940938313802,-6.3420901298523
B28,hg32-23-11,2011-07-10T06:55:15Z,2011-07-10T09:35:00Z,2011-07-10T06:49:32Z,2011-07-10T09:20:12Z,343,888,11,1,11,55.9971008300781,-6.2844500541687
B28,hg32-23-11,2011-07-10T15:42:30Z,2011-07-10T16:23:00Z,2011-07-10T15:42:40Z,2011-07-10T16:24:08Z,10,68,12,1,12,56.0003814697266,-6.27920007705688
B28,hg32-23-11,2011-07-10T16:37:45Z,2011-07-10T22:34:00Z,2011-07-10T16:34:12Z,2011-07-10T23:07:24Z,213,2004,13,1,13,55.9971186319987,-6.2841100692749
B28,hg32-23-11,2011-07-11T05:26:15Z,2011-07-11T08:00:00Z,2011-07-11T05:23:16Z,2011-07-11T08:02:04Z,179,124,14,1,14,55.9979095458984,-6.28262019157409
B28,hg32-23-11,2011-07-11T08:04:15Z,2011-07-11T10:32:00Z,2011-07-11T08:02:04Z,2011-07-11T10:31:28Z,131,32,15,1,15,55.9973201751709,-6.28393507003784
B28,hg32-23-11,2011-07-11T17:05:30Z,2011-07-11T17:25:00Z,2011-07-11T17:00:32Z,2011-07-11T17:35:52Z,298,652,16,1,16,56.0010299682617,-6.27803993225098
B28,hg32-23-11,2011-07-12T09:39:15Z,2011-07-12T13:28:00Z,2011-07-12T09:38:48Z,2011-07-12T13:30:08Z,27,128,19,1,19,55.8597106933593,-6.31560492515564
B28,hg32-23-11,2011-07-12T20:07:15Z,2011-07-12T22:23:00Z,2011-07-12T20:06:32Z,2011-07-12T22:24:08Z,43,68,20,1,20,55.8919200897217,-6.34773492813111
B28,hg32-23-11,2011-07-12T23:46:15Z,2011-07-13T02:11:00Z,2011-07-12T23:48:08Z,2011-07-13T02:12:56Z,113,116,21,1,21,55.8597087860107,-6.31557989120484
B28,hg32-23-11,2011-07-13T08:19:15Z,2011-07-13T11:11:00Z,2011-07-13T08:22:12Z,2011-07-13T11:09:44Z,177,76,22,1,22,55.891232808431,-6.35020001729329
B28,hg32-23-11,2011-07-13T20:32:30Z,2011-07-13T22:04:00Z,2011-07-13T20:27:32Z,2011-07-13T22:05:16Z,298,76,23,1,23,55.9969711303711,-6.2841100692749
B28,hg32-23-11,2011-07-13T22:15:15Z,2011-07-14T00:58:00Z,2011-07-13T22:15:16Z,2011-07-14T01:05:48Z,1,468,24,1,24,55.997205734253,-6.28395485877991
B28,hg32-23-11,2011-07-14T09:02:15Z,2011-07-14T13:36:00Z,2011-07-14T09:00:04Z,2011-07-14T13:49:20Z,131,800,25,1,25,55.9971529642741,-6.28439331054688
B28,hg32-23-11,2011-07-14T21:36:15Z,2011-07-15T01:55:00Z,2011-07-14T21:32:24Z,2011-07-15T01:53:04Z,231,116,26,1,26,55.9971771240234,-6.28421672185262
B28,hg32-23-11,2011-07-15T09:24:15Z,2011-07-15T14:04:00Z,2011-07-15T09:24:28Z,2011-07-15T14:18:12Z,13,852,27,1,27,55.9970951080323,-6.28437495231629
B28,hg32-23-11,2011-07-15T22:35:15Z,2011-07-16T02:09:00Z,2011-07-15T22:37:24Z,2011-07-16T01:57:24Z,129,696,28,1,28,55.9971599578857,-6.28426003456116
B28,hg32-23-11,2011-07-16T09:55:30Z,2011-07-16T10:21:00Z,2011-07-16T09:59:16Z,2011-07-16T10:22:44Z,226,104,29,1,29,55.9991302490234,-6.28113985061646
B28,hg32-23-11,2011-07-16T10:32:15Z,2011-07-16T14:42:00Z,2011-07-16T10:32:44Z,2011-07-16T14:42:12Z,29,12,30,1,30,55.9973487854004,-6.2842698097229
B28,hg32-23-11,2011-07-16T22:41:15Z,2011-07-17T02:51:00Z,2011-07-16T22:39:48Z,2011-07-17T02:54:08Z,87,188,31,1,31,55.9971294403077,-6.28428483009339
B28,hg32-23-11,2011-07-17T13:58:30Z,2011-07-17T15:00:00Z,2011-07-17T14:00:00Z,2011-07-17T15:06:08Z,90,368,32,1,32,55.8913993835449,-6.34964990615845
B28,hg32-23-11,2011-07-17T22:12:45Z,2011-07-18T04:15:00Z,2011-07-17T22:11:20Z,2011-07-18T04:17:16Z,85,136,33,1,33,55.8597640991211,-6.31576490402222
B28,hg32-23-11,2011-07-18T12:09:30Z,2011-07-18T12:35:00Z,2011-07-18T12:18:12Z,2011-07-18T12:32:16Z,522,164,34,1,34,55.8618144989014,-6.31386995315552
B28,hg32-23-11,2011-07-18T12:50:15Z,2011-07-18T14:30:00Z,2011-07-18T12:32:16Z,2011-07-18T14:31:24Z,1079,84,35,1,35,55.8629989624023,-6.31485986709595
B28,hg32-23-11,2011-07-18T14:40:30Z,2011-07-18T16:12:00Z,2011-07-18T14:41:24Z,2011-07-18T16:14:28Z,54,148,36,1,36,55.8628997802734,-6.31472015380859
B28,hg32-23-11,2011-07-18T23:55:45Z,2011-07-19T06:04:00Z,2011-07-18T23:53:20Z,2011-07-19T06:06:44Z,145,164,37,1,37,55.8597399393718,-6.31548325220744
B28,hg32-23-11,2011-07-19T12:48:30Z,2011-07-19T14:14:00Z,2011-07-19T12:46:44Z,2011-07-19T14:36:08Z,106,1328,38,1,38,55.8599700927734,-6.31546020507813
B28,hg32-23-11,2011-07-19T14:41:15Z,2011-07-19T18:15:00Z,2011-07-19T14:46:08Z,2011-07-19T18:17:20Z,293,140,39,1,39,55.8599510192872,-6.31529998779297
B28,hg32-23-11,2011-07-19T23:17:45Z,2011-07-20T06:44:00Z,2011-07-19T23:18:36Z,2011-07-20T06:46:08Z,51,128,40,1,40,55.8597946166992,-6.31559503078461
B28,hg32-23-11,2011-07-21T01:55:15Z,2011-07-21T06:14:00Z,2011-07-21T01:58:16Z,2011-07-21T06:16:24Z,181,144,45,1,45,55.8596598307292,-6.31540664037069
B28,hg32-23-11,2011-07-21T06:33:00Z,2011-07-21T07:30:00Z,2011-07-21T06:36:24Z,2011-07-21T07:34:04Z,204,244,46,1,46,55.8599700927734,-6.3153600692749
B28,hg32-23-11,2011-07-21T10:45:45Z,2011-07-21T19:54:00Z,2011-07-21T10:47:24Z,2011-07-21T19:57:40Z,99,220,47,1,47,55.8598350524902,-6.3155499458313
B28,hg32-23-11,2011-08-10T05:54:15Z,2011-08-10T07:49:00Z,2011-08-10T06:00:16Z,2011-08-10T06:00:16Z,361,6524,50,1,50,55.9024887084961,-6.32891988754272
B28,hg32-23-11,2011-08-11T08:48:45Z,2011-08-11T15:15:00Z,2011-08-11T13:50:32Z,2011-08-11T15:16:32Z,18107,92,56,1,56,55.9025993347168,-6.32931995391846
B28,hg32-23-11,2011-08-11T17:57:45Z,2011-08-12T04:06:00Z,2011-08-11T18:02:20Z,2011-08-12T04:02:20Z,275,220,57,1,57,55.9025065104166,-6.32879320780436
B28,hg32-23-11,2011-08-12T21:22:15Z,2011-08-13T00:53:00Z,2011-08-12T21:22:00Z,2011-08-13T01:02:40Z,15,580,61,1,61,55.9026050567627,-6.32884001731873
B28,hg32-23-11,2011-08-13T10:04:30Z,2011-08-13T11:36:00Z,2011-08-13T10:02:56Z,2011-08-13T11:38:20Z,94,140,62,1,62,55.8894882202148,-6.35065984725952
B28,hg32-23-11,2011-08-13T11:52:00Z,2011-08-13T12:25:00Z,2011-08-13T11:48:36Z,2011-08-13T12:29:20Z,204,260,63,1,63,55.8948307037354,-6.34383988380432
B28,hg32-23-11,2011-08-13T13:07:30Z,2011-08-13T14:09:00Z,2011-08-13T13:10:04Z,2011-08-13T14:11:04Z,154,124,64,1,64,55.9017486572266,-6.32721996307373
B28,hg32-23-11,2011-08-13T21:58:15Z,2011-08-14T02:20:00Z,2011-08-13T21:54:32Z,2011-08-14T02:41:48Z,223,1308,65,1,65,55.8916645050049,-6.34973001480103
B28,hg32-23-11,2011-08-14T09:39:45Z,2011-08-14T14:36:00Z,2011-08-14T09:41:44Z,2011-08-14T14:42:32Z,119,392,66,1,66,55.8916142781576,-6.34956661860148
B28,hg32-23-11,2011-08-14T22:06:45Z,2011-08-15T03:09:00Z,2011-08-14T19:27:00Z,2011-08-15T03:41:44Z,9585,1964,67,1,67,55.8918275277323,-6.33133005063769
B28,hg32-23-11,2011-08-15T11:24:15Z,2011-08-15T14:49:00Z,2011-08-15T11:29:36Z,2011-08-15T14:47:36Z,321,84,68,1,68,55.8937136332194,-6.34272336959839
B28,hg32-23-11,2011-08-15T23:13:30Z,2011-08-16T00:30:00Z,2011-08-16T00:31:44Z,2011-08-16T00:31:44Z,4694,104,69,1,69,55.897803458494,-6.34373969618842
B28,hg32-23-11,2011-08-16T02:23:00Z,2011-08-16T03:50:00Z,2011-08-16T02:23:16Z,2011-08-16T03:52:24Z,16,144,70,1,70,55.8955192565918,-6.34252023696899
B28,hg32-23-11,2011-08-16T10:56:45Z,2011-08-16T16:11:00Z,2011-08-16T10:20:20Z,2011-08-16T17:16:16Z,2185,3916,71,1,71,55.8952985213418,-6.34274246573623
B28,hg32-23-11,2011-08-16T23:04:45Z,2011-08-17T04:13:00Z,2011-08-16T22:46:08Z,2011-08-17T05:08:48Z,1117,3348,72,1,72,55.8966412447055,-6.34387059090237
B28,hg32-23-11,2011-08-17T10:48:30Z,2011-08-17T11:29:00Z,2011-08-17T10:52:24Z,2011-08-17T11:29:04Z,234,4,73,1,73,55.8957595825195,-6.34488010406494
B28,hg32-23-11,2011-08-17T11:41:15Z,2011-08-17T16:18:00Z,2011-08-17T11:29:04Z,2011-08-17T16:20:32Z,731,152,74,1,74,55.8963320911858,-6.34424967484419
B28,hg32-23-11,2011-08-17T18:21:30Z,2011-08-17T19:56:00Z,2011-08-17T18:24:20Z,2011-08-17T19:50:08Z,170,352,75,1,75,55.8957786560058,-6.33846998214722
B28,hg32-23-11,2011-08-17T21:40:45Z,2011-08-18T09:22:00Z,2011-08-17T21:42:12Z,2011-08-18T09:20:08Z,87,112,76,1,76,55.8955604553223,-6.33872995376587
B28,hg32-23-11,2011-08-18T11:58:45Z,2011-08-18T17:19:00Z,2011-08-18T11:20:20Z,2011-08-18T17:32:00Z,2305,780,77,1,77,55.8964316021701,-6.34337544548138
B28,hg32-23-11,2011-08-19T00:09:45Z,2011-08-19T05:42:00Z,2011-08-18T23:41:40Z,2011-08-19T06:01:48Z,1685,1188,78,1,78,55.8953382111733,-6.34263507684721
B28,hg32-23-11,2011-08-19T12:07:00Z,2011-08-19T12:31:00Z,2011-08-19T12:04:24Z,2011-08-19T12:34:24Z,156,204,79,1,79,55.8967029825846,-6.34494314511616
B28,hg32-23-11,2011-08-19T12:43:15Z,2011-08-19T17:23:00Z,2011-08-19T12:34:24Z,2011-08-19T17:48:56Z,531,1556,80,1,80,55.8955072275204,-6.34357159914174
B28,hg32-23-11,2011-08-20T14:21:15Z,2011-08-20T17:28:00Z,2011-08-20T14:11:08Z,2011-08-20T17:32:40Z,607,280,81,1,81,55.8968754794241,-6.34495787870157
B28,hg32-23-11,2011-08-21T01:44:15Z,2011-08-21T06:15:00Z,2011-08-21T01:04:16Z,2011-08-21T07:07:12Z,2399,3132,82,1,82,55.896361807004,-6.34269976577583
B28,hg32-23-11,2011-08-21T10:49:45Z,2011-08-22T08:19:00Z,2011-08-21T10:49:08Z,2011-08-22T08:14:12Z,37,288,83,1,83,55.895724105835,-6.33822693824768
B28,hg32-23-11,2011-09-03T16:01:15Z,2011-09-03T20:35:00Z,2011-09-03T15:57:20Z,2011-09-03T20:39:08Z,235,248,84,1,84,55.8957633972168,-6.33792002995809
B28,hg32-23-11,2011-09-03T22:17:45Z,2011-09-04T04:14:00Z,2011-09-03T22:19:32Z,2011-09-04T04:23:24Z,107,564,85,1,85,55.8957595825195,-6.33804670969645
B28,hg32-23-11,2011-09-04T15:31:15Z,2011-09-04T17:26:00Z,2011-09-04T15:22:44Z,2011-09-04T17:23:20Z,511,160,86,1,86,55.8948650360107,-6.34390497207641
B28,hg32-23-11,2011-09-04T22:27:45Z,2011-09-05T03:24:00Z,2011-09-04T22:22:20Z,2011-09-05T03:26:44Z,325,164,87,1,87,55.8957290649414,-6.33822011947632
B28,hg32-23-11,2011-09-05T16:19:15Z,2011-09-05T18:47:00Z,2011-09-05T16:20:04Z,2011-09-05T18:58:08Z,49,668,88,1,88,55.8941650390625,-6.34004497528076
B28,hg32-23-11,2011-09-05T20:41:15Z,2011-09-06T01:06:00Z,2011-09-05T20:37:24Z,2011-09-06T01:28:44Z,231,1364,89,1,89,55.8957633972168,-6.33844017982483
B28,hg32-23-11,2011-09-06T06:20:15Z,2011-09-06T08:15:00Z,2011-09-06T06:25:08Z,2011-09-06T08:32:20Z,293,1040,90,1,90,55.895679473877,-6.33844995498657
B28,hg32-23-11,2011-09-06T22:29:45Z,2011-09-07T11:35:00Z,2011-09-06T16:35:52Z,2011-09-07T12:00:56Z,21233,1556,91,1,91,55.890385319505,-6.32736682261557
B28,hg32-23-11,2011-09-07T21:54:45Z,2011-09-08T03:39:00Z,2011-09-07T21:58:36Z,2011-09-08T03:58:52Z,231,1192,92,1,92,55.8954639434815,-6.33791995048523
B28,hg32-23-11,2011-09-08T17:38:45Z,2011-09-09T07:32:00Z,2011-09-08T17:35:12Z,2011-09-09T07:31:04Z,213,56,93,1,93,55.8956701490614,-6.33864111370511
B28,hg32-23-11,2011-09-09T19:43:45Z,2011-09-10T03:10:00Z,2011-09-09T19:43:08Z,2011-09-10T03:24:08Z,37,848,94,1,94,55.8956699371338,-6.33868992328644
B28,hg32-23-11,2011-09-11T20:54:45Z,2011-09-12T05:21:00Z,2011-09-11T20:58:20Z,2011-09-12T05:15:44Z,215,316,96,1,96,55.8958763122559,-6.33782596588135
B28,hg32-23-11,2011-09-12T07:04:15Z,2011-09-12T10:56:00Z,2011-09-12T06:59:20Z,2011-09-12T10:47:12Z,295,528,97,1,97,55.8955485026042,-6.33859006563822
B28,hg32-23-11,2011-09-12T11:39:15Z,2011-09-12T13:49:00Z,2011-09-12T11:37:36Z,2011-09-12T13:44:08Z,99,292,98,1,98,55.8956260681152,-6.33825993537902
B28,hg32-23-11,2011-09-12T20:34:45Z,2011-09-13T05:01:00Z,2011-09-12T20:33:32Z,2011-09-13T05:07:00Z,73,360,99,1,99,55.895830154419,-6.33854746818542
B28,hg32-23-11,2011-09-13T21:03:45Z,2011-09-14T20:57:00Z,2011-09-13T20:58:48Z,2011-09-14T18:38:48Z,297,8292,100,1,100,55.8956748962402,-6.33838391304016
B28,hg32-23-11,2011-09-22T01:40:45Z,2011-09-22T09:49:00Z,2011-09-22T01:41:52Z,2011-09-22T10:00:16Z,67,676,103,1,103,54.20099512736,-10.1323267618815
B28,hg32-23-11,2011-09-22T20:19:15Z,2011-09-23T00:32:00Z,2011-09-22T20:18:40Z,2011-09-23T00:38:48Z,35,408,104,1,104,54.2008501688639,-10.1321668624878
B28,hg32-23-11,2011-09-23T18:53:15Z,2011-09-23T23:21:00Z,2011-09-23T18:55:20Z,2011-09-23T23:53:32Z,125,1952,105,1,105,54.2008399963378,-10.132520198822
B28,hg32-23-11,2011-09-28T23:49:00Z,2011-09-29T00:01:00Z,2011-09-28T23:49:36Z,2011-09-28T23:59:36Z,36,84,108,1,108,54.3339653015136,-9.82426023483276
B28,hg32-23-11,2011-09-29T00:05:45Z,2011-09-29T06:20:00Z,2011-09-28T23:59:36Z,2011-09-29T06:58:36Z,369,2316,109,1,109,54.3335208842748,-9.82651039985035
B28,hg32-23-11,2011-09-29T09:24:15Z,2011-09-29T12:31:00Z,2011-09-29T09:30:32Z,2011-09-29T12:33:20Z,377,140,110,1,110,54.3340854644776,-9.82414484024047
B28,hg32-23-11,2011-09-29T21:18:45Z,2011-09-30T04:15:00Z,2011-09-29T21:24:52Z,2011-09-30T04:18:00Z,367,180,111,1,111,54.3338127136231,-9.82359027862549
B28,hg32-23-11,2011-10-02T04:23:15Z,2011-10-02T06:51:00Z,2011-10-02T04:05:16Z,2011-10-02T06:53:08Z,1079,128,112,1,112,54.3380770395445,-9.81799714138226
B28,hg32-23-11,2011-10-02T11:10:45Z,2011-10-02T19:13:00Z,2011-10-02T11:07:24Z,2011-10-02T19:19:00Z,201,360,113,1,113,54.3335800170899,-9.8243096669515
B28,hg32-23-11,2011-10-02T22:06:45Z,2011-10-03T04:57:00Z,2011-10-02T22:14:16Z,2011-10-03T05:06:00Z,451,540,114,1,114,54.3336353302002,-9.82388019561768
B28,hg32-23-11,2011-10-06T06:36:45Z,2011-10-06T13:45:00Z,2011-10-06T06:25:56Z,2011-10-06T14:01:32Z,649,992,115,1,115,54.3336601257324,-9.82415008544922
B28,hg32-23-11,2011-10-09T09:47:15Z,2011-10-09T13:27:00Z,2011-10-09T09:50:32Z,2011-10-09T13:10:32Z,197,988,116,1,116,54.2026278177897,-10.1265134811401
B28,hg32-23-11,2011-10-09T18:35:45Z,2011-10-10T02:26:00Z,2011-10-09T18:45:20Z,2011-10-10T02:17:24Z,575,516,117,1,117,54.2016169230143,-10.1274814605713
B28,hg32-23-11,2011-10-15T23:48:45Z,2011-10-16T05:57:00Z,2011-10-15T23:52:36Z,2011-10-16T06:05:20Z,231,500,118,1,118,54.3326797485352,-9.82793998718262
B28,hg32-23-11,2011-10-17T01:16:15Z,2011-10-17T04:26:00Z,2011-10-17T01:21:52Z,2011-10-17T04:31:08Z,337,308,119,1,119,54.3329315185547,-9.82814979553223
B28,hg32-23-11,2011-10-18T01:59:15Z,2011-10-18T05:12:00Z,2011-10-18T02:01:08Z,2011-10-18T05:49:36Z,113,2256,120,1,120,54.1532096862793,-10.1935195922852
B28,hg32-23-11,2011-10-18T05:59:30Z,2011-10-18T06:43:00Z,2011-10-18T05:59:36Z,2011-10-18T06:45:20Z,6,140,121,1,121,54.1424090067546,-10.2033100128174
B28,hg32-23-11,2011-10-18T11:04:45Z,2011-10-18T18:31:00Z,2011-10-18T10:59:48Z,2011-10-18T18:25:12Z,297,348,122,1,122,54.1423673629761,-10.2039324045181
B28,hg32-23-11,2011-10-18T20:11:15Z,2011-10-18T22:03:00Z,2011-10-18T20:16:08Z,2011-10-18T22:06:40Z,293,220,123,1,123,54.142472076416,-10.2039880752564
B28,hg32-23-11,2011-10-18T22:50:45Z,2011-10-19T04:41:00Z,2011-10-18T22:47:52Z,2011-10-19T04:42:48Z,173,108,124,1,124,54.1424694061279,-10.2044453620911
B28,hg32-23-11,2011-10-19T04:48:15Z,2011-10-19T06:40:00Z,2011-10-19T04:52:48Z,2011-10-19T06:43:56Z,273,236,125,1,125,54.1421979268392,-10.2044200897217
B28,hg32-23-11,2011-10-19T15:11:45Z,2011-10-19T21:02:00Z,2011-10-19T15:14:52Z,2011-10-19T20:59:36Z,187,144,126,1,126,54.1421254475911,-10.2034084002177
B28,hg32-23-11,2011-10-20T01:34:45Z,2011-10-20T08:55:00Z,2011-10-20T01:33:48Z,2011-10-20T09:00:00Z,57,300,127,1,127,54.1421786717006,-10.2045913423811
B28,hg32-23-11,2011-10-25T04:31:45Z,2011-10-25T13:16:00Z,2011-10-25T02:40:16Z,2011-10-25T13:03:00Z,6689,780,128,1,128,54.3328742980957,-9.82785987854004
B28,hg32-23-11,2011-10-25T19:23:45Z,2011-10-26T04:50:00Z,2011-10-25T19:24:32Z,2011-10-26T05:19:48Z,47,1788,129,1,129,54.3327646255493,-9.82804751396179
B28,hg32-23-11,2011-10-26T21:06:45Z,2011-10-27T02:57:00Z,2011-10-26T21:13:36Z,2011-10-27T02:13:36Z,411,2604,130,1,130,54.3331451416016,-9.82814455032348
B28,hg32-23-11,2011-10-27T22:28:45Z,2011-10-28T10:46:00Z,2011-10-27T22:24:28Z,2011-10-28T10:04:28Z,257,2492,131,1,131,54.3327236175537,-9.82809019088745
B28,hg32-23-11,2011-10-30T01:51:15Z,2011-10-30T05:52:00Z,2011-10-30T01:51:16Z,2011-10-30T06:03:24Z,1,684,132,1,132,54.3328857421875,-9.82826519012451
B28,hg32-23-11,2011-11-03T02:03:45Z,2011-11-03T10:30:00Z,2011-11-03T02:04:56Z,2011-11-03T10:31:36Z,71,96,133,1,133,54.3328997294108,-9.82769330342611
B28,hg32-23-11,2011-11-03T18:45:45Z,2011-11-04T07:51:00Z,2011-11-03T18:33:12Z,2011-11-04T08:37:40Z,753,2800,134,1,134,54.3337097167969,-9.8239951133728
B28,hg32-23-11,2011-11-07T03:40:15Z,2011-11-07T06:41:00Z,2011-11-07T02:30:52Z,2011-11-07T06:43:56Z,4163,176,135,1,135,54.141658782959,-10.1998300552368
B28,hg32-23-11,2011-11-07T17:32:30Z,2011-11-07T19:07:00Z,2011-11-07T17:37:08Z,2011-11-07T19:09:28Z,278,148,136,1,136,54.1419906616211,-10.1995601654053
B28,hg32-23-11,2011-11-07T19:15:45Z,2011-11-08T02:54:00Z,2011-11-07T19:19:28Z,2011-11-08T02:58:36Z,223,276,137,1,137,54.1427001953125,-10.2024250030518
B29,hg35s-SP33-12,2012-06-10T00:07:44Z,2012-06-10T01:05:40Z,2012-06-10T00:16:16Z,2012-06-10T01:02:08Z,512,212,0,1,0,48.3609199523926,-4.88169002532959
B29,hg35s-SP33-12,2012-06-10T01:54:12Z,2012-06-10T03:44:16Z,2012-06-10T01:55:44Z,2012-06-10T03:47:24Z,92,188,1,1,1,48.3698310852051,-4.87516021728516
B29,hg35s-SP33-12,2012-06-11T01:29:48Z,2012-06-11T04:29:28Z,2012-06-11T01:24:36Z,2012-06-11T04:35:08Z,312,340,2,1,2,48.3676300048828,-4.86043977737427
B29,hg35s-SP33-12,2012-06-11T13:14:52Z,2012-06-11T13:40:12Z,2012-06-11T13:19:56Z,2012-06-11T13:44:44Z,304,272,3,1,3,48.3676681518555,-4.86067008972168
B29,hg35s-SP33-12,2012-06-11T13:51:24Z,2012-06-11T16:14:48Z,2012-06-11T13:44:44Z,2012-06-11T16:28:32Z,400,824,4,1,4,48.3677711486816,-4.86041021347046
B29,hg35s-SP33-12,2012-06-12T02:25:40Z,2012-06-12T05:44:44Z,2012-06-12T02:11:56Z,2012-06-12T06:19:05Z,824,2061,5,1,5,48.4157409667969,-4.99837017059326
B29,hg35s-SP33-12,2012-06-12T15:52:56Z,2012-06-12T17:44:12Z,2012-06-12T15:52:28Z,2012-06-12T18:01:26Z,28,1034,6,1,6,48.4156913757324,-4.99858999252319
B29,hg35s-SP33-12,2012-06-13T15:49:12Z,2012-06-13T16:28:48Z,2012-06-13T15:49:04Z,2012-06-13T16:42:16Z,8,808,7,1,7,48.4174308776855,-4.99893999099731
B29,hg35s-SP33-12,2012-06-13T16:34:12Z,2012-06-13T17:51:20Z,2012-06-13T16:42:16Z,2012-06-13T17:54:40Z,484,200,8,1,8,48.4157295227051,-4.99843978881836
B29,hg35s-SP33-12,2012-06-18T19:27:40Z,2012-06-19T00:08:28Z,2012-06-18T19:24:24Z,2012-06-19T00:23:45Z,196,917,13,1,13,48.4140014648438,-5.00290012359619
B29,hg35s-SP33-12,2012-06-19T23:04:44Z,2012-06-19T23:40:56Z,2012-06-19T23:01:32Z,2012-06-19T23:41:44Z,192,48,14,1,14,48.4131698608398,-5.00389003753662
B29,hg35s-SP33-12,2012-06-19T23:58:12Z,2012-06-20T00:15:24Z,2012-06-19T23:53:44Z,2012-06-20T00:05:44Z,268,580,15,1,15,48.4173011779785,-4.99914979934692
B29,hg35s-SP33-12,2012-06-20T08:42:56Z,2012-06-20T10:20:16Z,2012-06-20T08:37:32Z,2012-06-20T10:17:24Z,324,172,16,1,16,48.4133358001709,-5.00420022010803
B29,hg35s-SP33-12,2012-06-20T10:40:28Z,2012-06-20T11:34:32Z,2012-06-20T10:42:00Z,2012-06-20T11:40:48Z,92,376,17,1,17,48.4142990112305,-4.99741983413696
B29,hg35s-SP33-12,2012-06-20T20:47:00Z,2012-06-21T01:09:00Z,2012-06-20T20:42:08Z,2012-06-21T00:54:08Z,292,892,18,1,18,48.41290918986,-5.0045599937439
B29,hg35s-SP33-12,2012-06-22T21:17:16Z,2012-06-23T02:35:08Z,2012-06-22T21:22:08Z,2012-06-23T02:38:08Z,292,180,19,1,19,48.4161205291748,-4.99871492385865
B29,hg35s-SP33-12,2012-06-23T11:10:08Z,2012-06-23T13:31:48Z,2012-06-23T11:06:12Z,2012-06-23T13:37:24Z,236,336,20,1,20,48.4131488800049,-5.00515508651733
B29,hg35s-SP33-12,2012-06-24T21:44:12Z,2012-06-24T22:55:08Z,2012-06-24T21:48:28Z,2012-06-24T22:53:28Z,256,100,21,1,21,48.4163729349772,-4.99972995122274
B29,hg35s-SP33-12,2012-06-24T23:27:12Z,2012-06-25T00:16:32Z,2012-06-24T23:19:48Z,2012-06-25T00:17:12Z,444,40,22,1,22,48.4140396118164,-5.00255012512207
B29,hg35s-SP33-12,2012-06-25T00:23:00Z,2012-06-25T03:08:32Z,2012-06-25T00:17:12Z,2012-06-25T03:12:12Z,348,220,23,1,23,48.4149932861328,-4.9994900226593
B29,hg35s-SP33-12,2012-06-26T12:10:20Z,2012-06-26T12:30:00Z,2012-06-26T12:08:32Z,2012-06-26T12:32:36Z,108,156,24,1,24,48.4160118103027,-4.99831008911133
B29,hg35s-SP33-12,2012-06-26T12:42:20Z,2012-06-26T16:42:56Z,2012-06-26T12:44:36Z,2012-06-26T16:48:48Z,136,352,25,1,25,48.4161357879639,-4.99842000007629
B29,hg35s-SP33-12,2012-06-27T02:46:08Z,2012-06-27T04:06:16Z,2012-06-27T02:41:56Z,2012-06-27T04:10:12Z,252,236,26,1,26,48.4156799316406,-4.99740982055664
B29,hg35s-SP33-12,2012-06-27T13:50:24Z,2012-06-27T17:38:40Z,2012-06-27T13:52:20Z,2012-06-27T17:39:52Z,116,72,27,1,27,48.4159049987793,-4.99866008758545
B29,hg35s-SP33-12,2012-06-28T03:09:48Z,2012-06-28T05:42:24Z,2012-06-28T03:09:00Z,2012-06-28T05:53:36Z,48,672,28,1,28,48.4140338897705,-5.00269508361816
B29,hg35s-SP33-12,2012-06-28T14:41:04Z,2012-06-28T15:00:28Z,2012-06-28T14:40:48Z,2012-06-28T15:06:16Z,16,348,29,1,29,48.416431427002,-4.99883985519409
B29,hg35s-SP33-12,2012-06-28T15:27:44Z,2012-06-28T18:22:16Z,2012-06-28T15:21:00Z,2012-06-28T17:57:00Z,404,1516,30,1,30,48.4161052703857,-4.99863505363465
B29,hg35s-SP33-12,2012-07-01T18:13:40Z,2012-07-01T18:39:56Z,2012-07-01T18:12:28Z,2012-07-01T18:38:08Z,72,108,31,1,31,48.4142951965332,-5.00231504440307
B29,hg35s-SP33-12,2012-07-01T19:06:20Z,2012-07-01T21:01:56Z,2012-07-01T19:04:48Z,2012-07-01T21:03:36Z,92,100,32,1,32,48.4144515991211,-5.00240993499756
B29,hg35s-SP33-12,2012-07-02T07:22:08Z,2012-07-02T09:49:40Z,2012-07-02T07:26:16Z,2012-07-02T09:48:36Z,248,64,33,1,33,48.4142468770345,-5.00300661722819
B29,hg35s-SP33-12,2012-07-03T07:48:00Z,2012-07-03T09:11:48Z,2012-07-03T07:50:12Z,2012-07-03T07:50:12Z,132,4896,34,1,34,48.4141616821289,-5.00275993347168
B29,hg35s-SP33-12,2012-07-03T22:01:56Z,2012-07-03T23:49:00Z,2012-07-03T21:58:24Z,2012-07-03T23:51:20Z,212,140,35,1,35,48.4149894714355,-4.99905014038086
B29,hg35s-SP33-12,2012-07-04T08:25:20Z,2012-07-04T09:26:04Z,2012-07-04T08:18:12Z,2012-07-04T09:40:32Z,428,868,36,1,36,48.4153289794922,-5.00045013427734
B29,hg35s-SP33-12,2012-07-04T09:32:32Z,2012-07-04T11:35:24Z,2012-07-04T09:40:32Z,2012-07-04T11:54:36Z,480,1152,37,1,37,48.4143905639648,-5.00225019454956
B29,hg35s-SP33-12,2012-07-04T21:38:08Z,2012-07-05T00:22:44Z,2012-07-04T21:37:56Z,2012-07-05T00:34:44Z,12,720,38,1,38,48.4142913818359,-5.00235986709595
B29,hg35s-SP33-12,2012-07-05T09:11:32Z,2012-07-05T10:41:28Z,2012-07-05T09:10:04Z,2012-07-05T10:40:40Z,88,48,39,1,39,48.4143409729003,-5.00267505645752
B29,hg35s-SP33-12,2012-07-08T11:01:48Z,2012-07-08T13:20:04Z,2012-07-08T11:02:24Z,2012-07-08T13:21:28Z,36,84,40,1,40,48.4142704010009,-5.00207495689392
B29,hg35s-SP33-12,2012-07-08T13:35:00Z,2012-07-08T14:58:40Z,2012-07-08T13:33:40Z,2012-07-08T13:45:40Z,80,4380,41,1,41,48.4146308898926,-4.99980020523071
B29,hg35s-SP33-12,2012-07-08T21:58:20Z,2012-07-08T23:21:08Z,2012-07-08T21:55:04Z,2012-07-08T23:31:52Z,196,644,42,1,42,48.4163818359375,-4.9990701675415
B29,hg35s-SP33-12,2012-07-08T23:32:24Z,2012-07-09T04:16:12Z,2012-07-08T23:31:52Z,2012-07-09T04:20:00Z,32,228,43,1,43,48.4143695831299,-5.00167489051819
B29,hg35s-SP33-12,2012-07-09T11:41:20Z,2012-07-09T13:04:28Z,2012-07-09T11:37:32Z,2012-07-09T13:05:04Z,228,36,44,1,44,48.4138793945313,-5.00308990478516
B29,hg35s-SP33-12,2012-07-09T13:28:16Z,2012-07-09T14:54:32Z,2012-07-09T13:29:08Z,2012-07-09T15:01:48Z,52,436,45,1,45,48.4144096374512,-5.00321006774902
B29,hg35s-SP33-12,2012-07-11T01:53:36Z,2012-07-11T04:52:28Z,2012-07-11T02:06:16Z,2012-07-11T04:55:44Z,760,196,46,1,46,48.414436340332,-5.00248980522156
B29,hg35s-SP33-12,2012-07-11T13:00:04Z,2012-07-11T15:11:48Z,2012-07-11T12:54:16Z,2012-07-11T15:07:28Z,348,260,47,1,47,48.4139709472657,-5.00227999687195
B29,hg35s-SP33-12,2012-07-13T03:07:08Z,2012-07-13T07:26:52Z,2012-07-13T03:05:28Z,2012-07-13T07:17:28Z,100,564,48,1,48,48.4163373311361,-4.99886322021484
B29,hg35s-SP33-12,2012-07-15T00:19:08Z,2012-07-15T00:45:28Z,2012-07-15T00:25:40Z,2012-07-15T00:25:40Z,392,1188,49,1,49,48.4204597473145,-4.98296022415161
B29,hg35s-SP33-12,2012-07-15T06:46:24Z,2012-07-15T08:43:00Z,2012-07-15T06:50:00Z,2012-07-15T08:49:04Z,216,364,50,1,50,48.4140281677246,-5.00304985046387
B29,hg35s-SP33-12,2012-07-15T16:43:40Z,2012-07-15T21:51:20Z,2012-07-15T16:43:40Z,2012-07-15T22:04:12Z,0,772,51,1,51,48.4162762959798,-4.99857997894287
B29,hg35s-SP33-12,2012-07-16T05:47:04Z,2012-07-16T06:07:48Z,2012-07-16T05:44:16Z,2012-07-16T06:09:56Z,168,128,52,1,52,48.4158782958984,-4.99883985519409
B29,hg35s-SP33-12,2012-07-16T19:04:44Z,2012-07-16T22:53:04Z,2012-07-16T18:58:44Z,2012-07-16T23:04:40Z,360,696,55,1,55,48.4157505035401,-4.99794507026673
B29,hg35s-SP33-12,2012-07-17T08:43:52Z,2012-07-17T10:18:52Z,2012-07-17T08:49:04Z,2012-07-17T10:29:03Z,312,611,58,1,58,48.4142684936523,-5.00274991989136
B29,hg35s-SP33-12,2012-07-19T21:39:00Z,2012-07-20T00:19:48Z,2012-07-19T21:38:28Z,2012-07-20T00:22:52Z,32,184,59,1,59,48.4137802124023,-4.99763011932373
B29,hg35s-SP33-12,2012-07-20T08:43:12Z,2012-07-20T09:28:16Z,2012-07-20T08:41:48Z,2012-07-20T09:27:12Z,84,64,60,1,60,48.414264678955,-5.00248003005981
B29,hg35s-SP33-12,2012-07-20T09:33:24Z,2012-07-20T09:50:16Z,2012-07-20T09:39:12Z,2012-07-20T09:51:52Z,348,96,61,1,61,48.4137992858887,-5.00156021118164
B29,hg35s-SP33-12,2012-07-20T10:07:00Z,2012-07-20T12:09:56Z,2012-07-20T10:03:56Z,2012-07-20T12:42:12Z,184,1936,62,1,62,48.4142990112305,-4.99695014953613
B29,hg35s-SP33-12,2012-07-20T21:33:20Z,2012-07-21T00:55:16Z,2012-07-20T21:27:28Z,2012-07-21T00:58:08Z,352,172,63,1,63,48.4133186340332,-5.00395011901855
B29,hg35s-SP33-12,2012-07-21T09:32:40Z,2012-07-21T11:25:28Z,2012-07-21T09:38:36Z,2012-07-21T11:27:08Z,356,100,64,1,64,48.4137916564941,-4.99774980545044
B29,hg35s-SP33-12,2012-07-21T11:31:20Z,2012-07-21T12:38:32Z,2012-07-21T11:27:08Z,2012-07-21T11:39:08Z,252,3564,65,1,65,48.4122505187988,-4.99943017959595
B29,hg35s-SP33-12,2012-07-21T20:39:00Z,2012-07-22T01:34:48Z,2012-07-21T20:42:16Z,2012-07-22T01:38:04Z,196,196,66,1,66,48.4134407043457,-5.00359010696411
B29,hg35s-SP33-12,2012-07-23T00:51:28Z,2012-07-23T02:30:00Z,2012-07-23T00:48:28Z,2012-07-23T02:31:04Z,180,64,67,1,67,48.4127197265625,-5.00520992279053
B29,hg35s-SP33-12,2012-07-23T08:30:36Z,2012-07-23T08:57:48Z,2012-07-23T08:27:36Z,2012-07-23T09:00:12Z,180,144,68,1,68,48.4124488830566,-5.00265979766846
B29,hg35s-SP33-12,2012-07-23T09:13:32Z,2012-07-23T10:30:12Z,2012-07-23T09:25:12Z,2012-07-23T10:26:04Z,700,248,69,1,69,48.4134464263916,-5.00374007225036
B29,hg35s-SP33-12,2012-07-23T10:43:20Z,2012-07-23T12:52:52Z,2012-07-23T10:50:36Z,2012-07-23T12:50:36Z,436,136,70,1,70,48.4133663177491,-5.00407004356384
B29,hg35s-SP33-12,2012-07-24T21:32:24Z,2012-07-24T21:45:20Z,2012-07-24T21:33:56Z,2012-07-24T21:33:56Z,92,684,71,1,71,48.4137496948242,-5.00266981124878
B29,hg35s-SP33-12,2012-07-24T23:01:40Z,2012-07-25T02:23:20Z,2012-07-24T23:01:00Z,2012-07-25T02:26:56Z,40,216,72,1,72,48.4140586853027,-5.0020501613617
B29,hg35s-SP33-12,2012-07-25T12:22:56Z,2012-07-25T12:57:28Z,2012-07-25T12:27:36Z,2012-07-25T13:09:12Z,280,704,73,1,73,48.4137115478516,-5.00322008132935
B29,hg35s-SP33-12,2012-07-25T13:15:16Z,2012-07-25T14:59:12Z,2012-07-25T13:21:12Z,2012-07-25T15:03:00Z,356,228,74,1,74,48.4125785827637,-5.0050802230835
B29,hg35s-SP33-12,2012-07-28T15:12:52Z,2012-07-28T19:56:20Z,2012-07-28T14:51:12Z,2012-07-28T19:51:44Z,1300,276,77,1,77,48.413293838501,-5.00347518920898
B29,hg35s-SP33-12,2012-07-29T02:40:20Z,2012-07-29T03:26:48Z,2012-07-29T02:43:28Z,2012-07-29T03:37:44Z,188,656,78,1,78,48.4139099121094,-5.00274991989136
B29,hg35s-SP33-12,2012-07-29T04:15:20Z,2012-07-29T07:38:40Z,2012-07-29T04:14:04Z,2012-07-29T08:09:16Z,76,1836,79,1,79,48.415756225586,-4.99854493141174
B29,hg35s-SP33-12,2012-07-31T06:13:52Z,2012-07-31T07:08:16Z,2012-07-31T06:13:52Z,2012-07-31T07:04:40Z,0,216,80,1,80,48.4141693115234,-5.00306010246277
B29,hg35s-SP33-12,2012-07-31T07:17:12Z,2012-07-31T09:29:24Z,2012-07-31T07:04:40Z,2012-07-31T09:28:12Z,752,72,81,1,81,48.4136486053467,-5.00385999679565
B29,hg35s-SP33-12,2012-07-31T18:19:20Z,2012-07-31T23:08:04Z,2012-07-31T18:14:04Z,2012-07-31T23:10:56Z,316,172,82,1,82,48.4132499694824,-5.00330018997192
B29,hg35s-SP33-12,2012-08-02T21:02:00Z,2012-08-03T00:50:20Z,2012-08-02T21:05:32Z,2012-08-03T01:20:52Z,212,1832,83,1,83,48.4143486022949,-5.00332021713257
B29,hg35s-SP33-12,2012-08-05T23:26:28Z,2012-08-06T01:33:04Z,2012-08-05T23:29:04Z,2012-08-06T01:29:04Z,156,240,86,1,86,48.4131450653076,-5.00372505187988
B29,hg35s-SP33-12,2012-08-06T12:40:52Z,2012-08-06T13:55:32Z,2012-08-06T12:41:08Z,2012-08-06T13:58:12Z,16,160,90,1,90,48.4128684997559,-5.00529003143311
B29,hg35s-SP33-12,2012-08-06T20:59:48Z,2012-08-06T22:11:44Z,2012-08-06T20:53:48Z,2012-08-06T22:13:36Z,360,112,91,1,91,48.4123001098633,-5.00309991836548
B29,hg35s-SP33-12,2012-08-06T22:20:56Z,2012-08-07T03:00:16Z,2012-08-06T22:25:36Z,2012-08-07T03:02:44Z,280,148,92,1,92,48.4143028259277,-5.00366338094076
B29,hg35s-SP33-12,2012-08-10T10:13:44Z,2012-08-10T11:53:36Z,2012-08-10T10:14:32Z,2012-08-10T11:57:20Z,48,224,97,1,97,48.4124908447266,-4.9996600151062
B29,hg35s-SP33-12,2012-08-10T12:34:52Z,2012-08-10T14:43:08Z,2012-08-10T12:22:32Z,2012-08-10T12:22:32Z,740,8436,98,1,98,48.4101015831023,-5.01061760176012
B29,hg35s-SP33-12,2012-08-15T07:16:48Z,2012-08-15T10:26:52Z,2012-08-15T07:14:32Z,2012-08-15T09:26:32Z,136,3620,99,1,99,48.4160289764405,-4.9974250793457
B29,hg35s-SP33-12,2012-08-15T19:36:00Z,2012-08-15T23:59:20Z,2012-08-15T19:35:44Z,2012-08-16T00:02:40Z,16,200,100,1,100,48.3676338195801,-4.86026477813721
B29,hg35s-SP33-12,2012-08-16T05:55:12Z,2012-08-16T07:53:28Z,2012-08-16T05:57:16Z,2012-08-16T07:49:24Z,124,244,101,1,101,48.367660522461,-4.86069512367249
B29,hg35s-SP33-12,2012-08-16T08:01:56Z,2012-08-16T11:02:00Z,2012-08-16T08:01:24Z,2012-08-16T11:03:56Z,32,116,102,1,102,48.3664035797119,-4.85550999641418
B29,hg35s-SP33-12,2012-08-16T19:47:48Z,2012-08-16T23:57:04Z,2012-08-16T19:47:48Z,2012-08-16T23:57:52Z,0,48,103,1,103,48.3663597106934,-4.855299949646
B29,hg35s-SP33-12,2012-08-19T09:52:16Z,2012-08-19T12:19:32Z,2012-08-19T09:53:32Z,2012-08-19T11:53:32Z,76,1560,106,1,106,48.41402053833,-4.99705982208252
B29,hg35s-SP33-12,2012-08-22T09:44:08Z,2012-08-22T10:21:56Z,2012-08-22T09:41:12Z,2012-08-22T10:25:28Z,176,212,107,1,107,48.4149589538574,-5.00026988983154
B29,hg35s-SP33-12,2012-08-22T13:49:20Z,2012-08-22T14:35:56Z,2012-08-22T13:52:20Z,2012-08-22T14:40:28Z,180,272,110,1,110,48.4139289855957,-4.99724006652832
B29,hg35s-SP33-12,2012-08-22T21:22:16Z,2012-08-23T02:44:36Z,2012-08-22T21:24:20Z,2012-08-23T02:46:40Z,124,124,111,1,111,48.4141750335694,-4.99716997146606
B29,hg35s-SP33-12,2012-08-26T18:32:36Z,2012-08-26T19:37:08Z,2012-08-26T18:25:04Z,2012-08-26T19:28:20Z,452,528,112,1,112,48.4160251617431,-4.99738502502441
B29,hg35s-SP33-12,2012-08-27T01:36:00Z,2012-08-27T02:53:32Z,2012-08-27T01:41:04Z,2012-08-27T02:55:24Z,304,112,113,1,113,48.3676300048828,-4.86122989654541
B29,hg35s-SP33-12,2012-08-27T03:14:52Z,2012-08-27T08:57:32Z,2012-08-27T03:19:48Z,2012-08-27T09:13:44Z,296,972,114,1,114,48.3625507354736,-4.85531497001648
B29,hg35s-SP33-12,2012-08-27T16:05:28Z,2012-08-27T21:34:16Z,2012-08-27T16:09:20Z,2012-08-27T21:36:44Z,232,148,115,1,115,48.3624000549316,-4.85516500473022
B29,hg35s-SP33-12,2012-08-27T22:34:36Z,2012-08-27T23:12:40Z,2012-08-27T22:31:52Z,2012-08-27T23:07:52Z,164,288,116,1,116,48.3733100891113,-4.8611798286438
B29,hg35s-SP33-12,2012-08-28T03:08:16Z,2012-08-28T09:43:12Z,2012-08-28T03:03:04Z,2012-08-28T09:15:04Z,312,1688,117,1,117,48.3671827316284,-4.86082756519317
B29,hg35s-SP33-12,2012-08-28T17:49:04Z,2012-08-28T22:56:44Z,2012-08-28T17:45:48Z,2012-08-28T23:00:36Z,196,232,118,1,118,48.3679733276367,-4.8608250617981
B29,hg35s-SP33-12,2012-08-29T06:19:12Z,2012-08-29T10:10:16Z,2012-08-29T06:24:00Z,2012-08-29T10:13:24Z,288,188,119,1,119,48.3680210113526,-4.86088991165161
B29,hg35s-SP33-12,2012-09-02T01:01:16Z,2012-09-02T01:43:24Z,2012-09-02T01:01:56Z,2012-09-02T01:54:56Z,40,692,120,1,120,48.4187812805176,-5.02162981033325
B29,hg35s-SP33-12,2012-09-02T19:45:52Z,2012-09-03T01:25:36Z,2012-09-02T19:45:52Z,2012-09-03T01:30:20Z,0,284,125,1,125,48.4139925638835,-4.99694347381592
B29,hg35s-SP33-12,2012-09-03T07:35:32Z,2012-09-03T08:31:56Z,2012-09-03T07:26:04Z,2012-09-03T08:35:36Z,568,220,126,1,126,48.4126510620117,-4.99936008453369
B29,hg35s-SP33-12,2012-09-03T08:45:16Z,2012-09-03T09:19:00Z,2012-09-03T08:47:36Z,2012-09-03T09:17:40Z,140,80,127,1,127,48.4142284393311,-4.99715995788574
B29,hg35s-SP33-12,2012-09-06T01:17:16Z,2012-09-06T02:20:04Z,2012-09-06T01:12:24Z,2012-09-06T02:22:24Z,292,140,130,1,130,48.4137916564941,-4.99627017974854
B29,hg35s-SP33-12,2012-09-06T22:35:48Z,2012-09-07T04:21:00Z,2012-09-06T22:35:40Z,2012-09-07T04:39:12Z,8,1092,131,1,131,48.4126739501953,-5.00505995750428
B29,hg35s-SP33-12,2012-09-07T12:16:28Z,2012-09-07T15:39:20Z,2012-09-07T12:17:24Z,2012-09-07T16:04:12Z,56,1492,134,1,134,48.4127197265625,-5.00496006011963
B29,hg35s-SP33-12,2012-09-09T04:41:36Z,2012-09-09T06:27:48Z,2012-09-09T04:37:44Z,2012-09-09T06:46:20Z,232,1112,135,1,135,48.4189682006836,-5.02093982696533
B29,hg35s-SP33-12,2012-09-09T12:05:48Z,2012-09-09T14:57:12Z,2012-09-09T12:03:56Z,2012-09-09T15:12:18Z,112,906,136,1,136,48.4139137268067,-4.99748992919922
B29,hg35s-SP33-12,2012-09-10T03:22:28Z,2012-09-10T06:36:52Z,2012-09-10T03:27:28Z,2012-09-10T07:07:52Z,300,1860,137,1,137,48.4159107208252,-4.99901008605957
B29,hg35s-SP33-12,2012-09-11T15:04:52Z,2012-09-11T17:02:16Z,2012-09-11T15:01:08Z,2012-09-11T17:03:16Z,224,60,138,1,138,48.4141998291016,-4.99751996994019
B29,hg35s-SP33-12,2012-09-11T17:49:16Z,2012-09-11T20:27:36Z,2012-09-11T17:53:52Z,2012-09-11T20:29:00Z,276,84,139,1,139,48.4134101867676,-5.0033597946167
B29,hg35s-SP33-12,2012-09-14T20:43:56Z,2012-09-14T23:04:52Z,2012-09-14T20:46:24Z,2012-09-14T23:07:12Z,148,140,140,1,140,48.4124240875245,-5.00248503684998
B29,hg35s-SP33-12,2012-09-16T22:57:28Z,2012-09-16T23:57:24Z,2012-09-16T22:56:40Z,2012-09-16T23:58:24Z,48,60,145,1,145,48.4123001098633,-4.99944019317627
B29,hg35s-SP33-12,2012-09-17T00:15:48Z,2012-09-17T00:27:40Z,2012-09-17T00:10:24Z,2012-09-17T00:22:24Z,324,316,146,1,146,48.4140586853027,-4.99722003936768
B29,hg35s-SP33-12,2012-09-17T00:40:52Z,2012-09-17T01:04:28Z,2012-09-17T00:46:48Z,2012-09-17T01:05:48Z,356,80,147,1,147,48.4172210693359,-4.9985499382019
B29,hg35s-SP33-12,2012-09-17T07:32:40Z,2012-09-17T08:15:24Z,2012-09-17T07:30:04Z,2012-09-17T08:19:00Z,156,216,148,1,148,48.412061049438,-5.00055963986571
B29,hg35s-SP33-12,2012-09-17T08:31:28Z,2012-09-17T10:34:36Z,2012-09-17T08:43:00Z,2012-09-17T10:42:12Z,692,456,149,1,149,48.4126396179199,-5.00433015823364
B29,hg35s-SP33-12,2012-09-17T10:38:20Z,2012-09-17T11:45:00Z,2012-09-17T10:42:12Z,2012-09-17T12:41:28Z,232,3388,150,1,150,48.412109375,-5.00653982162476
B29,hg35s-SP33-12,2012-09-20T00:56:56Z,2012-09-20T02:08:48Z,2012-09-20T00:53:16Z,2012-09-20T02:23:00Z,220,852,151,1,151,48.4129219055176,-5.00513982772827
B29,hg35s-SP33-12,2012-09-20T09:08:52Z,2012-09-20T13:10:16Z,2012-09-20T09:09:32Z,2012-09-20T13:20:24Z,40,608,152,1,152,48.4127597808838,-5.00533986091614
B29,hg35s-SP33-12,2012-09-21T22:14:12Z,2012-09-22T04:20:28Z,2012-09-21T22:15:32Z,2012-09-22T04:15:32Z,80,296,153,1,153,48.4125633239746,-4.99957656860351
B29,hg35s-SP33-12,2012-09-22T10:42:56Z,2012-09-22T16:52:04Z,2012-09-22T10:46:44Z,2012-09-22T16:46:44Z,228,320,154,1,154,48.4127031962077,-4.9997599919637
B29,hg35s-SP33-12,2012-09-25T03:05:48Z,2012-09-25T04:59:04Z,2012-09-25T03:01:44Z,2012-09-25T04:59:52Z,244,48,155,1,155,48.4155254364014,-4.9988648891449
B29,hg35s-SP33-12,2012-09-25T05:29:24Z,2012-09-25T07:04:08Z,2012-09-25T05:24:32Z,2012-09-25T07:05:36Z,292,88,156,1,156,48.4161109924316,-4.99902009963989
B29,hg35s-SP33-12,2012-09-27T15:57:12Z,2012-09-27T16:42:24Z,2012-09-27T15:58:44Z,2012-09-27T16:43:04Z,92,40,157,1,157,48.4135398864746,-5.00232982635498
B29,hg35s-SP33-12,2012-09-27T17:08:12Z,2012-09-28T00:06:16Z,2012-09-27T17:09:00Z,2012-09-28T00:26:24Z,48,1208,158,1,158,48.4125696818034,-4.99931669235229
B29,hg35s-SP33-12,2012-09-30T18:43:56Z,2012-10-01T01:39:08Z,2012-09-30T18:48:36Z,2012-10-01T01:55:24Z,280,976,161,1,161,48.4125264485677,-4.99948676427206
B29,hg35s-SP33-12,2012-10-04T00:13:08Z,2012-10-04T01:51:08Z,2012-10-04T00:16:08Z,2012-10-04T02:06:36Z,180,928,162,1,162,48.4160118103027,-4.99855995178223
B29,hg35s-SP33-12,2012-10-04T07:30:56Z,2012-10-04T12:27:52Z,2012-10-04T07:31:44Z,2012-10-04T12:25:04Z,48,168,163,1,163,48.3714027404785,-4.87985324859619
B29,hg35s-SP33-12,2012-10-04T12:54:56Z,2012-10-04T15:14:24Z,2012-10-04T13:03:48Z,2012-10-04T14:52:16Z,532,1328,164,1,164,48.368283589681,-4.86079327265422
B29,hg35s-SP33-12,2012-10-08T23:07:52Z,2012-10-08T23:19:24Z,2012-10-08T23:10:04Z,2012-10-08T23:22:04Z,132,160,167,1,167,48.3705787658691,-4.88024997711182
B29,hg35s-SP33-12,2012-10-11T19:19:48Z,2012-10-11T20:37:00Z,2012-10-11T19:15:00Z,2012-10-11T20:48:00Z,288,660,170,1,170,48.4157485961914,-4.99829006195068
B29,hg35s-SP33-12,2012-10-12T05:40:56Z,2012-10-12T09:47:04Z,2012-10-12T05:46:56Z,2012-10-12T09:55:52Z,360,528,171,1,171,48.4160537719726,-4.99793004989624
B29,hg35s-SP33-12,2012-10-13T17:16:08Z,2012-10-13T17:49:56Z,2012-10-13T17:10:28Z,2012-10-13T17:22:28Z,340,1648,172,1,172,48.4155807495117,-4.99914979934692
B29,hg35s-SP33-12,2012-10-13T18:06:20Z,2012-10-13T19:10:44Z,2012-10-13T18:38:56Z,2012-10-13T19:12:52Z,1956,128,173,1,173,48.4123687744141,-4.99948978424072
B29,hg35s-SP33-12,2012-10-13T19:27:24Z,2012-10-13T22:06:12Z,2012-10-13T19:36:52Z,2012-10-13T22:09:44Z,568,212,174,1,174,48.4149265289306,-4.99920010566711
B29,hg35s-SP33-12,2012-10-21T18:21:44Z,2012-10-21T18:33:08Z,2012-10-21T18:23:48Z,2012-10-21T18:36:44Z,124,216,175,1,175,52.1143188476563,-10.5242204666138
B29,hg35s-SP33-12,2012-10-21T19:30:40Z,2012-10-22T08:46:52Z,2012-10-21T19:30:20Z,2012-10-22T08:50:28Z,20,216,176,1,176,52.1126098632812,-10.5231898625692
B29,hg35s-SP33-12,2012-10-24T11:57:04Z,2012-10-24T13:19:04Z,2012-10-24T11:52:44Z,2012-10-24T12:04:44Z,260,4460,177,1,177,53.4202919006348,-10.204870223999
B29,hg35s-SP33-12,2012-10-24T19:59:36Z,2012-10-24T21:09:08Z,2012-10-24T20:00:48Z,2012-10-24T20:59:20Z,72,588,178,1,178,53.5475997924804,-10.2328200340271
B29,hg35s-SP33-12,2012-10-27T04:40:36Z,2012-10-28T00:05:44Z,2012-10-27T04:38:56Z,2012-10-28T00:14:12Z,100,508,181,1,181,53.5945364634196,-10.275851726532
B29,hg35s-SP33-12,2012-10-29T10:46:20Z,2012-10-29T12:09:28Z,2012-10-29T10:48:48Z,2012-10-29T10:48:48Z,148,4840,182,1,182,53.5934181213379,-10.2754802703857
B29,hg35s-SP33-12,2012-10-29T21:14:16Z,2012-10-30T17:42:16Z,2012-10-29T21:22:28Z,2012-10-30T17:43:56Z,492,100,183,1,183,53.6042779286702,-10.2690416971842
B29,hg35s-SP33-12,2012-11-04T21:28:48Z,2012-11-05T07:07:32Z,2012-11-04T21:23:24Z,2012-11-05T07:07:12Z,324,20,186,1,186,52.1066665649414,-10.513219833374
B29,hg35s-SP33-12,2012-11-08T03:30:16Z,2012-11-08T12:14:16Z,2012-11-08T03:34:12Z,2012-11-08T12:16:16Z,236,120,189,1,189,52.1112775802612,-10.5239598751068
B29,hg35s-SP33-12,2012-11-10T08:54:04Z,2012-11-10T09:11:32Z,2012-11-10T08:48:32Z,2012-11-10T09:12:40Z,332,68,190,1,190,53.322078704834,-9.96969985961914
B29,hg35s-SP33-12,2012-11-10T09:54:12Z,2012-11-10T11:22:12Z,2012-11-10T09:53:04Z,2012-11-10T11:28:32Z,68,380,191,1,191,53.3268203735352,-9.96518039703369
B29,hg35s-SP33-12,2012-11-11T06:10:12Z,2012-11-11T13:22:56Z,2012-11-11T06:11:16Z,2012-11-11T13:32:04Z,64,548,192,1,192,53.6056900024414,-10.2647700309753
B29,hg35s-SP33-12,2012-11-11T14:48:36Z,2012-11-11T15:13:32Z,2012-11-11T14:46:16Z,2012-11-11T14:58:16Z,140,916,193,1,193,53.6048698425293,-10.2664003372192
B29,hg35s-SP33-12,2012-11-11T18:12:00Z,2012-11-11T18:39:52Z,2012-11-11T18:20:36Z,2012-11-11T18:20:36Z,516,1156,194,1,194,53.6050605773926,-10.2659702301025
B29,hg35s-SP33-12,2012-11-12T02:19:12Z,2012-11-12T08:49:16Z,2012-11-12T02:24:16Z,2012-11-12T08:24:16Z,304,1500,195,1,195,53.6051902770996,-10.2659096717835
B29,hg35s-SP33-12,2012-11-12T19:15:48Z,2012-11-13T01:31:28Z,2012-11-12T19:25:00Z,2012-11-13T01:25:00Z,552,388,196,1,196,53.6050987243652,-10.2661652565003
B29,hg35s-SP33-12,2012-11-13T12:37:12Z,2012-11-13T14:26:04Z,2012-11-13T12:36:56Z,2012-11-13T14:46:28Z,16,1224,197,1,197,53.6048393249512,-10.2661800384521
B29,hg35s-SP33-12,2012-11-13T19:15:12Z,2012-11-13T22:00:48Z,2012-11-13T19:14:44Z,2012-11-13T21:48:16Z,28,752,198,1,198,53.6049346923829,-10.2655754089356
B29,hg35s-SP33-12,2012-11-13T23:04:16Z,2012-11-14T02:00:52Z,2012-11-13T23:04:16Z,2012-11-14T02:25:36Z,0,1484,199,1,199,53.6045742034912,-10.2667245864869
B29,hg35s-SP33-12,2012-11-14T18:42:44Z,2012-11-15T02:11:52Z,2012-11-14T18:39:36Z,2012-11-15T02:13:44Z,188,112,200,1,200,53.6051432291667,-10.2662235895792
B29,hg35s-SP33-12,2012-11-15T21:22:20Z,2012-11-16T03:38:36Z,2012-11-15T21:21:00Z,2012-11-16T03:33:00Z,80,336,201,1,201,53.6050758361817,-10.2660946846008
B29,hg35s-SP33-12,2012-11-16T13:31:28Z,2012-11-16T15:42:36Z,2012-11-16T13:35:04Z,2012-11-16T15:47:28Z,216,292,202,1,202,53.6048946380615,-10.2659301757813
B29,hg35s-SP33-12,2012-11-16T22:02:56Z,2012-11-17T01:49:12Z,2012-11-16T22:06:20Z,2012-11-17T01:42:04Z,204,428,203,1,203,53.6050326029459,-10.2659031550089
B29,hg35s-SP33-12,2012-11-17T03:41:40Z,2012-11-17T04:04:08Z,2012-11-17T03:47:32Z,2012-11-17T04:06:20Z,352,132,204,1,204,53.60498046875,-10.2661695480347
B29,hg35s-SP33-12,2012-11-17T14:32:44Z,2012-11-17T15:01:16Z,2012-11-17T14:30:52Z,2012-11-17T15:07:08Z,112,352,205,1,205,53.6049880981445,-10.2650995254517
B29,hg35s-SP33-12,2012-11-17T19:37:44Z,2012-11-18T05:59:16Z,2012-11-17T19:36:24Z,2012-11-18T06:02:28Z,80,192,206,1,206,53.6050624847412,-10.2662224769592
B29,hg35s-SP33-12,2012-11-18T20:08:04Z,2012-11-19T02:31:20Z,2012-11-18T20:11:52Z,2012-11-19T02:27:12Z,228,248,207,1,207,53.6051383972168,-10.2661661148071
B29,hg35s-SP33-12,2012-11-19T04:29:04Z,2012-11-19T05:53:52Z,2012-11-19T04:31:32Z,2012-11-19T06:22:08Z,148,1696,208,1,208,53.6047096252441,-10.2658700942993
B29,hg35s-SP33-12,2012-11-19T14:11:20Z,2012-11-19T20:05:52Z,2012-11-19T14:08:08Z,2012-11-19T22:17:20Z,192,7888,209,1,209,53.6048393249512,-10.2661695480347
B29,hg35s-SP33-12,2012-11-20T14:11:40Z,2012-11-20T15:41:24Z,2012-11-20T14:07:48Z,2012-11-20T15:37:16Z,232,248,210,1,210,53.6051044464111,-10.2657899856567
B29,hg35s-SP33-12,2012-11-20T16:41:44Z,2012-11-20T17:04:12Z,2012-11-20T16:46:44Z,2012-11-20T17:08:32Z,300,260,211,1,211,53.6050186157227,-10.2659902572632
B29,hg35s-SP33-12,2012-11-20T17:09:04Z,2012-11-20T20:49:32Z,2012-11-20T17:08:32Z,2012-11-20T21:03:20Z,32,828,212,1,212,53.6047706604004,-10.2661600112915
B29,hg35s-SP33-12,2012-11-21T00:25:20Z,2012-11-21T06:42:44Z,2012-11-21T00:25:04Z,2012-11-21T06:50:24Z,16,460,213,1,213,53.6049289703369,-10.266254901886
B29,hg35s-SP33-12,2012-11-21T06:48:20Z,2012-11-21T07:47:52Z,2012-11-21T06:50:24Z,2012-11-21T08:36:28Z,124,2916,214,1,214,53.6051483154297,-10.2663297653198
B29,hg35s-SP33-12,2012-11-21T15:54:48Z,2012-11-21T16:26:08Z,2012-11-21T15:49:48Z,2012-11-21T16:39:12Z,300,784,215,1,215,53.6049613952637,-10.2661695480347
B29,hg35s-SP33-12,2012-11-21T16:29:48Z,2012-11-21T16:45:44Z,2012-11-21T16:39:12Z,2012-11-21T16:52:08Z,564,384,216,1,216,53.60498046875,-10.2660999298096
B29,hg35s-SP33-12,2012-11-21T17:05:32Z,2012-11-21T22:46:16Z,2012-11-21T17:05:20Z,2012-11-21T22:27:12Z,12,1144,217,1,217,53.6049830118815,-10.2659867604574
B29,hg35s-SP33-12,2012-11-22T03:23:48Z,2012-11-22T03:39:00Z,2012-11-22T03:19:28Z,2012-11-22T03:44:40Z,260,340,218,1,218,53.6052284240723,-10.2661199569702
B29,hg35s-SP33-12,2012-11-22T03:51:56Z,2012-11-22T06:17:32Z,2012-11-22T03:56:40Z,2012-11-22T06:20:00Z,284,148,219,1,219,53.6049156188965,-10.2663698196411
B29,hg35s-SP33-12,2012-11-22T06:28:12Z,2012-11-22T07:26:08Z,2012-11-22T06:32:00Z,2012-11-22T07:44:20Z,228,1092,220,1,220,53.6048583984375,-10.2661800384521
B29,hg35s-SP33-12,2012-11-22T09:06:00Z,2012-11-22T09:55:24Z,2012-11-22T09:08:04Z,2012-11-22T10:15:20Z,124,1196,221,1,221,53.6051597595215,-10.2658004760742
B29,hg35s-SP33-12,2012-11-22T11:49:56Z,2012-11-22T17:25:00Z,2012-11-22T12:00:56Z,2012-11-22T17:20:28Z,660,272,222,1,222,53.6050853729248,-10.2659802436829
B29,hg35s-SP33-12,2012-11-22T18:10:48Z,2012-11-23T06:09:40Z,2012-11-22T18:14:44Z,2012-11-23T06:06:08Z,236,212,223,1,223,53.6050656636556,-10.2659200032552
B29,hg35s-SP33-12,2012-11-23T06:49:20Z,2012-11-23T07:48:28Z,2012-11-23T06:45:00Z,2012-11-23T08:02:36Z,260,848,224,1,224,53.6050605773926,-10.2665700912476
B29,hg35s-SP33-12,2012-11-23T09:05:52Z,2012-11-23T10:00:36Z,2012-11-23T09:08:44Z,2012-11-23T09:58:24Z,172,132,225,1,225,53.6048278808593,-10.265989780426
B29,hg35s-SP33-12,2012-11-23T10:04:20Z,2012-11-23T10:46:36Z,2012-11-23T09:58:24Z,2012-11-23T10:49:52Z,356,196,226,1,226,53.6049404144287,-10.2659149169922
B29,hg35s-SP33-12,2012-11-23T16:20:56Z,2012-11-23T16:41:24Z,2012-11-23T16:20:56Z,2012-11-23T16:46:04Z,0,280,229,1,229,53.6049003601074,-10.2662496566772
B29,hg35s-SP33-12,2012-11-23T17:20:08Z,2012-11-24T02:51:16Z,2012-11-23T17:01:52Z,2012-11-24T02:59:04Z,1096,468,230,1,230,53.6050237019857,-10.2656933466593
B29,hg35s-SP33-12,2012-11-24T06:00:00Z,2012-11-24T07:04:16Z,2012-11-24T05:55:48Z,2012-11-24T07:44:28Z,252,2412,231,1,231,53.6072692871094,-10.268030166626
B29,hg35s-SP33-12,2012-11-24T07:38:24Z,2012-11-24T08:46:16Z,2012-11-24T07:44:28Z,2012-11-24T09:06:44Z,364,1228,232,1,232,53.6048583984375,-10.2663097381592
B29,hg35s-SP33-12,2012-11-24T09:06:16Z,2012-11-24T10:03:40Z,2012-11-24T09:06:44Z,2012-11-24T10:11:12Z,28,452,233,1,233,53.6049118041992,-10.2657899856567
B29,hg35s-SP33-12,2012-11-24T11:15:56Z,2012-11-24T11:40:44Z,2012-11-24T11:20:28Z,2012-11-24T11:39:08Z,272,96,234,1,234,53.6050834655762,-10.26567029953
B29,hg35s-SP33-12,2012-11-24T12:09:04Z,2012-11-24T12:35:56Z,2012-11-24T12:07:40Z,2012-11-24T12:44:52Z,84,536,235,1,235,53.6049613952637,-10.2661504745483
B29,hg35s-SP33-12,2012-11-24T17:23:24Z,2012-11-25T03:03:44Z,2012-11-24T17:11:24Z,2012-11-25T01:35:40Z,720,5284,236,1,236,53.6051864624024,-10.2662801742554
B29,hg35s-SP33-12,2012-11-25T06:14:04Z,2012-11-25T06:40:44Z,2012-11-25T06:13:20Z,2012-11-25T06:25:20Z,44,924,237,1,237,53.6051902770996,-10.266489982605
B29,hg35s-SP33-12,2012-11-25T07:42:44Z,2012-11-25T08:06:16Z,2012-11-25T07:52:16Z,2012-11-25T07:52:16Z,572,840,238,1,238,53.6049690246582,-10.2660303115845
B29,hg35s-SP33-12,2012-11-25T18:21:04Z,2012-11-26T01:10:36Z,2012-11-25T18:28:24Z,2012-11-26T01:23:56Z,440,800,239,1,239,53.6050402323405,-10.2662734985352
B29,hg35s-SP33-12,2012-11-26T01:24:20Z,2012-11-26T02:21:52Z,2012-11-26T01:23:56Z,2012-11-26T02:20:04Z,24,108,240,1,240,53.6048755645752,-10.2656197547912
B29,hg35s-SP33-12,2012-11-26T20:31:28Z,2012-11-27T02:23:40Z,2012-11-26T20:37:08Z,2012-11-27T02:20:16Z,340,204,243,1,243,53.6050243377686,-10.2683701515198
B29,hg35s-SP33-12,2012-11-27T08:39:16Z,2012-11-27T09:24:40Z,2012-11-27T08:50:36Z,2012-11-27T09:28:52Z,680,252,244,1,244,53.6052513122559,-10.2665596008301
B29,hg35s-SP33-12,2012-11-27T10:18:16Z,2012-11-27T14:41:36Z,2012-11-27T10:23:32Z,2012-11-27T14:42:56Z,316,80,245,1,245,53.6048717498779,-10.2658452987671
B29,hg35s-SP33-12,2012-11-27T18:37:28Z,2012-11-27T19:38:04Z,2012-11-27T18:37:28Z,2012-11-27T19:44:40Z,0,396,246,1,246,53.6049137115479,-10.2660851478577
B29,hg35s-SP33-12,2012-11-27T22:43:44Z,2012-11-27T23:15:20Z,2012-11-27T22:43:44Z,2012-11-27T23:13:08Z,0,132,247,1,247,53.6048698425293,-10.2657852172851
B29,hg35s-SP33-12,2012-11-27T23:31:08Z,2012-11-28T04:47:44Z,2012-11-27T23:28:00Z,2012-11-28T04:46:36Z,188,68,248,1,248,53.605089823405,-10.2661631902059
B29,hg35s-SP33-12,2012-11-28T11:18:56Z,2012-11-28T16:28:28Z,2012-11-28T11:24:24Z,2012-11-28T16:28:52Z,328,24,249,1,249,53.6047306060791,-10.2665252685547
B29,hg35s-SP33-12,2012-11-29T00:39:36Z,2012-11-29T02:43:00Z,2012-11-29T00:39:16Z,2012-11-29T02:51:48Z,20,528,250,1,250,53.6049995422363,-10.2660799026489
B29,hg35s-SP33-12,2012-11-29T09:46:52Z,2012-11-29T09:59:52Z,2012-11-29T09:46:52Z,2012-11-29T09:46:52Z,0,780,251,1,251,53.6049697721327,-10.2657324516021
B29,hg35s-SP33-12,2012-11-29T10:30:04Z,2012-11-29T14:45:08Z,2012-11-29T10:31:16Z,2012-11-29T14:43:36Z,72,92,252,1,252,53.604811668396,-10.2664573192597
B29,hg35s-SP33-12,2012-11-29T15:14:56Z,2012-11-29T15:42:40Z,2012-11-29T15:20:08Z,2012-11-29T15:42:24Z,312,16,253,1,253,53.6050605773925,-10.266049861908
B29,hg35s-SP33-12,2012-11-29T16:03:56Z,2012-11-29T16:15:04Z,2012-11-29T15:42:24Z,2012-11-29T16:40:12Z,1292,1508,254,1,254,53.6049333658185,-10.2658764004296
B29,hg35s-SP33-12,2012-11-30T02:51:08Z,2012-11-30T05:34:00Z,2012-11-30T02:45:20Z,2012-11-30T05:48:00Z,348,840,1,1,1,53.6053600311279,-10.2659649848937
B29,hg35s-SP33-12,2012-11-30T09:00:40Z,2012-11-30T10:15:20Z,2012-11-30T08:58:36Z,2012-11-30T11:04:32Z,124,2952,2,1,2,53.6051406860352,-10.2660999298096
B29,hg35s-SP33-12,2012-11-30T10:55:56Z,2012-11-30T17:06:40Z,2012-11-30T11:04:32Z,2012-11-30T17:04:32Z,516,128,3,1,3,53.6048851013183,-10.2658848762512
B29,hg35s-SP33-12,2012-11-30T18:02:52Z,2012-11-30T18:26:08Z,2012-11-30T18:02:36Z,2012-11-30T18:31:04Z,16,296,4,1,4,53.6051712036133,-10.2659997940063
B29,hg35s-SP33-12,2012-11-30T21:13:12Z,2012-11-30T22:22:52Z,2012-11-30T21:10:32Z,2012-11-30T22:18:12Z,160,280,5,1,5,53.6049397786458,-10.2660833994548
B29,hg35s-SP33-12,2012-12-01T00:22:16Z,2012-12-01T00:49:08Z,2012-12-01T00:19:08Z,2012-12-01T00:31:08Z,188,1080,8,1,8,53.6052589416504,-10.2661600112915
B29,hg35s-SP33-12,2012-12-01T02:06:16Z,2012-12-01T02:29:20Z,2012-12-01T02:11:16Z,2012-12-01T02:35:28Z,300,368,9,1,9,53.6049385070801,-10.265830039978
B29,hg35s-SP33-12,2012-12-01T03:59:24Z,2012-12-01T05:00:28Z,2012-12-01T03:54:36Z,2012-12-01T04:49:00Z,288,688,10,1,10,53.605019569397,-10.2660899162292
B29,hg35s-SP33-12,2012-12-01T10:54:32Z,2012-12-01T19:35:28Z,2012-12-01T11:00:28Z,2012-12-01T19:31:08Z,356,260,11,1,11,53.6050275166829,-10.266123453776
B29,hg35s-SP33-12,2012-12-02T00:48:28Z,2012-12-02T03:43:52Z,2012-12-02T00:58:36Z,2012-12-02T03:47:40Z,608,228,12,1,12,53.6050891876221,-10.2663598060608
B29,hg35s-SP33-12,2012-12-02T03:58:16Z,2012-12-02T06:14:24Z,2012-12-02T03:59:40Z,2012-12-02T07:12:56Z,84,3512,13,1,13,53.6049880981445,-10.2659702301025
B29,hg35s-SP33-12,2012-12-02T09:31:20Z,2012-12-02T10:02:52Z,2012-12-02T09:31:20Z,2012-12-02T10:08:40Z,0,348,14,1,14,53.6052761077881,-10.2660450935364
B29,hg35s-SP33-12,2012-12-02T10:08:40Z,2012-12-02T18:30:00Z,2012-12-02T10:08:40Z,2012-12-02T18:32:20Z,0,140,15,1,15,53.6052258809407,-10.2658866246541
B29,hg35s-SP33-12,2012-12-03T13:16:20Z,2012-12-03T16:50:44Z,2012-12-03T13:32:36Z,2012-12-03T16:46:56Z,976,228,18,1,18,53.605016708374,-10.2660751342773
B29,hg35s-SP33-12,2012-12-03T18:42:32Z,2012-12-03T20:20:36Z,2012-12-03T18:41:24Z,2012-12-03T20:06:32Z,68,844,19,1,19,53.6050453186036,-10.2663049697876
B29,hg35s-SP33-12,2012-12-04T22:45:52Z,2012-12-05T09:02:44Z,2012-12-04T22:43:20Z,2012-12-05T08:49:32Z,152,792,25,1,25,53.6051019941058,-10.2659788131714
B29,hg35s-SP33-12,2012-12-05T09:50:40Z,2012-12-05T15:44:56Z,2012-12-05T09:50:12Z,2012-12-05T15:43:16Z,28,100,26,1,26,53.604902267456,-10.265885035197
B29,hg35s-SP33-12,2012-12-06T03:44:28Z,2012-12-06T10:02:28Z,2012-12-06T03:40:36Z,2012-12-06T09:59:44Z,232,164,32,1,32,53.6049903869629,-10.2661880493164
B29,hg35s-SP33-12,2012-12-06T12:47:12Z,2012-12-06T16:28:48Z,2012-12-06T12:59:12Z,2012-12-06T16:25:16Z,720,212,33,1,33,53.6050198872884,-10.2657864888509
B29,hg35s-SP33-12,2012-12-06T16:39:12Z,2012-12-06T23:48:56Z,2012-12-06T16:37:16Z,2012-12-06T23:53:00Z,116,244,34,1,34,53.6051864624024,-10.2662132581075
B29,hg35s-SP33-12,2012-12-07T00:04:04Z,2012-12-07T11:03:24Z,2012-12-06T23:53:00Z,2012-12-07T11:06:52Z,664,208,35,1,35,53.6048164367676,-10.2661547660827
B29,hg35s-SP33-12,2012-12-07T13:39:48Z,2012-12-07T14:02:20Z,2012-12-07T13:45:44Z,2012-12-07T14:04:16Z,356,116,36,1,36,53.6051292419434,-10.2662401199341
B29,hg35s-SP33-12,2012-12-07T14:43:32Z,2012-12-07T15:23:32Z,2012-12-07T14:45:00Z,2012-12-07T14:45:00Z,88,2312,37,1,37,53.6051292419434,-10.2659702301025
B29,hg35s-SP33-12,2012-12-07T16:57:52Z,2012-12-07T18:22:52Z,2012-12-07T17:09:16Z,2012-12-07T18:51:52Z,684,1740,38,1,38,53.6051216125488,-10.2658996582031
B29,hg35s-SP33-12,2012-12-07T20:09:04Z,2012-12-07T21:59:16Z,2012-12-07T20:08:48Z,2012-12-07T22:01:28Z,16,132,39,1,39,53.6049690246582,-10.2655200958252
B29,hg35s-SP33-12,2012-12-08T12:38:48Z,2012-12-08T12:58:00Z,2012-12-08T12:50:00Z,2012-12-08T12:50:00Z,672,480,42,1,42,53.60498046875,-10.2664499282837
B29,hg35s-SP33-12,2012-12-08T17:24:44Z,2012-12-09T00:48:56Z,2012-12-08T17:29:24Z,2012-12-09T00:47:12Z,280,104,43,1,43,53.6050548553467,-10.2661151885987
B29,hg35s-SP33-12,2012-12-09T04:03:40Z,2012-12-09T04:14:48Z,2012-12-09T04:25:28Z,2012-12-09T04:25:28Z,1308,640,44,1,44,53.6049061232265,-10.2647472249391
B29,hg35s-SP33-12,2012-12-09T07:15:16Z,2012-12-09T07:42:52Z,2012-12-09T07:13:08Z,2012-12-09T07:53:20Z,128,628,45,1,45,53.606029510498,-10.2626695632935
B29,hg35s-SP33-12,2012-12-09T14:53:12Z,2012-12-09T15:06:40Z,2012-12-09T15:05:32Z,2012-12-09T15:05:32Z,740,68,46,1,46,53.6060409545898,-10.2627401351929
B29,hg35s-SP33-12,2012-12-09T17:16:16Z,2012-12-09T23:10:44Z,2012-12-09T17:12:48Z,2012-12-09T23:23:04Z,208,740,47,1,47,53.6049995422363,-10.2661104202271
B29,hg35s-SP33-12,2012-12-10T00:56:56Z,2012-12-10T01:12:24Z,2012-12-10T01:02:24Z,2012-12-10T01:02:24Z,328,600,48,1,48,53.6062889099121,-10.2627601623535
B29,hg35s-SP33-12,2012-12-10T06:16:32Z,2012-12-10T06:40:24Z,2012-12-10T06:27:32Z,2012-12-10T06:27:32Z,660,772,49,1,49,53.6064682006836,-10.2628803253174
B29,hg35s-SP33-12,2012-12-10T06:43:48Z,2012-12-10T07:28:00Z,2012-12-10T06:55:32Z,2012-12-10T07:47:56Z,704,1196,50,1,50,53.6064605712891,-10.2628002166748
B29,hg35s-SP33-12,2012-12-10T07:55:16Z,2012-12-10T08:39:24Z,2012-12-10T07:59:56Z,2012-12-10T08:42:04Z,280,160,51,1,51,53.6061592102051,-10.2629499435425
B29,hg35s-SP33-12,2012-12-10T10:49:20Z,2012-12-10T12:29:44Z,2012-12-10T10:50:04Z,2012-12-10T12:30:28Z,44,44,52,1,52,53.6050910949707,-10.2652797698975
B29,hg35s-SP33-12,2012-12-10T23:51:44Z,2012-12-11T00:33:48Z,2012-12-10T23:47:52Z,2012-12-11T00:48:40Z,232,892,54,1,54,53.6049995422363,-10.266489982605
B29,hg35s-SP33-12,2012-12-11T07:56:48Z,2012-12-11T08:19:24Z,2012-12-11T07:57:20Z,2012-12-11T08:18:40Z,32,44,55,1,55,53.6039199829102,-10.2694501876831
B29,hg35s-SP33-12,2012-12-11T17:42:32Z,2012-12-11T18:28:52Z,2012-12-11T17:47:36Z,2012-12-11T18:27:36Z,304,76,56,1,56,53.6046536763509,-10.2735166549683
B29,hg35s-SP33-12,2012-12-11T19:55:16Z,2012-12-12T01:20:36Z,2012-12-11T19:50:00Z,2012-12-12T00:26:00Z,316,3276,57,1,57,53.6065349578857,-10.2630252838134
B29,hg35s-SP33-12,2012-12-12T02:38:00Z,2012-12-12T02:49:20Z,2012-12-12T02:47:16Z,2012-12-12T02:47:16Z,556,124,58,1,58,53.6075706481934,-10.2631597518921
B29,hg35s-SP33-12,2012-12-12T08:14:04Z,2012-12-12T09:22:36Z,2012-12-12T08:13:52Z,2012-12-12T09:22:04Z,12,32,59,1,59,53.6049537658692,-10.2655749320983
B29,hg35s-SP33-12,2012-12-12T11:12:16Z,2012-12-12T11:33:48Z,2012-12-12T11:30:56Z,2012-12-12T11:30:56Z,1120,172,60,1,60,53.6066284179688,-10.2621202468872
B29,hg35s-SP33-12,2012-12-12T12:32:28Z,2012-12-12T14:06:00Z,2012-12-12T12:32:28Z,2012-12-12T14:08:20Z,0,140,61,1,61,53.6061515808105,-10.2631797790527
B29,hg35s-SP33-12,2012-12-13T02:17:24Z,2012-12-13T05:03:16Z,2012-12-13T02:20:52Z,2012-12-13T05:04:12Z,208,56,62,1,62,53.3969249725342,-10.21133518219
B29,hg35s-SP33-12,2012-12-14T18:24:40Z,2012-12-15T04:47:04Z,2012-12-14T18:29:00Z,2012-12-15T05:19:08Z,260,1924,63,1,63,52.1084518432617,-10.5152997970581
B29,hg35s-SP33-12,2012-12-15T06:27:16Z,2012-12-15T17:45:52Z,2012-12-15T06:23:48Z,2012-12-15T17:48:48Z,208,176,64,1,64,52.1066474914551,-10.5138773918152
B29,hg35s-SP33-12,2012-12-20T06:07:12Z,2012-12-20T07:26:12Z,2012-12-20T06:08:40Z,2012-12-20T07:40:32Z,88,860,65,1,65,49.8950614929199,-6.37496995925903
B29,hg35s-SP33-12,2012-12-20T07:50:08Z,2012-12-20T10:44:16Z,2012-12-20T07:52:32Z,2012-12-20T11:25:52Z,144,2496,66,1,66,49.894760131836,-6.36879014968872
B29,hg35s-SP33-12,2012-12-24T04:14:04Z,2012-12-24T04:32:44Z,2012-12-24T04:19:52Z,2012-12-24T04:19:52Z,348,772,69,1,69,48.3719215393066,-4.88290023803711
B29,hg35s-SP33-12,2012-12-24T04:44:00Z,2012-12-24T10:18:44Z,2012-12-24T04:48:20Z,2012-12-24T10:35:36Z,260,1012,70,1,70,48.3712787628174,-4.88091516494751
B29,hg35s-SP33-12,2012-12-24T14:11:52Z,2012-12-25T01:36:36Z,2012-12-24T14:07:28Z,2012-12-25T01:57:44Z,264,1268,71,1,71,48.3708432515462,-4.88051986694336
B29,hg35s-SP33-12,2012-12-26T04:20:36Z,2012-12-26T14:03:32Z,2012-12-26T04:18:32Z,2012-12-26T14:07:28Z,124,236,72,1,72,48.370849609375,-4.88068342208862
B29,hg35s-SP33-12,2012-12-26T18:17:12Z,2012-12-27T00:59:28Z,2012-12-26T18:18:32Z,2012-12-27T01:14:04Z,80,876,73,1,73,48.3710231781006,-4.88020992279052
B29,hg35s-SP33-12,2012-12-28T20:27:32Z,2012-12-28T20:46:44Z,2012-12-28T20:27:48Z,2012-12-28T20:27:48Z,16,1136,74,1,74,48.3708190917969,-4.87975978851318
B29,hg35s-SP33-12,2012-12-28T21:12:16Z,2012-12-29T02:23:24Z,2012-12-28T21:08:00Z,2012-12-29T01:08:00Z,256,4524,75,1,75,48.371784210205,-4.88192510604859
B29,hg35s-SP33-12,2012-12-29T19:35:16Z,2012-12-29T19:59:12Z,2012-12-29T19:31:12Z,2012-12-29T19:43:12Z,244,960,78,1,78,48.3712310791016,-4.88042020797729
B29,hg35s-SP33-12,2012-12-30T10:53:12Z,2012-12-31T06:38:08Z,2012-12-30T10:50:12Z,2012-12-31T06:40:12Z,180,124,79,1,79,48.3711204528809,-4.88043394088745
B29,hg35s-SP33-12,2012-12-31T22:59:16Z,2013-01-01T12:48:48Z,2012-12-31T23:03:52Z,2013-01-01T12:51:20Z,276,152,80,1,80,48.3709208170573,-4.88054323196411
B30,hg35-21-12,2012-06-11T00:16:36Z,2012-06-11T02:04:00Z,2012-06-11T00:17:20Z,2012-06-11T01:57:20Z,44,400,0,1,0,48.5810050964355,-4.73081493377686
B30,hg35-21-12,2012-06-12T00:40:36Z,2012-06-12T03:32:08Z,2012-06-12T00:38:48Z,2012-06-12T03:27:24Z,108,284,1,1,1,48.5808321634928,-4.73051659266154
B30,hg35-21-12,2012-06-13T03:18:52Z,2012-06-13T07:07:32Z,2012-06-13T03:18:52Z,2012-06-13T06:48:52Z,0,1120,2,1,2,48.5773633321126,-4.72954003016154
B30,hg35-21-12,2012-06-14T01:46:28Z,2012-06-14T03:39:40Z,2012-06-14T01:47:20Z,2012-06-14T03:27:20Z,52,740,3,1,3,48.5809154510498,-4.72811985015869
B30,hg35-21-12,2012-06-15T06:47:56Z,2012-06-15T08:31:40Z,2012-06-15T06:47:20Z,2012-06-15T09:11:48Z,36,2408,4,1,4,48.5789489746094,-4.72962999343872
B30,hg35-21-12,2012-06-15T18:25:52Z,2012-06-15T21:53:28Z,2012-06-15T18:28:16Z,2012-06-15T21:48:16Z,144,312,5,1,5,48.5787836710612,-4.72930002212525
B30,hg35-21-12,2012-06-16T17:54:52Z,2012-06-16T23:48:00Z,2012-06-16T17:51:08Z,2012-06-16T23:01:08Z,224,2812,8,1,8,48.5786981582642,-4.7292400598526
B30,hg35-21-12,2012-06-17T06:34:08Z,2012-06-17T07:27:52Z,2012-06-17T06:35:00Z,2012-06-17T07:26:04Z,52,108,9,1,9,48.5788764953613,-4.72932672500611
B30,hg35-21-12,2012-06-17T08:35:16Z,2012-06-17T10:59:32Z,2012-06-17T08:38:48Z,2012-06-17T10:18:48Z,212,2444,10,1,10,48.5789852142334,-4.72959494590759
B30,hg35-21-12,2012-06-17T18:39:28Z,2012-06-18T00:30:04Z,2012-06-17T18:36:44Z,2012-06-18T00:44:12Z,164,848,11,1,11,48.5809812545777,-4.73075008392334
B30,hg35-21-12,2012-06-18T08:38:56Z,2012-06-18T11:36:08Z,2012-06-18T08:40:12Z,2012-06-18T10:20:12Z,76,4556,12,1,12,48.5833148956299,-4.7286901473999
B30,hg35-21-12,2012-06-18T19:47:36Z,2012-06-18T20:06:44Z,2012-06-18T19:47:56Z,2012-06-18T19:57:56Z,20,528,13,1,13,48.5821704864502,-4.73009014129638
B30,hg35-21-12,2012-06-18T20:13:08Z,2012-06-19T00:21:36Z,2012-06-18T20:18:04Z,2012-06-19T00:24:24Z,296,168,14,1,14,48.5832430521647,-4.72918653488159
B30,hg35-21-12,2012-06-19T06:53:48Z,2012-06-19T08:29:16Z,2012-06-19T06:50:20Z,2012-06-19T08:26:48Z,208,148,15,1,15,48.5822544097901,-4.72743487358093
B30,hg35-21-12,2012-06-19T08:45:28Z,2012-06-19T09:31:32Z,2012-06-19T08:47:12Z,2012-06-19T08:47:12Z,104,2660,16,1,16,48.5818214416504,-4.73208999633789
B30,hg35-21-12,2012-06-19T20:51:24Z,2012-06-20T00:57:04Z,2012-06-19T20:54:40Z,2012-06-20T01:12:44Z,196,940,17,1,17,48.5832608540853,-4.72853994369507
B30,hg35-21-12,2012-06-20T10:56:20Z,2012-06-20T12:12:52Z,2012-06-20T10:57:36Z,2012-06-20T10:57:36Z,76,4516,18,1,18,48.5785789489746,-4.72808980941772
B30,hg35-21-12,2012-06-20T18:50:12Z,2012-06-20T20:06:28Z,2012-06-20T18:56:00Z,2012-06-20T20:07:04Z,348,36,19,1,19,48.5831298828125,-4.72856998443604
B30,hg35-21-12,2012-06-20T20:13:04Z,2012-06-20T22:58:04Z,2012-06-20T20:17:04Z,2012-06-20T22:59:40Z,240,96,20,1,20,48.581995010376,-4.73033499717712
B30,hg35-21-12,2012-06-23T11:23:44Z,2012-06-23T13:00:48Z,2012-06-23T11:28:00Z,2012-06-23T13:02:00Z,256,72,23,1,23,48.58251953125,-4.72842677434286
B30,hg35-21-12,2012-06-23T22:15:20Z,2012-06-23T23:35:44Z,2012-06-23T22:15:20Z,2012-06-23T23:43:16Z,0,452,24,1,24,48.5856895446777,-4.73253011703491
B30,hg35-21-12,2012-06-23T23:58:24Z,2012-06-24T02:57:32Z,2012-06-23T23:54:00Z,2012-06-24T03:25:20Z,264,1668,25,1,25,48.5819759368896,-4.73102498054504
B30,hg35-21-12,2012-06-24T12:30:12Z,2012-06-24T14:45:08Z,2012-06-24T12:34:12Z,2012-06-24T14:14:12Z,240,1856,26,1,26,48.5787658691407,-4.72805500030518
B30,hg35-21-12,2012-06-25T00:15:24Z,2012-06-25T04:23:24Z,2012-06-25T00:13:44Z,2012-06-25T03:43:44Z,100,2380,27,1,27,48.5811500549316,-4.73083670934042
B30,hg35-21-12,2012-06-26T11:49:52Z,2012-06-26T15:08:08Z,2012-06-26T11:54:16Z,2012-06-26T15:09:04Z,264,56,28,1,28,48.5832233428955,-4.72855997085571
B30,hg35-21-12,2012-06-27T14:58:00Z,2012-06-27T17:46:44Z,2012-06-27T14:59:00Z,2012-06-27T17:48:48Z,60,124,29,1,29,48.5819282531738,-4.72638988494873
B30,hg35-21-12,2012-06-27T22:37:04Z,2012-06-28T07:19:36Z,2012-06-27T22:33:04Z,2012-06-28T07:22:23Z,240,167,30,1,30,48.5811443328857,-4.7306117216746
B30,hg35-21-12,2012-06-28T16:09:36Z,2012-06-28T18:20:24Z,2012-06-28T16:12:56Z,2012-06-28T17:52:56Z,200,1648,31,1,31,48.5789985656739,-4.72974514961242
B30,hg35-21-12,2012-06-29T03:50:00Z,2012-06-29T06:44:00Z,2012-06-29T03:54:24Z,2012-06-29T06:37:16Z,264,404,32,1,32,48.5786526997884,-4.72933991750081
B30,hg35-21-12,2012-06-30T06:40:36Z,2012-06-30T08:28:52Z,2012-06-30T06:48:36Z,2012-06-30T08:17:04Z,480,708,33,1,33,48.5817699432373,-4.727294921875
B30,hg35-21-12,2012-06-30T17:03:08Z,2012-06-30T21:47:32Z,2012-06-30T17:02:00Z,2012-06-30T21:52:00Z,68,268,34,1,34,48.5804557800293,-4.73050498962403
B30,hg35-21-12,2012-07-02T19:52:48Z,2012-07-03T00:18:04Z,2012-07-02T19:56:08Z,2012-07-03T00:36:24Z,200,1100,37,1,37,48.5823491414388,-4.7282133102417
B30,hg35-21-12,2012-07-04T08:36:32Z,2012-07-04T11:04:08Z,2012-07-04T08:35:40Z,2012-07-04T11:02:16Z,52,112,40,1,40,48.5820980072021,-4.73207759857178
B30,hg35-21-12,2012-07-05T10:51:52Z,2012-07-05T12:44:28Z,2012-07-05T10:47:16Z,2012-07-05T12:47:20Z,276,172,43,1,43,48.5813465118408,-4.73126983642578
B30,hg35-21-12,2012-07-06T13:15:28Z,2012-07-06T14:59:24Z,2012-07-06T13:19:00Z,2012-07-06T16:06:32Z,212,4028,44,1,44,48.581958770752,-4.7302098274231
B30,hg35-21-12,2012-07-06T20:42:12Z,2012-07-06T22:21:56Z,2012-07-06T20:42:00Z,2012-07-06T22:21:04Z,12,52,45,1,45,48.5832443237305,-4.72849988937378
B30,hg35-21-12,2012-07-06T22:29:04Z,2012-07-07T02:16:44Z,2012-07-06T22:31:04Z,2012-07-07T02:22:36Z,120,352,46,1,46,48.5812454223633,-4.73098015785217
B30,hg35-21-12,2012-07-08T02:09:40Z,2012-07-08T03:37:28Z,2012-07-08T02:14:12Z,2012-07-08T04:06:20Z,272,1732,47,1,47,48.5817909240723,-4.73013019561768
B30,hg35-21-12,2012-07-08T12:31:40Z,2012-07-08T14:52:44Z,2012-07-08T12:33:24Z,2012-07-08T15:14:12Z,104,1288,50,1,50,48.5812492370605,-4.73113989830017
B30,hg35-21-12,2012-07-09T04:27:16Z,2012-07-09T05:29:00Z,2012-07-09T04:31:36Z,2012-07-09T06:00:08Z,260,1868,53,1,53,48.5810394287109,-4.73058986663818
B30,hg35-21-12,2012-07-09T11:02:24Z,2012-07-09T12:32:04Z,2012-07-09T11:06:52Z,2012-07-09T12:33:48Z,268,104,54,1,54,48.5795783996582,-4.73122978210449
B30,hg35-21-12,2012-07-09T12:37:00Z,2012-07-09T16:09:56Z,2012-07-09T12:33:48Z,2012-07-09T16:03:48Z,192,368,55,1,55,48.5813369750977,-4.73097006479899
B30,hg35-21-12,2012-07-10T12:01:04Z,2012-07-10T13:48:56Z,2012-07-10T12:03:04Z,2012-07-10T13:53:24Z,120,268,58,1,58,48.5787296295166,-4.73009991645813
B30,hg35-21-12,2012-07-10T14:57:00Z,2012-07-10T16:54:56Z,2012-07-10T14:59:12Z,2012-07-10T16:39:12Z,132,944,59,1,59,48.581979751587,-4.72662496566772
B30,hg35-21-12,2012-07-11T03:23:00Z,2012-07-11T05:57:20Z,2012-07-11T03:19:24Z,2012-07-11T06:08:36Z,216,676,60,1,60,48.5774936676026,-4.72943997383118
B30,hg35-21-12,2012-07-12T03:52:32Z,2012-07-12T06:34:28Z,2012-07-12T04:00:36Z,2012-07-12T06:51:36Z,484,1028,61,1,61,48.5787696838379,-4.72924995422363
B30,hg35-21-12,2012-07-13T03:53:00Z,2012-07-13T07:39:24Z,2012-07-13T03:55:16Z,2012-07-13T07:37:40Z,136,104,62,1,62,48.5809020996094,-4.73061740398407
B30,hg35-21-12,2012-07-14T04:03:16Z,2012-07-14T06:16:08Z,2012-07-14T04:12:24Z,2012-07-14T06:14:00Z,548,128,65,1,65,48.5803133646647,-4.7309398651123
B30,hg35-21-12,2012-07-14T06:40:48Z,2012-07-14T08:07:48Z,2012-07-14T06:45:04Z,2012-07-14T09:01:44Z,256,3236,66,1,66,48.5804405212402,-4.73047018051147
B30,hg35-21-12,2012-07-14T16:21:32Z,2012-07-14T21:47:56Z,2012-07-14T16:25:36Z,2012-07-14T21:46:04Z,244,112,67,1,67,48.580530166626,-4.73061239719391
B30,hg35-21-12,2012-07-15T06:24:36Z,2012-07-15T09:29:52Z,2012-07-15T06:22:36Z,2012-07-15T09:51:04Z,120,1272,68,1,68,48.5854206085206,-4.73178005218506
B30,hg35-21-12,2012-07-15T18:07:56Z,2012-07-15T21:31:56Z,2012-07-15T18:07:56Z,2012-07-15T21:45:08Z,0,792,69,1,69,48.5790500640869,-4.72952008247375
B30,hg35-21-12,2012-07-16T06:55:00Z,2012-07-16T10:54:04Z,2012-07-16T06:56:04Z,2012-07-16T10:58:12Z,64,248,70,1,70,48.5858573913574,-4.73163016637167
B30,hg35-21-12,2012-07-17T09:00:20Z,2012-07-17T12:07:36Z,2012-07-17T08:57:24Z,2012-07-17T12:06:32Z,176,64,71,1,71,48.5855433146159,-4.73207012812297
B30,hg35-21-12,2012-07-17T21:00:28Z,2012-07-18T01:07:20Z,2012-07-17T20:58:44Z,2012-07-18T01:08:36Z,104,76,72,1,72,48.5856501261393,-4.73193327585856
B30,hg35-21-12,2012-07-18T09:17:12Z,2012-07-18T12:35:36Z,2012-07-18T09:12:44Z,2012-07-18T12:34:08Z,268,88,73,1,73,48.5856399536133,-4.73157008488973
B30,hg35-21-12,2012-07-18T19:47:48Z,2012-07-18T20:47:56Z,2012-07-18T19:51:40Z,2012-07-18T20:49:04Z,232,68,74,1,74,48.5804405212402,-4.7304801940918
B30,hg35-21-12,2012-07-18T20:54:28Z,2012-07-19T01:44:32Z,2012-07-18T20:59:04Z,2012-07-19T02:04:24Z,276,1192,75,1,75,48.5856132507324,-4.73175001144409
B30,hg35-21-12,2012-07-19T09:59:40Z,2012-07-19T11:50:36Z,2012-07-19T09:55:48Z,2012-07-19T11:45:48Z,232,288,76,1,76,48.5856761932373,-4.731684923172
B30,hg35-21-12,2012-07-20T11:11:24Z,2012-07-20T12:55:12Z,2012-07-20T11:08:24Z,2012-07-20T14:14:52Z,180,4780,77,1,77,48.5828704833984,-4.72820997238159
B30,hg35-21-12,2012-07-21T00:24:04Z,2012-07-21T03:09:56Z,2012-07-21T00:28:28Z,2012-07-21T03:11:04Z,264,68,78,1,78,48.5856246948242,-4.73154997825622
B30,hg35-21-12,2012-07-21T10:41:28Z,2012-07-21T13:26:48Z,2012-07-21T10:45:48Z,2012-07-21T14:09:04Z,260,2536,79,1,79,48.5833702087402,-4.73315501213074
B30,hg35-21-12,2012-07-25T02:18:28Z,2012-07-25T04:03:08Z,2012-07-25T02:14:44Z,2012-07-25T04:36:24Z,224,1996,82,1,82,48.5787200927734,-4.7280101776123
B30,hg35-21-12,2012-07-25T13:35:00Z,2012-07-25T16:04:28Z,2012-07-25T13:38:28Z,2012-07-25T15:18:28Z,208,2760,83,1,83,48.5819854736328,-4.72712016105652
B30,hg35-21-12,2012-07-26T12:40:36Z,2012-07-26T13:11:12Z,2012-07-26T12:49:36Z,2012-07-26T12:49:36Z,540,1296,84,1,84,48.5815505981445,-4.72891998291016
B30,hg35-21-12,2012-07-26T13:55:16Z,2012-07-26T14:15:36Z,2012-07-26T13:57:24Z,2012-07-26T14:18:16Z,128,160,85,1,85,48.5819396972656,-4.73202991485596
B30,hg35-21-12,2012-07-28T04:38:56Z,2012-07-28T06:50:40Z,2012-07-28T04:34:56Z,2012-07-28T04:44:56Z,240,7544,86,1,86,48.5786399841309,-4.73171997070313
B30,hg35-21-12,2012-07-28T16:31:52Z,2012-07-28T19:21:28Z,2012-07-28T16:32:40Z,2012-07-28T19:34:44Z,48,796,87,1,87,48.5785903930664,-4.73162484169006
B30,hg35-21-12,2012-07-29T16:49:32Z,2012-07-29T21:52:56Z,2012-07-29T16:56:28Z,2012-07-29T21:51:52Z,416,64,90,1,90,48.5854072570801,-4.73189997673035
B30,hg35-21-12,2012-07-30T18:28:32Z,2012-07-30T21:30:28Z,2012-07-30T18:31:12Z,2012-07-30T21:08:32Z,160,1316,91,1,91,48.5831079483032,-4.73389506340027
B30,hg35-21-12,2012-08-01T10:18:04Z,2012-08-01T10:52:24Z,2012-08-01T10:22:16Z,2012-08-01T10:54:28Z,252,124,94,1,94,48.5815315246582,-4.73134994506836
B30,hg35-21-12,2012-08-01T11:07:04Z,2012-08-01T11:48:20Z,2012-08-01T11:14:28Z,2012-08-01T12:06:00Z,444,1060,95,1,95,48.5819816589355,-4.7264199256897
B30,hg35-21-12,2012-08-02T09:12:20Z,2012-08-02T10:11:16Z,2012-08-02T09:14:20Z,2012-08-02T10:08:04Z,120,192,98,1,98,48.5787963867188,-4.72912001609802
B30,hg35-21-12,2012-08-02T10:57:32Z,2012-08-02T12:01:32Z,2012-08-02T11:06:12Z,2012-08-02T12:53:48Z,520,3136,99,1,99,48.5824317932129,-4.72814989089966
B30,hg35-21-12,2012-08-03T11:26:24Z,2012-08-03T12:21:08Z,2012-08-03T11:36:16Z,2012-08-03T12:50:04Z,592,1736,100,1,100,48.3224296569824,-4.87698984146118
B30,hg35-21-12,2012-08-03T21:33:32Z,2012-08-04T01:24:28Z,2012-08-03T21:42:08Z,2012-08-04T01:22:24Z,516,124,101,1,101,48.3190498352051,-4.87746334075928
B30,hg35-21-12,2012-08-04T09:55:28Z,2012-08-04T14:25:20Z,2012-08-04T09:51:28Z,2012-08-04T14:24:24Z,240,56,102,1,102,48.3191604614258,-4.87989008426666
B30,hg35-21-12,2012-08-04T20:56:32Z,2012-08-05T02:46:32Z,2012-08-04T20:57:40Z,2012-08-05T03:09:24Z,68,1372,103,1,103,48.3191528320313,-4.879807472229
B30,hg35-21-12,2012-08-05T10:48:36Z,2012-08-05T13:23:48Z,2012-08-05T10:52:20Z,2012-08-05T13:27:08Z,224,200,104,1,104,48.3192157745361,-4.87991499900818
B30,hg35-21-12,2012-08-05T20:30:56Z,2012-08-05T21:52:52Z,2012-08-05T20:33:36Z,2012-08-05T21:55:44Z,160,172,105,1,105,48.3189506530762,-4.87940979003906
B30,hg35-21-12,2012-08-07T00:18:20Z,2012-08-07T03:11:28Z,2012-08-07T00:19:36Z,2012-08-07T03:11:04Z,76,24,106,1,106,48.5856297810872,-4.73161665598552
B30,hg35-21-12,2012-08-07T03:28:12Z,2012-08-07T04:50:00Z,2012-08-07T03:27:12Z,2012-08-07T04:51:52Z,60,112,107,1,107,48.5810813903809,-4.73080015182495
B30,hg35-21-12,2012-08-07T09:37:16Z,2012-08-07T10:45:36Z,2012-08-07T09:40:36Z,2012-08-07T11:15:56Z,200,1820,108,1,108,48.5796318054199,-4.73129987716675
B30,hg35-21-12,2012-08-07T11:13:56Z,2012-08-07T16:21:48Z,2012-08-07T11:15:56Z,2012-08-07T16:27:28Z,120,340,109,1,109,48.5854199727376,-4.73169660568237
B30,hg35-21-12,2012-08-08T13:52:16Z,2012-08-08T14:47:56Z,2012-08-08T13:41:24Z,2012-08-08T15:32:08Z,652,2652,110,1,110,48.5810603762449,-4.74944713300985
B30,hg35-21-12,2012-08-08T21:44:32Z,2012-08-09T05:59:00Z,2012-08-08T21:48:40Z,2012-08-09T06:02:44Z,248,224,111,1,111,48.5832204818726,-4.72859501838684
B30,hg35-21-12,2012-08-10T00:06:44Z,2012-08-10T05:56:16Z,2012-08-10T00:16:00Z,2012-08-10T05:59:48Z,556,212,112,1,112,48.5832347869873,-4.72833001613617
B30,hg35-21-12,2012-08-11T02:06:20Z,2012-08-11T05:22:36Z,2012-08-11T02:09:52Z,2012-08-11T05:25:08Z,212,152,113,1,113,48.5832748413086,-4.72795987129212
B30,hg35-21-12,2012-08-11T12:08:20Z,2012-08-11T15:06:12Z,2012-08-11T12:10:36Z,2012-08-11T15:08:00Z,136,108,114,1,114,48.5856742858887,-4.73255491256714
B30,hg35-21-12,2012-08-12T05:57:20Z,2012-08-12T07:38:40Z,2012-08-12T05:56:00Z,2012-08-12T07:56:04Z,80,1044,115,1,115,48.58544921875,-4.73261022567749
B30,hg35-21-12,2012-08-13T04:36:56Z,2012-08-13T10:06:56Z,2012-08-13T04:44:16Z,2012-08-13T09:44:16Z,440,1360,116,1,116,48.5811595916748,-4.72784495353699
B30,hg35-21-12,2012-08-14T05:27:12Z,2012-08-14T06:43:04Z,2012-08-14T05:27:52Z,2012-08-14T06:45:16Z,40,132,117,1,117,48.5810203552246,-4.7307300567627
B30,hg35-21-12,2012-08-14T06:58:36Z,2012-08-14T09:36:48Z,2012-08-14T06:55:44Z,2012-08-14T09:56:36Z,172,1188,118,1,118,48.5818901062011,-4.7265100479126
B30,hg35-21-12,2012-08-15T04:52:52Z,2012-08-15T06:03:12Z,2012-08-15T04:52:12Z,2012-08-15T06:04:32Z,40,80,119,1,119,48.5774307250977,-4.72976016998291
B30,hg35-21-12,2012-08-15T06:14:08Z,2012-08-15T07:35:20Z,2012-08-15T06:14:32Z,2012-08-15T07:47:32Z,24,732,120,1,120,48.5786094665527,-4.7295048236847
B30,hg35-21-12,2012-08-15T07:42:28Z,2012-08-15T09:14:56Z,2012-08-15T07:47:32Z,2012-08-15T09:28:16Z,304,800,121,1,121,48.5782699584961,-4.72969007492065
B30,hg35-21-12,2012-08-16T07:32:36Z,2012-08-16T08:57:04Z,2012-08-16T07:32:36Z,2012-08-16T08:53:36Z,0,208,122,1,122,48.5786762237549,-4.73020005226136
B30,hg35-21-12,2012-08-17T07:25:52Z,2012-08-17T08:52:28Z,2012-08-17T07:24:08Z,2012-08-17T09:01:36Z,104,548,123,1,123,48.5782737731934,-4.72948010762533
B30,hg35-21-12,2012-08-17T09:16:48Z,2012-08-17T11:20:44Z,2012-08-17T09:21:36Z,2012-08-17T11:17:04Z,288,220,124,1,124,48.5812072753906,-4.73124329249064
B30,hg35-21-12,2012-08-18T08:21:16Z,2012-08-18T09:12:28Z,2012-08-18T08:17:28Z,2012-08-18T09:12:44Z,228,16,125,1,125,48.5789108276367,-4.72808980941772
B30,hg35-21-12,2012-08-18T09:28:24Z,2012-08-18T12:50:08Z,2012-08-18T09:32:52Z,2012-08-18T13:02:20Z,268,732,126,1,126,48.5812644958496,-4.73126006126404
B30,hg35-21-12,2012-08-19T09:58:16Z,2012-08-19T11:49:16Z,2012-08-19T09:56:00Z,2012-08-19T11:46:00Z,136,196,127,1,127,48.5815410614014,-4.72888994216919
B30,hg35-21-12,2012-08-19T12:02:12Z,2012-08-19T12:24:36Z,2012-08-19T12:06:48Z,2012-08-19T12:06:48Z,276,1068,128,1,128,48.582878112793,-4.72794008255005
B30,hg35-21-12,2012-08-21T13:21:56Z,2012-08-21T15:04:44Z,2012-08-21T13:21:28Z,2012-08-21T15:18:40Z,28,836,133,1,133,48.3196296691895,-4.87847495079041
B30,hg35-21-12,2012-08-22T10:55:32Z,2012-08-22T12:18:56Z,2012-08-22T11:00:04Z,2012-08-22T12:21:04Z,272,128,136,1,136,48.3186187744141,-4.87716007232666
B30,hg35-21-12,2012-08-22T12:44:52Z,2012-08-22T15:06:36Z,2012-08-22T12:42:32Z,2012-08-22T17:05:48Z,140,7152,137,1,137,48.318660736084,-4.87734985351563
B30,hg35-21-12,2012-08-22T20:44:20Z,2012-08-23T04:41:48Z,2012-08-22T20:46:28Z,2012-08-23T04:45:44Z,128,236,138,1,138,48.3193344116211,-4.8795259475708
B30,hg35-21-12,2012-08-23T12:31:48Z,2012-08-23T12:56:48Z,2012-08-23T12:30:08Z,2012-08-23T13:00:56Z,100,248,139,1,139,48.3189506530762,-4.87735986709595
B30,hg35-21-12,2012-08-24T04:48:52Z,2012-08-24T05:39:52Z,2012-08-24T04:52:28Z,2012-08-24T06:22:08Z,216,2536,140,1,140,48.5811080932617,-4.73084020614624
B30,hg35-21-12,2012-08-25T13:40:32Z,2012-08-25T19:01:48Z,2012-08-25T13:43:08Z,2012-08-25T18:43:08Z,156,1120,143,1,143,48.5802631378174,-4.73072254657745
B30,hg35-21-12,2012-08-26T14:55:40Z,2012-08-26T20:43:24Z,2012-08-26T15:05:24Z,2012-08-26T20:46:28Z,584,184,144,1,144,48.5787649154663,-4.73001253604889
B30,hg35-21-12,2012-08-27T05:30:28Z,2012-08-27T09:02:32Z,2012-08-27T05:35:52Z,2012-08-27T08:55:52Z,324,400,145,1,145,48.5812015533447,-4.73052000999451
B30,hg35-21-12,2012-08-28T05:30:00Z,2012-08-28T06:34:48Z,2012-08-28T05:30:48Z,2012-08-28T06:31:08Z,48,220,146,1,146,48.5813255310058,-4.72799515724182
B30,hg35-21-12,2012-08-28T06:55:20Z,2012-08-28T08:47:20Z,2012-08-28T06:51:24Z,2012-08-28T08:41:24Z,236,356,147,1,147,48.5811443328857,-4.73093485832214
B30,hg35-21-12,2012-08-28T17:14:20Z,2012-08-28T19:41:52Z,2012-08-28T17:14:20Z,2012-08-28T19:38:20Z,0,212,148,1,148,48.5801493326823,-4.73182328542073
B30,hg35-21-12,2012-08-29T07:33:40Z,2012-08-29T07:58:20Z,2012-08-29T07:38:00Z,2012-08-29T08:18:16Z,260,1196,149,1,149,48.5790214538574,-4.7298002243042
B30,hg35-21-12,2012-08-29T19:03:00Z,2012-08-29T20:13:52Z,2012-08-29T19:00:28Z,2012-08-29T20:15:08Z,152,76,150,1,150,48.5789184570313,-4.72942018508911
B30,hg35-21-12,2012-08-29T23:15:12Z,2012-08-29T23:55:00Z,2012-08-29T23:15:12Z,2012-08-30T00:05:12Z,0,612,151,1,151,48.5810585021973,-4.72783994674683
B30,hg35-21-12,2012-08-30T06:32:36Z,2012-08-30T09:09:52Z,2012-08-30T06:30:12Z,2012-08-30T09:17:20Z,144,448,152,1,152,48.5800800323486,-4.7308099269867
B30,hg35-21-12,2012-08-30T09:15:44Z,2012-08-30T10:29:36Z,2012-08-30T09:17:20Z,2012-08-30T10:32:52Z,96,196,153,1,153,48.5809783935547,-4.72769021987915
B30,hg35-21-12,2012-08-31T21:49:16Z,2012-09-01T01:11:48Z,2012-08-31T21:52:04Z,2012-09-01T01:09:52Z,168,116,156,1,156,48.5852451324462,-4.73212504386902
B30,hg35-21-12,2012-09-01T08:28:28Z,2012-09-01T12:55:48Z,2012-09-01T08:31:44Z,2012-09-01T11:51:44Z,196,3844,157,1,157,48.5851033528646,-4.73228009541829
B30,hg35-21-12,2012-09-01T22:55:12Z,2012-09-02T01:11:24Z,2012-09-01T22:51:08Z,2012-09-02T01:07:44Z,244,220,158,1,158,48.5851300557454,-4.73210000991821
B30,hg35-21-12,2012-09-02T01:49:32Z,2012-09-02T02:33:16Z,2012-09-02T01:49:20Z,2012-09-02T02:33:32Z,12,16,159,1,159,48.5808296203613,-4.73069000244141
B30,hg35-21-12,2012-09-02T09:09:36Z,2012-09-02T12:55:20Z,2012-09-02T09:09:16Z,2012-09-02T12:51:16Z,20,244,160,1,160,48.5853300094604,-4.73182249069214
B30,hg35-21-12,2012-09-04T02:30:20Z,2012-09-04T03:41:28Z,2012-09-04T02:27:44Z,2012-09-04T03:42:08Z,156,40,161,1,161,48.585750579834,-4.73168992996216
B30,hg35-21-12,2012-09-04T08:29:12Z,2012-09-04T10:22:20Z,2012-09-04T08:29:40Z,2012-09-04T10:26:20Z,28,240,162,1,162,48.5792299906413,-4.73139667510986
B30,hg35-21-12,2012-09-04T10:26:20Z,2012-09-04T14:12:56Z,2012-09-04T10:26:20Z,2012-09-04T13:56:20Z,0,996,163,1,163,48.5812835693359,-4.73123009999593
B30,hg35-21-12,2012-09-06T09:49:56Z,2012-09-06T10:54:04Z,2012-09-06T09:51:04Z,2012-09-06T10:56:24Z,68,140,166,1,166,48.580020904541,-4.73165988922119
B30,hg35-21-12,2012-09-06T11:40:00Z,2012-09-06T11:52:36Z,2012-09-06T11:40:12Z,2012-09-06T11:55:16Z,12,160,167,1,167,48.5819396972656,-4.73201990127563
B30,hg35-21-12,2012-09-06T12:02:20Z,2012-09-06T12:58:04Z,2012-09-06T12:05:16Z,2012-09-06T12:59:44Z,176,100,168,1,168,48.5812911987305,-4.73075008392334
B30,hg35-21-12,2012-09-06T13:04:20Z,2012-09-06T16:22:48Z,2012-09-06T12:59:44Z,2012-09-06T16:24:48Z,276,120,169,1,169,48.5813446044922,-4.73098993301392
B30,hg35-21-12,2012-09-07T02:09:52Z,2012-09-07T05:28:20Z,2012-09-07T02:10:40Z,2012-09-07T05:40:20Z,48,720,170,1,170,48.5810890197754,-4.73115491867066
B30,hg35-21-12,2012-09-07T11:39:28Z,2012-09-07T16:37:28Z,2012-09-07T11:40:44Z,2012-09-07T16:43:56Z,76,388,171,1,171,48.5824445088704,-4.72854328155517
B30,hg35-21-12,2012-09-09T05:12:36Z,2012-09-09T06:10:12Z,2012-09-09T05:18:32Z,2012-09-09T06:12:12Z,356,120,172,1,172,48.5859184265137,-4.73156023025513
B30,hg35-21-12,2012-09-09T12:51:56Z,2012-09-09T19:05:52Z,2012-09-09T12:47:24Z,2012-09-09T19:04:48Z,272,64,173,1,173,48.5854141235351,-4.73203401565552
B30,hg35-21-12,2012-09-10T05:20:44Z,2012-09-10T06:12:36Z,2012-09-10T05:26:08Z,2012-09-10T06:11:56Z,324,40,174,1,174,48.5789146423339,-4.72911500930786
B30,hg35-21-12,2012-09-11T06:24:20Z,2012-09-11T08:40:28Z,2012-09-11T06:31:28Z,2012-09-11T08:36:28Z,428,240,175,1,175,48.5801709493001,-4.73059988021851
B30,hg35-21-12,2012-09-11T15:53:36Z,2012-09-11T22:45:08Z,2012-09-11T16:03:16Z,2012-09-11T22:40:04Z,580,304,176,1,176,48.5796676635742,-4.73100204467773
B30,hg35-21-12,2012-09-12T06:15:24Z,2012-09-12T08:40:04Z,2012-09-12T06:19:08Z,2012-09-12T08:41:40Z,224,96,177,1,177,48.5788707733155,-4.72940015792847
B30,hg35-21-12,2012-09-13T06:27:20Z,2012-09-13T10:24:48Z,2012-09-13T06:36:52Z,2012-09-13T10:44:52Z,572,1204,178,1,178,48.5806872049967,-4.73068332672119
B30,hg35-21-12,2012-09-13T18:26:48Z,2012-09-13T23:42:40Z,2012-09-13T18:23:12Z,2012-09-13T23:33:12Z,216,568,179,1,179,48.580171585083,-4.73050761222839
B30,hg35-21-12,2012-09-14T09:48:12Z,2012-09-14T11:39:04Z,2012-09-14T09:46:36Z,2012-09-14T11:36:32Z,96,152,180,1,180,48.5816688537598,-4.72822499275208
B30,hg35-21-12,2012-09-14T21:16:24Z,2012-09-15T00:24:24Z,2012-09-14T21:17:24Z,2012-09-15T00:27:44Z,60,200,181,1,181,48.581298828125,-4.73061013221741
B30,hg35-21-12,2012-09-15T19:13:48Z,2012-09-15T23:39:28Z,2012-09-15T19:18:04Z,2012-09-16T00:35:12Z,256,3344,182,1,182,48.5776011149089,-4.72928015391032
B30,hg35-21-12,2012-09-17T10:05:04Z,2012-09-17T11:28:20Z,2012-09-17T10:14:52Z,2012-09-17T11:44:56Z,588,996,183,1,183,48.5826301574707,-4.728759765625
B30,hg35-21-12,2012-09-17T11:48:56Z,2012-09-17T12:27:24Z,2012-09-17T11:44:56Z,2012-09-17T12:28:12Z,240,48,184,1,184,48.583381652832,-4.73192977905273
B30,hg35-21-12,2012-09-17T20:58:32Z,2012-09-18T02:46:12Z,2012-09-17T20:54:04Z,2012-09-18T02:47:12Z,268,60,185,1,185,48.5808397928874,-4.72797330220541
B30,hg35-21-12,2012-09-18T10:36:52Z,2012-09-18T11:24:00Z,2012-09-18T10:37:16Z,2012-09-18T11:25:20Z,24,80,186,1,186,48.5815315246582,-4.73108005523682
B30,hg35-21-12,2012-09-18T12:00:24Z,2012-09-18T13:11:56Z,2012-09-18T12:07:40Z,2012-09-18T13:10:44Z,436,72,187,1,187,48.5818939208984,-4.72682499885559
B30,hg35-21-12,2012-09-19T11:06:56Z,2012-09-19T13:54:16Z,2012-09-19T11:06:20Z,2012-09-19T14:03:40Z,36,564,188,1,188,48.3653767903646,-4.87938658396403
B30,hg35-21-12,2012-09-19T23:28:24Z,2012-09-20T02:32:16Z,2012-09-19T23:32:52Z,2012-09-20T02:33:16Z,268,60,189,1,189,48.3653144836425,-4.8793249130249
B30,hg35-21-12,2012-09-20T10:50:04Z,2012-09-20T12:00:16Z,2012-09-20T10:48:16Z,2012-09-20T11:57:28Z,108,168,190,1,190,48.3655395507813,-4.87932991981507
B30,hg35-21-12,2012-09-20T12:09:56Z,2012-09-20T14:14:40Z,2012-09-20T12:07:28Z,2012-09-20T14:19:28Z,148,288,191,1,191,48.3612937927246,-4.88161675135295
B30,hg35-21-12,2012-09-21T00:10:40Z,2012-09-21T02:40:36Z,2012-09-21T00:14:12Z,2012-09-21T02:42:24Z,212,108,192,1,192,48.3659458160401,-4.87927985191345
B30,hg35-21-12,2012-09-21T12:45:56Z,2012-09-21T15:14:32Z,2012-09-21T12:46:24Z,2012-09-21T15:09:32Z,28,300,193,1,193,48.3654619852702,-4.879363377889
B30,hg35-21-12,2012-09-21T22:35:12Z,2012-09-22T05:47:44Z,2012-09-21T22:37:24Z,2012-09-22T05:48:24Z,132,40,194,1,194,48.3192300796509,-4.8800300359726
B30,hg35-21-12,2012-09-22T21:56:08Z,2012-09-23T07:27:28Z,2012-09-22T21:59:40Z,2012-09-23T07:31:16Z,212,228,195,1,195,48.3193613688151,-4.87935988108317
B30,hg35-21-12,2012-09-23T14:08:00Z,2012-09-23T18:27:36Z,2012-09-23T14:08:48Z,2012-09-23T18:31:28Z,48,232,196,1,196,48.3191556930542,-4.87998259067535
B30,hg35-21-12,2012-09-23T19:18:28Z,2012-09-23T19:36:24Z,2012-09-23T19:23:00Z,2012-09-23T19:33:36Z,272,168,197,1,197,48.3185749053955,-4.87947511672973
B30,hg35-21-12,2012-09-24T01:39:24Z,2012-09-24T08:39:04Z,2012-09-24T01:35:56Z,2012-09-24T08:38:08Z,208,56,198,1,198,48.3180541992188,-4.87923402786255
B30,hg35-21-12,2012-09-24T23:31:36Z,2012-09-25T00:07:44Z,2012-09-24T23:32:36Z,2012-09-25T00:10:20Z,60,156,199,1,199,48.3712399800618,-4.880486647288
B30,hg35-21-12,2012-09-25T01:11:48Z,2012-09-25T01:40:52Z,2012-09-25T01:10:52Z,2012-09-25T01:41:20Z,56,28,200,1,200,48.3711948394776,-4.88043999671936
B30,hg35-21-12,2012-09-25T03:14:28Z,2012-09-25T03:43:52Z,2012-09-25T03:14:40Z,2012-09-25T03:46:24Z,12,152,201,1,201,48.3710708618164,-4.88039016723632
B30,hg35-21-12,2012-09-25T05:02:48Z,2012-09-25T08:37:20Z,2012-09-25T04:57:48Z,2012-09-25T08:38:48Z,300,88,202,1,202,48.3718630472819,-4.8820899327596
B30,hg35-21-12,2012-09-25T13:26:44Z,2012-09-26T03:19:48Z,2012-09-25T13:28:40Z,2012-09-26T03:33:12Z,116,804,203,1,203,48.3709530300564,-4.88040108150906
B30,hg35-21-12,2012-09-26T19:36:48Z,2012-09-26T22:29:28Z,2012-09-26T19:35:28Z,2012-09-26T22:30:28Z,80,60,204,1,204,48.3670406341553,-4.86055994033813
B30,hg35-21-12,2012-09-27T12:01:48Z,2012-09-27T12:22:36Z,2012-09-27T12:00:04Z,2012-09-27T12:24:08Z,104,92,208,1,208,48.3709297180176,-4.88059997558594
B30,hg35-21-12,2012-09-28T06:00:00Z,2012-09-28T08:39:36Z,2012-09-28T06:03:00Z,2012-09-28T08:38:08Z,180,88,209,1,209,48.5783220926921,-4.72916332880656
B30,hg35-21-12,2012-09-28T08:50:08Z,2012-09-28T10:35:36Z,2012-09-28T08:58:08Z,2012-09-28T10:39:04Z,480,208,210,1,210,48.5822353363038,-4.72710013389587
B30,hg35-21-12,2012-09-28T18:22:56Z,2012-09-28T19:40:28Z,2012-09-28T18:22:56Z,2012-09-28T19:39:36Z,0,52,211,1,211,48.5816745758057,-4.72863006591797
B30,hg35-21-12,2012-09-28T19:47:00Z,2012-09-28T23:44:12Z,2012-09-28T19:49:36Z,2012-09-28T23:45:20Z,156,68,212,1,212,48.5811602274577,-4.73071686426799
B30,hg35-21-12,2012-09-30T06:34:32Z,2012-09-30T07:49:08Z,2012-09-30T06:31:16Z,2012-09-30T07:48:24Z,196,44,215,1,215,48.5796146392823,-4.73103499412537
B30,hg35-21-12,2012-10-01T10:21:04Z,2012-10-01T11:13:48Z,2012-10-01T10:19:24Z,2012-10-01T11:24:36Z,100,648,220,1,220,48.5785102844238,-4.72820997238159
B30,hg35-21-12,2012-10-03T02:06:12Z,2012-10-03T11:54:40Z,2012-10-03T02:09:52Z,2012-10-03T11:50:04Z,220,276,229,1,229,48.3712055499737,-4.87977845852192
B30,hg35-21-12,2012-10-11T02:48:04Z,2012-10-11T06:24:52Z,2012-10-11T02:56:12Z,2012-10-11T06:17:48Z,488,424,6,1,6,48.4180717468262,-4.97289276123047
B30,hg35-21-12,2012-10-12T05:25:36Z,2012-10-12T09:29:52Z,2012-10-12T05:30:44Z,2012-10-12T09:31:08Z,308,76,7,1,7,48.577564239502,-4.72922325134278
B30,hg35-21-12,2012-10-14T06:04:20Z,2012-10-14T07:07:28Z,2012-10-14T06:07:12Z,2012-10-14T07:06:32Z,172,56,10,1,10,48.5799722671509,-4.73081505298614
B30,hg35-21-12,2012-10-14T07:40:56Z,2012-10-14T09:00:36Z,2012-10-14T07:37:24Z,2012-10-14T08:57:08Z,212,208,11,1,11,48.5777912139893,-4.72977995872498
B30,hg35-21-12,2012-10-14T09:14:24Z,2012-10-14T10:24:16Z,2012-10-14T09:18:36Z,2012-10-14T10:22:08Z,252,128,12,1,12,48.5815505981446,-4.72722005844116
B30,hg35-21-12,2012-10-14T10:40:52Z,2012-10-14T11:14:36Z,2012-10-14T10:42:24Z,2012-10-14T11:11:24Z,92,192,13,1,13,48.5808448791504,-4.73063993453979
B30,hg35-21-12,2012-10-15T12:10:28Z,2012-10-15T14:34:56Z,2012-10-15T12:14:24Z,2012-10-15T14:41:40Z,236,404,14,1,14,48.3710651397705,-4.88029003143311
B30,hg35-21-12,2012-10-15T22:18:52Z,2012-10-16T01:26:48Z,2012-10-15T22:19:44Z,2012-10-16T01:29:56Z,52,188,17,1,17,48.3677940368652,-4.86053991317749
B30,hg35-21-12,2012-10-17T01:56:28Z,2012-10-17T04:30:00Z,2012-10-17T01:56:56Z,2012-10-17T04:51:00Z,28,1260,21,1,21,48.3709729512533,-4.88048998514811
B30,hg35-21-12,2012-10-17T04:48:56Z,2012-10-17T11:42:40Z,2012-10-17T04:51:00Z,2012-10-17T11:41:00Z,124,100,22,1,22,48.3712493896484,-4.88010997772217
B30,hg35-21-12,2012-10-17T14:29:56Z,2012-10-17T15:51:56Z,2012-10-17T14:27:32Z,2012-10-17T15:53:24Z,144,88,23,1,23,48.371021270752,-4.88035011291504
B30,hg35-21-12,2012-10-18T09:42:44Z,2012-10-18T10:53:00Z,2012-10-18T09:51:48Z,2012-10-18T10:54:12Z,544,72,24,1,24,48.5787315368652,-4.73015022277832
B30,hg35-21-12,2012-10-18T11:01:24Z,2012-10-18T13:33:08Z,2012-10-18T11:04:12Z,2012-10-18T13:45:00Z,168,712,25,1,25,48.5812091827392,-4.73071503639221
B30,hg35-21-12,2012-10-19T17:55:52Z,2012-10-20T11:36:36Z,2012-10-19T17:51:08Z,2012-10-20T11:39:36Z,284,180,28,1,28,48.3708477020264,-4.88062008221944
B30,hg35-21-12,2012-10-20T23:33:36Z,2012-10-21T00:01:44Z,2012-10-20T23:30:28Z,2012-10-21T00:02:32Z,188,48,33,1,33,48.3950691223145,-4.89545011520386
B30,hg35-21-12,2012-10-21T00:16:04Z,2012-10-21T00:39:48Z,2012-10-21T00:12:32Z,2012-10-21T00:38:32Z,212,76,34,1,34,48.395299911499,-4.8953697681427
B30,hg35-21-12,2012-10-21T01:05:04Z,2012-10-21T05:10:44Z,2012-10-21T01:09:08Z,2012-10-21T05:02:48Z,244,476,35,1,35,48.3953425089518,-4.8955766359965
B30,hg35-21-12,2012-10-21T06:37:16Z,2012-10-21T07:09:24Z,2012-10-21T06:39:24Z,2012-10-21T07:05:36Z,128,228,36,1,36,48.3709392547608,-4.88054513931275
B30,hg35-21-12,2012-10-21T07:32:48Z,2012-10-21T07:46:48Z,2012-10-21T07:35:52Z,2012-10-21T07:48:08Z,184,80,37,1,37,48.3709983825684,-4.88074016571045
B30,hg35-21-12,2012-10-21T12:54:20Z,2012-10-21T16:35:20Z,2012-10-21T12:49:48Z,2012-10-21T16:19:48Z,272,932,38,1,38,48.3952999114991,-4.89550995826721
B30,hg35-21-12,2012-10-23T13:18:24Z,2012-10-23T21:29:28Z,2012-10-23T13:14:48Z,2012-10-23T21:30:52Z,216,84,39,1,39,48.5807609558105,-4.72794008255005
B30,hg35-21-12,2012-10-24T01:08:00Z,2012-10-24T10:14:44Z,2012-10-24T01:10:44Z,2012-10-24T10:16:04Z,164,80,40,1,40,48.5832359313965,-4.72858400344849
B30,hg35-21-12,2012-10-25T08:26:08Z,2012-10-25T08:50:56Z,2012-10-25T08:25:52Z,2012-10-25T08:51:24Z,16,28,41,1,41,48.5857009887695,-4.73259019851685
B30,hg35-21-12,2012-10-25T09:38:20Z,2012-10-25T10:07:36Z,2012-10-25T09:34:48Z,2012-10-25T10:08:12Z,212,36,42,1,42,48.5775413513184,-4.73276996612549
B30,hg35-21-12,2012-10-25T14:46:52Z,2012-10-25T23:25:36Z,2012-10-25T14:46:52Z,2012-10-25T23:28:08Z,0,152,43,1,43,48.5859956741333,-4.73269009590149
B30,hg35-21-12,2012-10-26T05:00:24Z,2012-10-26T09:49:08Z,2012-10-26T05:00:00Z,2012-10-26T09:47:32Z,24,96,44,1,44,48.5787601470947,-4.73284244537354
B30,hg35-21-12,2012-10-27T09:30:04Z,2012-10-27T10:03:04Z,2012-10-27T09:33:44Z,2012-10-27T09:58:52Z,220,252,45,1,45,48.5776596069336,-4.73032021522522
B30,hg35-21-12,2012-10-28T06:43:52Z,2012-10-28T08:03:04Z,2012-10-28T06:45:36Z,2012-10-28T08:02:04Z,104,60,46,1,46,48.5788955688476,-4.72987008094788
B30,hg35-21-12,2012-10-28T08:43:24Z,2012-10-28T13:08:32Z,2012-10-28T08:42:36Z,2012-10-28T13:18:56Z,48,624,47,1,47,48.5811264038086,-4.73097600936889
B30,hg35-21-12,2012-10-29T09:14:24Z,2012-10-29T12:11:12Z,2012-10-29T09:18:32Z,2012-10-29T12:10:24Z,248,48,48,1,48,48.5789098739624,-4.72940504550934
B30,hg35-21-12,2012-10-30T08:06:24Z,2012-10-30T09:08:28Z,2012-10-30T08:10:24Z,2012-10-30T09:10:20Z,240,112,49,1,49,48.581241607666,-4.72772979736328
B30,hg35-21-12,2012-10-30T09:32:04Z,2012-10-30T12:15:44Z,2012-10-30T09:30:56Z,2012-10-30T12:34:48Z,68,1144,50,1,50,48.5776596069336,-4.73022484779358
B30,hg35-21-12,2012-10-31T23:01:20Z,2012-11-01T01:20:48Z,2012-10-31T23:00:48Z,2012-11-01T01:18:04Z,32,164,51,1,51,48.3711142539978,-4.87991750240326
B30,hg35-21-12,2012-11-02T08:48:08Z,2012-11-02T10:48:20Z,2012-11-02T08:50:32Z,2012-11-02T10:45:20Z,144,180,58,1,58,48.3704032897949,-4.8818074464798
B30,hg35-21-12,2012-11-02T13:33:20Z,2012-11-02T14:11:52Z,2012-11-02T13:30:32Z,2012-11-02T14:13:52Z,168,120,59,1,59,48.3710098266602,-4.88002014160156
B30,hg35-21-12,2012-11-04T15:54:32Z,2012-11-04T17:12:08Z,2012-11-04T16:03:48Z,2012-11-04T17:13:04Z,556,56,67,1,67,48.3712094624837,-4.88039000829061
B30,hg35-21-12,2012-11-05T07:29:04Z,2012-11-05T21:57:08Z,2012-11-05T07:29:12Z,2012-11-05T22:02:44Z,8,336,68,1,68,48.3708951132638,-4.88092289652143
B30,hg35-21-12,2012-11-05T22:11:36Z,2012-11-05T22:26:32Z,2012-11-05T22:12:44Z,2012-11-05T22:27:32Z,68,60,69,1,69,48.3708992004395,-4.88206005096436
B30,hg35-21-12,2012-11-05T22:52:32Z,2012-11-06T14:53:36Z,2012-11-05T22:48:36Z,2012-11-06T14:57:04Z,236,208,70,1,70,48.370924949646,-4.88036614656448
B30,hg35-21-12,2012-11-07T04:54:28Z,2012-11-07T11:14:00Z,2012-11-07T04:51:56Z,2012-11-07T11:13:36Z,152,24,71,1,71,48.3705666859944,-4.88000496228536
B30,hg35-21-12,2012-11-08T02:21:36Z,2012-11-08T07:43:04Z,2012-11-08T02:23:48Z,2012-11-08T07:57:48Z,132,884,72,1,72,48.582140604655,-4.72796678543091
B30,hg35-21-12,2012-11-09T03:58:44Z,2012-11-09T08:29:08Z,2012-11-09T03:58:44Z,2012-11-09T08:43:40Z,0,872,73,1,73,48.5774250030518,-4.7291100025177
B30,hg35-21-12,2012-11-10T04:08:24Z,2012-11-10T05:42:08Z,2012-11-10T04:07:04Z,2012-11-10T05:38:04Z,80,244,74,1,74,48.579999923706,-4.73090004920959
B30,hg35-21-12,2012-11-10T05:50:12Z,2012-11-10T08:38:28Z,2012-11-10T05:48:32Z,2012-11-10T08:48:20Z,100,592,75,1,75,48.5787544250488,-4.72937989234924
B30,hg35-21-12,2012-11-13T13:46:48Z,2012-11-14T03:12:56Z,2012-11-13T13:48:16Z,2012-11-14T03:08:16Z,88,280,82,1,82,48.3708970206125,-4.88064282281058
B31,hg36s-B31s-13,2013-06-10T21:24:52Z,2013-06-11T01:06:08Z,2013-06-10T21:26:44Z,2013-06-11T01:09:44Z,112,216,2,1,2,48.0496101379395,-4.8925199508667
B31,hg36s-B31s-13,2013-06-11T22:40:08Z,2013-06-12T01:33:36Z,2013-06-11T22:46:32Z,2013-06-12T01:34:56Z,384,80,3,1,3,48.0495796203613,-4.89239501953125
B31,hg36s-B31s-13,2013-06-12T21:57:52Z,2013-06-13T02:30:48Z,2013-06-12T21:56:16Z,2013-06-13T02:44:04Z,96,796,4,1,4,48.0489749908447,-4.89218497276306
B31,hg36s-B31s-13,2013-06-19T03:10:16Z,2013-06-19T05:45:56Z,2013-06-19T03:12:28Z,2013-06-19T05:52:44Z,132,408,6,1,6,48.426617304484,-4.97552172342936
B31,hg36s-B31s-13,2013-06-19T16:14:28Z,2013-06-19T21:15:44Z,2013-06-19T16:22:12Z,2013-06-19T21:21:16Z,464,332,7,1,7,48.4261207580566,-4.98324664433797
B31,hg36s-B31s-13,2013-06-20T06:02:04Z,2013-06-20T08:04:12Z,2013-06-20T06:04:44Z,2013-06-20T08:03:32Z,160,40,8,1,8,48.4284858703613,-4.97605490684509
B31,hg36s-B31s-13,2013-06-20T17:49:48Z,2013-06-20T21:49:08Z,2013-06-20T17:57:12Z,2013-06-20T22:34:40Z,444,2732,9,1,9,48.4252052307129,-4.97610998153687
B31,hg36s-B31s-13,2013-06-21T07:40:00Z,2013-06-21T07:57:40Z,2013-06-21T07:37:52Z,2013-06-21T08:01:52Z,128,252,10,1,10,48.4250411987305,-4.97596979141235
B31,hg36s-B31s-13,2013-06-21T08:03:36Z,2013-06-21T09:42:20Z,2013-06-21T08:01:52Z,2013-06-21T09:46:08Z,104,228,11,1,11,48.4250984191895,-4.97611999511719
B31,hg36s-B31s-13,2013-06-21T19:28:08Z,2013-06-21T22:20:44Z,2013-06-21T19:28:56Z,2013-06-21T22:25:24Z,48,280,12,1,12,48.4252891540527,-4.97544002532959
B31,hg36s-B31s-13,2013-06-22T08:08:40Z,2013-06-22T09:48:36Z,2013-06-22T08:02:44Z,2013-06-22T09:40:52Z,356,464,13,1,13,48.4252967834473,-4.97397994995118
B31,hg36s-B31s-13,2013-06-26T10:44:00Z,2013-06-26T11:27:48Z,2013-06-26T10:49:12Z,2013-06-26T11:25:32Z,312,136,14,1,14,48.4250850677491,-4.97347497940063
B31,hg36s-B31s-13,2013-06-26T12:18:40Z,2013-06-26T13:52:40Z,2013-06-26T12:13:56Z,2013-06-26T14:46:41Z,284,3241,15,1,15,48.4281883239746,-4.9863600730896
B31,hg36s-B31s-13,2013-06-26T21:22:44Z,2013-06-26T22:01:36Z,2013-06-26T21:21:00Z,2013-06-26T22:04:28Z,104,172,16,1,16,48.4262084960938,-4.98341989517212
B31,hg36s-B31s-13,2013-06-26T22:05:08Z,2013-06-26T22:58:56Z,2013-06-26T22:04:28Z,2013-06-26T22:57:08Z,40,108,17,1,17,48.4272346496582,-4.98051500320435
B31,hg36s-B31s-13,2013-06-26T23:16:04Z,2013-06-27T00:34:44Z,2013-06-26T23:09:32Z,2013-06-27T00:35:20Z,392,36,18,1,18,48.4255218505859,-4.97601985931396
B31,hg36s-B31s-13,2013-06-27T00:55:20Z,2013-06-27T02:05:20Z,2013-06-27T01:00:36Z,2013-06-27T02:06:04Z,316,44,19,1,19,48.4288787841797,-4.97636985778809
B31,hg36s-B31s-13,2013-06-27T12:03:24Z,2013-06-27T15:14:56Z,2013-06-27T12:04:20Z,2013-06-27T15:37:32Z,56,1356,20,1,20,48.4247493743896,-4.9736602306366
B31,hg36s-B31s-13,2013-06-28T01:23:08Z,2013-06-28T03:17:52Z,2013-06-28T01:23:12Z,2013-06-28T03:22:44Z,4,292,23,1,23,48.4250450134277,-4.97328996658325
B31,hg36s-B31s-13,2013-06-28T12:25:20Z,2013-06-28T16:45:16Z,2013-06-28T12:31:40Z,2013-06-28T16:31:40Z,380,816,24,1,24,48.4248402913411,-4.97407341003418
B31,hg36s-B31s-13,2013-07-02T06:27:04Z,2013-07-02T07:26:12Z,2013-07-02T06:29:04Z,2013-07-02T07:45:24Z,120,1152,25,1,25,48.4270401000977,-4.97489023208618
B31,hg36s-B31s-13,2013-07-02T18:37:44Z,2013-07-02T20:27:28Z,2013-07-02T18:37:32Z,2013-07-02T20:50:40Z,12,1392,26,1,26,48.4283485412598,-4.9757399559021
B31,hg36s-B31s-13,2013-07-03T03:15:48Z,2013-07-03T09:53:44Z,2013-07-03T03:19:04Z,2013-07-03T10:17:04Z,196,1400,27,1,27,48.4259271621704,-4.97634243965149
B31,hg36s-B31s-13,2013-07-03T16:26:08Z,2013-07-03T21:57:48Z,2013-07-03T16:22:08Z,2013-07-03T22:03:48Z,240,360,28,1,28,48.4252332051595,-4.97619994481405
B31,hg36s-B31s-13,2013-07-08T21:04:28Z,2013-07-09T00:20:56Z,2013-07-08T21:07:08Z,2013-07-09T00:25:36Z,160,280,29,1,29,48.4124546051026,-5.00253486633301
B31,hg36s-B31s-13,2013-07-09T09:39:16Z,2013-07-09T10:39:20Z,2013-07-09T09:42:08Z,2013-07-09T10:40:12Z,172,52,30,1,30,48.4130096435547,-5.00383996963501
B31,hg36s-B31s-13,2013-07-09T20:19:52Z,2013-07-10T01:52:44Z,2013-07-09T20:30:28Z,2013-07-10T01:55:28Z,636,164,32,1,32,48.4099311828613,-5.00401020050049
B31,hg36s-B31s-13,2013-07-14T23:16:12Z,2013-07-15T04:05:04Z,2013-07-14T23:11:12Z,2013-07-15T04:06:04Z,300,60,33,1,33,48.4124603271485,-4.99934005737305
B31,hg36s-B31s-13,2013-07-15T11:41:00Z,2013-07-15T13:40:00Z,2013-07-15T11:35:40Z,2013-07-15T13:43:48Z,320,228,34,1,34,48.4125900268555,-4.99957990646362
B31,hg36s-B31s-13,2013-07-15T22:14:08Z,2013-07-16T06:12:44Z,2013-07-15T22:13:52Z,2013-07-16T06:18:32Z,16,348,35,1,35,48.4124526977539,-4.99973750114441
B31,hg36s-B31s-13,2013-07-20T03:13:12Z,2013-07-20T04:10:08Z,2013-07-20T03:14:56Z,2013-07-20T04:14:12Z,104,244,36,1,36,48.4125900268555,-4.99926996231079
B31,hg36s-B31s-13,2013-07-20T17:12:44Z,2013-07-20T22:47:32Z,2013-07-20T17:10:52Z,2013-07-20T22:50:04Z,112,152,37,1,37,48.4101409912109,-5.00418996810913
B31,hg36s-B31s-13,2013-07-21T07:58:52Z,2013-07-21T09:35:12Z,2013-07-21T08:02:20Z,2013-07-21T09:36:16Z,208,64,38,1,38,48.4132194519043,-5.00448989868164
B31,hg36s-B31s-13,2013-07-21T20:27:44Z,2013-07-21T22:46:24Z,2013-07-21T20:31:12Z,2013-07-21T20:31:12Z,208,8112,39,1,39,48.4250411987305,-4.9738597869873
B31,hg36s-B31s-13,2013-07-22T07:59:44Z,2013-07-22T09:37:16Z,2013-07-22T07:55:00Z,2013-07-22T07:55:00Z,284,6136,40,1,40,48.4361184990937,-4.98007287149918
B31,hg36s-B31s-13,2013-07-26T11:01:48Z,2013-07-26T13:33:24Z,2013-07-26T11:11:20Z,2013-07-26T11:11:20Z,572,8524,41,1,41,48.414119720459,-5.00298023223877
B31,hg36s-B31s-13,2013-07-26T22:53:12Z,2013-07-26T23:28:04Z,2013-07-26T22:53:44Z,2013-07-26T22:53:44Z,32,2060,42,1,42,48.4158592224121,-4.99846982955933
B31,hg36s-B31s-13,2013-07-26T23:44:24Z,2013-07-27T02:40:20Z,2013-07-26T22:53:44Z,2013-07-26T22:53:44Z,3040,13596,43,1,43,48.4154281541623,-4.9994795162892
B31,hg36s-B31s-13,2013-07-28T12:00:48Z,2013-07-28T15:58:08Z,2013-07-28T12:05:20Z,2013-07-28T12:05:20Z,272,13968,48,1,48,48.4141387939453,-5.00185012817383
B31,hg36s-B31s-13,2013-07-30T00:46:08Z,2013-07-30T05:53:00Z,2013-07-30T00:46:08Z,2013-07-30T06:08:48Z,0,948,49,1,49,48.4252573649089,-4.97609329223633
B31,hg36s-B31s-13,2013-07-30T15:08:20Z,2013-07-30T17:28:04Z,2013-07-30T15:07:44Z,2013-07-30T17:19:44Z,36,500,50,1,50,48.427734375,-4.97527503967285
B31,hg36s-B31s-13,2013-08-05T09:11:24Z,2013-08-05T10:29:48Z,2013-08-05T08:57:52Z,2013-08-05T10:52:36Z,812,1368,51,1,51,48.428428827227,-4.97725737531273
B31,hg36s-B31s-13,2013-08-05T19:13:52Z,2013-08-05T19:52:32Z,2013-08-05T19:15:20Z,2013-08-05T19:49:08Z,88,204,52,1,52,48.413990020752,-5.00283980369568
B31,hg36s-B31s-13,2013-08-05T20:28:32Z,2013-08-05T22:57:16Z,2013-08-05T20:25:36Z,2013-08-05T23:00:00Z,176,164,53,1,53,48.4123859405518,-5.00229001045227
B31,hg36s-B31s-13,2013-08-07T20:49:40Z,2013-08-08T01:35:48Z,2013-08-07T20:54:36Z,2013-08-08T01:30:04Z,296,344,54,1,54,48.4251346588135,-4.97609496116638
B31,hg36s-B31s-13,2013-08-08T20:04:24Z,2013-08-08T20:55:40Z,2013-08-08T19:52:52Z,2013-08-08T20:57:16Z,692,96,57,1,57,48.4267900616979,-4.98257212683293
B31,hg36s-B31s-13,2013-08-08T21:10:20Z,2013-08-08T23:33:36Z,2013-08-08T21:09:16Z,2013-08-08T23:36:36Z,64,180,58,1,58,48.4286117553711,-4.97608995437622
B31,hg36s-B31s-13,2013-08-09T21:29:36Z,2013-08-10T02:20:28Z,2013-08-09T21:18:40Z,2013-08-10T02:25:20Z,656,292,59,1,59,48.4137916564941,-5.00161981582642
B31,hg36s-B31s-13,2013-08-11T22:29:16Z,2013-08-12T03:02:28Z,2013-08-11T22:24:44Z,2013-08-12T03:19:04Z,272,996,60,1,60,48.4251861572266,-4.97587513923645
B31,hg36s-B31s-13,2013-08-12T11:45:56Z,2013-08-12T12:04:56Z,2013-08-12T11:56:00Z,2013-08-12T11:56:00Z,604,536,61,1,61,48.4251708984375,-4.97398996353149
B31,hg36s-B31s-13,2013-08-12T12:38:00Z,2013-08-12T14:51:32Z,2013-08-12T12:46:52Z,2013-08-12T14:46:52Z,532,280,62,1,62,48.4250545501709,-4.97624516487121
B31,hg36s-B31s-13,2013-08-12T23:23:56Z,2013-08-13T04:03:48Z,2013-08-12T23:19:16Z,2013-08-13T03:31:16Z,280,1952,63,1,63,48.4137166341146,-5.00162331263224
B31,hg36s-B31s-13,2013-08-13T12:31:24Z,2013-08-13T15:09:04Z,2013-08-13T12:32:16Z,2013-08-13T14:32:16Z,52,2208,64,1,64,48.4121589660645,-5.00578999519348
B31,hg36s-B31s-13,2013-08-16T04:37:36Z,2013-08-16T07:12:16Z,2013-08-16T04:24:16Z,2013-08-16T07:04:24Z,800,472,65,1,65,48.4274501800537,-4.97606253623962
B31,hg36s-B31s-13,2013-08-16T15:09:56Z,2013-08-16T20:27:40Z,2013-08-16T15:09:56Z,2013-08-16T21:04:12Z,0,2192,66,1,66,48.4271697998047,-4.97475004196167
B31,hg36s-B31s-13,2013-08-20T17:47:40Z,2013-08-20T19:00:20Z,2013-08-20T17:45:48Z,2013-08-20T19:00:12Z,112,8,67,1,67,48.411678314209,-5.00549983978271
B31,hg36s-B31s-13,2013-08-20T19:43:08Z,2013-08-20T23:54:12Z,2013-08-20T19:39:08Z,2013-08-20T23:39:08Z,240,904,68,1,68,48.4132614135742,-5.00545978546143
B31,hg36s-B31s-13,2013-08-21T08:47:44Z,2013-08-21T09:47:16Z,2013-08-21T08:56:40Z,2013-08-21T09:48:20Z,536,64,69,1,69,48.4118995666504,-5.0056300163269
B31,hg36s-B31s-13,2013-08-21T19:56:00Z,2013-08-22T01:16:40Z,2013-08-21T20:01:28Z,2013-08-22T01:18:28Z,328,108,70,1,70,48.4098815917969,-5.0045599937439
B31,hg36s-B31s-13,2013-08-22T09:08:44Z,2013-08-22T12:45:20Z,2013-08-22T09:07:08Z,2013-08-22T12:48:08Z,96,168,71,1,71,48.4117641448974,-5.00578498840332
B31,hg36s-B31s-13,2013-08-22T21:42:40Z,2013-08-23T01:00:36Z,2013-08-22T21:46:00Z,2013-08-23T01:03:36Z,200,180,72,1,72,48.4129199981689,-5.00504493713379
B31,hg36s-B31s-13,2013-08-26T02:24:40Z,2013-08-26T03:56:24Z,2013-08-26T02:19:28Z,2013-08-26T04:13:00Z,312,996,73,1,73,48.4251575469971,-4.9761049747467
B31,hg36s-B31s-13,2013-08-26T11:45:28Z,2013-08-26T15:48:04Z,2013-08-26T11:48:16Z,2013-08-26T16:06:40Z,168,1116,74,1,74,48.4240245819092,-4.97667503356934
B31,hg36s-B31s-13,2013-08-30T02:18:08Z,2013-08-30T06:28:24Z,2013-08-30T02:21:56Z,2013-08-30T06:21:56Z,228,388,75,1,75,48.4097442626953,-5.00451993942261
B31,hg36s-B31s-13,2013-08-30T15:28:08Z,2013-08-30T19:48:24Z,2013-08-30T15:32:24Z,2013-08-30T19:49:48Z,256,84,76,1,76,48.4097137451172,-5.004416624705
B31,hg36s-B31s-13,2013-08-31T02:09:32Z,2013-08-31T05:46:08Z,2013-08-31T02:12:16Z,2013-08-31T05:42:08Z,164,240,77,1,77,48.4140701293946,-5.00249004364013
B31,hg36s-B31s-13,2013-09-02T19:12:36Z,2013-09-02T23:18:24Z,2013-09-02T19:08:36Z,2013-09-02T23:06:32Z,240,712,78,1,78,48.4287548065186,-4.97589516639709
B31,hg36s-B31s-13,2013-09-03T07:17:56Z,2013-09-03T09:30:00Z,2013-09-03T07:15:40Z,2013-09-03T09:27:56Z,136,124,79,1,79,48.4253349304199,-4.97390007972717
B31,hg36s-B31s-13,2013-09-10T15:41:52Z,2013-09-10T16:17:08Z,2013-09-10T15:09:32Z,2013-09-10T15:09:32Z,1940,4056,80,1,80,51.7788181611901,-10.5097830855347
B31,hg36s-B31s-13,2013-09-10T20:29:52Z,2013-09-11T04:20:16Z,2013-09-11T00:53:36Z,2013-09-11T05:18:48Z,15824,3512,81,1,81,51.7741088867188,-10.5142002105713
B31,hg36s-B31s-13,2013-09-13T21:10:32Z,2013-09-14T03:11:24Z,2013-09-13T18:02:48Z,2013-09-14T03:10:20Z,11264,64,82,1,82,53.5986862182617,-10.264479637146
B31,hg36s-B31s-13,2013-09-16T04:27:36Z,2013-09-16T13:13:08Z,2013-09-16T04:29:52Z,2013-09-16T13:14:12Z,136,64,87,1,87,53.5982437133789,-10.264395236969
B31,hg36s-B31s-13,2013-09-16T17:25:52Z,2013-09-17T02:19:20Z,2013-09-16T15:23:40Z,2013-09-17T02:50:20Z,7332,1860,88,1,88,53.5987378811142,-10.2646353408665
B31,hg36s-B31s-13,2013-09-17T06:25:48Z,2013-09-17T06:41:08Z,2013-09-17T06:06:20Z,2013-09-17T07:03:04Z,1168,1316,89,1,89,53.5987145797065,-10.2647807079813
B31,hg36s-B31s-13,2013-09-17T08:59:48Z,2013-09-17T14:13:32Z,2013-09-17T08:50:52Z,2013-09-17T14:54:52Z,536,2480,90,1,90,53.5985991006369,-10.2646390757718
B31,hg36s-B31s-13,2013-09-17T18:34:24Z,2013-09-18T02:34:56Z,2013-09-17T18:19:12Z,2013-09-18T02:34:20Z,912,36,91,1,91,53.598331451416,-10.2646551132203
B31,hg36s-B31s-13,2013-09-18T13:14:40Z,2013-09-18T14:27:56Z,2013-09-18T13:20:20Z,2013-09-18T14:30:04Z,340,128,92,1,92,53.5983390808105,-10.2644500732422
B31,hg36s-B31s-13,2013-09-18T22:17:36Z,2013-09-19T01:19:36Z,2013-09-18T21:57:12Z,2013-09-18T21:57:12Z,1224,12144,93,1,93,53.5989088663869,-10.2642603218339
B31,hg36s-B31s-13,2013-09-20T20:14:04Z,2013-09-21T03:38:16Z,2013-09-20T20:14:24Z,2013-09-21T03:56:12Z,20,1076,101,1,101,53.5983899434408,-10.2647164662679
B31,hg36s-B31s-13,2013-09-22T13:35:36Z,2013-09-22T14:49:00Z,2013-09-22T13:47:36Z,2013-09-22T14:48:08Z,720,52,104,1,104,53.5986804962158,-10.264274597168
B31,hg36s-B31s-13,2013-09-23T02:37:56Z,2013-09-23T03:01:52Z,2013-09-23T02:24:56Z,2013-09-23T03:01:00Z,780,52,105,1,105,53.5988883972168,-10.264820098877
B31,hg36s-B31s-13,2013-09-23T03:25:00Z,2013-09-23T04:00:24Z,2013-09-23T03:28:24Z,2013-09-23T04:04:32Z,204,248,106,1,106,53.5985794067383,-10.2644395828247
B31,hg36s-B31s-13,2013-09-23T04:13:24Z,2013-09-23T05:25:36Z,2013-09-23T04:16:32Z,2013-09-23T05:31:04Z,188,328,107,1,107,53.5982704162598,-10.2647399902344
B31,hg36s-B31s-13,2013-09-23T14:55:20Z,2013-09-23T16:20:44Z,2013-09-23T14:49:12Z,2013-09-23T16:21:16Z,368,32,108,1,108,53.5986430494791,-10.2658284375151
B31,hg36s-B31s-13,2013-09-24T04:00:52Z,2013-09-24T04:17:32Z,2013-09-24T03:19:40Z,2013-09-24T03:19:40Z,2472,3472,109,1,109,53.5990449684572,-10.264784314266
B31,hg36s-B31s-13,2013-09-26T21:21:24Z,2013-09-27T04:26:24Z,2013-09-26T21:15:08Z,2013-09-27T04:27:40Z,376,76,116,1,116,53.5983200073242,-10.2659850120544
B31,hg36s-B31s-13,2013-09-27T19:44:00Z,2013-09-27T20:11:04Z,2013-09-27T19:48:24Z,2013-09-27T19:48:24Z,264,1360,117,1,117,53.598201751709,-10.266019821167
B31,hg36s-B31s-13,2013-09-27T20:24:12Z,2013-09-27T21:07:48Z,2013-09-27T20:38:32Z,2013-09-27T21:06:28Z,860,80,118,1,118,53.59867477417,-10.2644548416137
B31,hg36s-B31s-13,2013-09-29T19:45:20Z,2013-09-29T23:01:12Z,2013-09-29T19:36:16Z,2013-09-29T23:03:12Z,544,120,125,1,125,53.5984640920285,-10.2655166762391
B31,hg36s-B31s-13,2013-09-30T19:20:00Z,2013-10-01T00:17:36Z,2013-09-30T19:23:08Z,2013-10-01T00:17:24Z,188,12,126,1,126,53.5984706878663,-10.2658596038819
B31,hg36s-B31s-13,2013-10-01T05:58:36Z,2013-10-01T06:26:32Z,2013-10-01T05:24:28Z,2013-10-01T06:43:36Z,2048,1024,127,1,127,53.5987002767228,-10.264927417768
B31,hg36s-B31s-13,2013-10-01T08:28:16Z,2013-10-01T08:56:00Z,2013-10-01T08:33:32Z,2013-10-01T09:09:24Z,316,804,128,1,128,53.5986099243164,-10.2648000717163
B31,hg36s-B31s-13,2013-10-01T09:59:44Z,2013-10-01T10:31:12Z,2013-10-01T09:57:04Z,2013-10-01T10:41:28Z,160,616,129,1,129,53.5983200073242,-10.2648601531982
B31,hg36s-B31s-13,2013-10-01T11:07:44Z,2013-10-01T12:09:00Z,2013-10-01T11:07:44Z,2013-10-01T12:20:56Z,0,716,130,1,130,53.5984382629395,-10.26891040802
B31,hg36s-B31s-13,2013-10-01T19:15:52Z,2013-10-02T00:59:36Z,2013-10-01T19:15:04Z,2013-10-01T19:15:04Z,48,20672,131,1,131,53.5985153875925,-10.2664042776157
B31,hg36s-B31s-13,2013-10-02T09:03:00Z,2013-10-02T09:48:20Z,2013-10-02T09:35:56Z,2013-10-02T09:53:52Z,1976,332,133,1,133,53.5986099243164,-10.2665796279907
B31,hg36s-B31s-13,2013-10-02T10:13:48Z,2013-10-02T11:56:44Z,2013-10-02T10:07:16Z,2013-10-02T11:55:28Z,392,76,134,1,134,53.5987892150879,-10.2647800445557
B31,hg36s-B31s-13,2013-10-02T19:32:36Z,2013-10-03T01:08:36Z,2013-10-02T19:07:48Z,2013-10-03T00:59:04Z,1488,572,135,1,135,53.5982284545899,-10.2663297653198
B31,hg36s-B31s-13,2013-10-03T07:36:36Z,2013-10-03T11:25:48Z,2013-10-03T07:37:44Z,2013-10-03T11:23:24Z,68,144,136,1,136,53.598570505778,-10.2659730911255
B31,hg36s-B31s-13,2013-10-03T13:10:44Z,2013-10-03T13:57:56Z,2013-10-03T13:15:16Z,2013-10-03T13:56:04Z,272,112,137,1,137,53.5982704162598,-10.2657934824625
B31,hg36s-B31s-13,2013-10-03T19:09:12Z,2013-10-03T19:23:12Z,2013-10-03T19:21:24Z,2013-10-03T19:21:24Z,732,108,138,1,138,53.5982894897461,-10.2660903930664
B31,hg36s-B31s-13,2013-10-04T07:04:56Z,2013-10-04T07:25:08Z,2013-10-04T06:51:08Z,2013-10-04T07:29:12Z,828,244,142,1,142,53.5983519345365,-10.2657646924101
B31,hg36s-B31s-13,2013-10-07T20:17:24Z,2013-10-07T20:37:08Z,2013-10-07T20:10:56Z,2013-10-07T20:35:12Z,388,116,158,1,158,53.5986099243164,-10.2657299041748
B31,hg36s-B31s-13,2013-10-07T20:42:24Z,2013-10-08T01:18:44Z,2013-10-07T20:35:12Z,2013-10-07T20:59:12Z,432,15572,159,1,159,53.5981101989746,-10.266300201416
B31,hg36s-B31s-13,2013-10-09T21:11:52Z,2013-10-09T21:23:12Z,2013-10-09T21:42:24Z,2013-10-09T21:42:24Z,1832,1152,173,1,173,53.5982975556301,-10.2662254581085
B31,hg36s-B31s-13,2013-10-13T18:58:16Z,2013-10-13T23:16:52Z,2013-10-13T19:01:44Z,2013-10-13T23:17:52Z,208,60,183,1,183,53.5985298156738,-10.2654495239258
B31,hg36s-B31s-13,2013-10-14T10:01:36Z,2013-10-14T10:41:36Z,2013-10-14T10:11:16Z,2013-10-14T10:51:24Z,580,588,184,1,184,53.5979499816895,-10.2658700942993
B31,hg36s-B31s-13,2013-10-14T15:13:16Z,2013-10-14T23:37:04Z,2013-10-14T14:59:04Z,2013-10-14T23:48:12Z,852,668,185,1,185,53.5983695983887,-10.266209602356
B31,hg36s-B31s-13,2013-10-15T10:29:36Z,2013-10-15T11:00:24Z,2013-10-15T10:27:32Z,2013-10-15T11:04:56Z,124,272,186,1,186,53.5966053009033,-10.264729976654
B31,hg36s-B31s-13,2013-10-15T15:57:52Z,2013-10-15T22:14:40Z,2013-10-15T15:57:12Z,2013-10-15T22:15:04Z,40,24,187,1,187,53.5982208251953,-10.2658500671387
B31,hg36s-B31s-13,2013-10-15T22:41:00Z,2013-10-15T23:02:04Z,2013-10-15T22:40:52Z,2013-10-15T23:09:32Z,8,448,188,1,188,53.598388671875,-10.2657899856567
B31,hg36s-B31s-13,2013-10-15T23:19:20Z,2013-10-15T23:40:00Z,2013-10-15T23:21:32Z,2013-10-15T23:21:32Z,132,1108,189,1,189,53.5965995788574,-10.2630796432495
B31,hg36s-B31s-13,2013-10-16T12:18:04Z,2013-10-16T12:32:44Z,2013-10-16T12:15:16Z,2013-10-16T12:27:16Z,168,328,192,1,192,53.5981292724609,-10.266300201416
B31,hg36s-B31s-13,2013-10-16T19:00:56Z,2013-10-16T23:09:40Z,2013-10-16T18:49:08Z,2013-10-16T23:19:32Z,708,592,193,1,193,53.598461151123,-10.2656602859497
B31,hg36s-B31s-13,2013-10-16T23:54:40Z,2013-10-17T00:16:36Z,2013-10-16T23:58:56Z,2013-10-17T00:18:16Z,256,100,194,1,194,53.5981216430664,-10.265700340271
B31,hg36s-B31s-13,2013-10-17T02:24:28Z,2013-10-17T02:46:00Z,2013-10-17T02:23:00Z,2013-10-17T02:23:00Z,88,1380,195,1,195,53.5985040258854,-10.2662578716909
B31,hg36s-B31s-13,2013-10-17T07:02:16Z,2013-10-17T10:13:24Z,2013-10-17T06:52:32Z,2013-10-17T10:18:36Z,584,312,196,1,196,53.5986938476563,-10.2658370335897
B31,hg36s-B31s-13,2013-10-17T10:21:08Z,2013-10-17T13:06:12Z,2013-10-17T10:18:36Z,2013-10-17T13:08:12Z,152,120,197,1,197,53.5983848571777,-10.2659497261048
B31,hg36s-B31s-13,2013-10-17T17:53:48Z,2013-10-17T18:07:40Z,2013-10-17T18:07:16Z,2013-10-17T18:07:16Z,808,24,198,1,198,53.5982093811035,-10.2659902572632
B31,hg36s-B31s-13,2013-10-17T21:29:08Z,2013-10-17T23:51:00Z,2013-10-17T21:29:24Z,2013-10-18T00:03:44Z,16,764,199,1,199,53.5985336303711,-10.2660851478577
B31,hg36s-B31s-13,2013-10-18T00:41:56Z,2013-10-18T01:15:20Z,2013-10-18T00:41:56Z,2013-10-18T01:20:52Z,0,332,200,1,200,53.598461151123,-10.2657499313354
B31,hg36s-B31s-13,2013-10-18T06:40:04Z,2013-10-18T12:00:12Z,2013-10-18T06:25:52Z,2013-10-18T11:56:04Z,852,248,201,1,201,53.5964317321777,-10.2573499679566
B31,hg36s-B31s-13,2013-10-18T13:06:52Z,2013-10-18T13:30:24Z,2013-10-18T13:11:52Z,2013-10-18T13:37:12Z,300,408,202,1,202,53.598201751709,-10.2656402587891
B31,hg36s-B31s-13,2013-10-19T08:19:16Z,2013-10-19T12:40:32Z,2013-10-19T09:23:28Z,2013-10-19T12:42:00Z,3852,88,205,1,205,53.5984223683676,-10.2660133043925
B31,hg36s-B31s-13,2013-10-19T21:05:08Z,2013-10-19T21:21:52Z,2013-10-19T21:06:32Z,2013-10-19T21:20:16Z,84,96,208,1,208,53.598310470581,-10.2660450935364
B31,hg36s-B31s-13,2013-10-19T21:55:24Z,2013-10-20T02:21:04Z,2013-10-19T22:00:40Z,2013-10-20T02:16:16Z,316,288,209,1,209,53.5981140136718,-10.2659249305725
B31,hg36s-B31s-13,2013-10-21T01:10:08Z,2013-10-21T02:41:52Z,2013-10-21T01:13:12Z,2013-10-21T02:57:24Z,184,932,211,1,211,53.5985107421875,-10.2660799026489
B31,hg36s-B31s-13,2013-10-21T10:27:28Z,2013-10-21T11:56:20Z,2013-10-21T10:03:28Z,2013-10-21T11:58:20Z,1440,120,212,1,212,53.5986595153808,-10.2659049034119
B31,hg36s-B31s-13,2013-10-21T12:24:52Z,2013-10-21T14:38:28Z,2013-10-21T12:22:24Z,2013-10-21T14:48:12Z,148,584,213,1,213,53.5983581542969,-10.266300201416
B31,hg36s-B31s-13,2013-10-21T21:52:56Z,2013-10-22T03:23:48Z,2013-10-21T21:12:32Z,2013-10-22T03:30:52Z,2424,424,214,1,214,53.5982818603516,-10.2657604217529
B31,hg36s-B31s-13,2013-10-22T10:04:52Z,2013-10-22T11:07:12Z,2013-10-22T09:59:12Z,2013-10-22T11:12:00Z,340,288,215,1,215,53.5983807472956,-10.2656875735239
B31,hg36s-B31s-13,2013-10-22T12:08:48Z,2013-10-22T15:44:48Z,2013-10-22T12:00:00Z,2013-10-22T12:00:00Z,528,13488,216,1,216,53.5986480803608,-10.265459555289
B31,hg36s-B31s-13,2013-10-23T11:24:36Z,2013-10-23T16:37:16Z,2013-10-23T11:30:24Z,2013-10-23T16:49:20Z,348,724,219,1,219,53.5983085632324,-10.2658700942993
B31,hg36s-B31s-13,2013-10-24T02:10:48Z,2013-10-24T06:17:24Z,2013-10-24T02:14:56Z,2013-10-24T02:14:56Z,248,14548,220,1,220,53.5981216430664,-10.2660303115845
B31,hg36s-B31s-13,2013-10-25T02:46:12Z,2013-10-25T05:04:32Z,2013-10-25T02:43:44Z,2013-10-25T05:23:32Z,148,1140,221,1,221,53.598287252968,-10.2660446817496
B31,hg36s-B31s-13,2013-10-25T11:47:28Z,2013-10-25T15:39:48Z,2013-10-25T11:32:28Z,2013-10-25T16:24:48Z,900,2700,222,1,222,53.5982789743178,-10.266154396901
B31,hg36s-B31s-13,2013-10-25T17:43:40Z,2013-10-25T18:01:00Z,2013-10-25T17:39:28Z,2013-10-25T17:51:28Z,252,572,223,1,223,53.5981407165527,-10.2662000656128
B31,hg36s-B31s-13,2013-10-26T00:35:56Z,2013-10-26T01:27:12Z,2013-10-26T01:42:04Z,2013-10-26T01:42:04Z,3968,892,224,1,224,53.5980675020879,-10.2663552105503
B31,hg36s-B31s-13,2013-10-26T03:41:20Z,2013-10-26T03:54:36Z,2013-10-26T02:51:04Z,2013-10-26T04:48:16Z,3016,3220,225,1,225,53.5983893944541,-10.2663705869746
B31,hg36s-B31s-13,2013-10-26T04:49:24Z,2013-10-26T05:09:52Z,2013-10-26T04:48:16Z,2013-10-26T05:12:24Z,68,152,226,1,226,53.5983505249023,-10.2663297653198
B31,hg36s-B31s-13,2013-10-26T13:28:12Z,2013-10-26T18:38:28Z,2013-10-26T13:10:04Z,2013-10-26T18:39:40Z,1088,72,227,1,227,53.5982513427734,-10.2655200958252
B31,hg36s-B31s-13,2013-10-26T18:46:16Z,2013-10-26T18:59:56Z,2013-10-26T18:39:40Z,2013-10-26T18:39:40Z,396,1216,228,1,228,53.5981646488838,-10.2657301659533
B31,hg36s-B31s-13,2013-10-26T19:24:48Z,2013-10-26T19:51:44Z,2013-10-26T19:22:32Z,2013-10-26T19:46:32Z,136,312,229,1,229,53.5980415344238,-10.2660303115845
B31,hg36s-B31s-13,2013-10-27T07:25:12Z,2013-10-27T08:13:40Z,2013-10-27T08:16:12Z,2013-10-27T08:16:12Z,3060,152,232,1,232,53.5985697754701,-10.2663060296241
B31,hg36s-B31s-13,2013-10-27T08:24:48Z,2013-10-27T08:51:48Z,2013-10-27T08:16:12Z,2013-10-27T08:53:44Z,516,116,233,1,233,53.5985030382607,-10.266268382064
B31,hg36s-B31s-13,2013-10-27T08:57:04Z,2013-10-27T09:30:44Z,2013-10-27T08:53:44Z,2013-10-27T09:29:52Z,200,52,234,1,234,53.6004486083984,-10.2653903961182
B31,hg36s-B31s-13,2013-10-27T12:14:52Z,2013-10-27T14:58:08Z,2013-10-27T11:48:12Z,2013-10-27T16:50:52Z,1600,6764,235,1,235,53.5987137441593,-10.2662479169568
B31,hg36s-B31s-13,2013-10-27T15:03:24Z,2013-10-27T23:32:00Z,2013-10-27T16:50:52Z,2013-10-28T00:18:48Z,6448,2808,236,1,236,53.598201751709,-10.2657604217529
B31,hg36s-B31s-13,2013-10-28T02:34:40Z,2013-10-28T04:34:56Z,2013-10-28T02:02:04Z,2013-10-28T04:52:08Z,1956,1032,237,1,237,53.598518371582,-10.2660248317891
B31,hg36s-B31s-13,2013-10-28T06:31:52Z,2013-10-28T07:14:12Z,2013-10-28T06:31:40Z,2013-10-28T07:19:44Z,12,332,238,1,238,53.5986298469829,-10.2660244843831
B31,hg36s-B31s-13,2013-10-28T08:38:28Z,2013-10-28T10:35:20Z,2013-10-28T08:33:08Z,2013-10-28T10:37:32Z,320,132,239,1,239,53.5983390808105,-10.2656602859497
B31,hg36s-B31s-13,2013-10-28T11:18:00Z,2013-10-28T14:27:32Z,2013-10-28T11:14:32Z,2013-10-28T14:41:16Z,208,824,240,1,240,53.5981216430664,-10.266019821167
B31,hg36s-B31s-13,2013-10-28T16:46:48Z,2013-10-28T16:58:32Z,2013-10-28T17:06:04Z,2013-10-28T17:06:04Z,1156,452,241,1,241,53.5982107682661,-10.2661869742653
B31,hg36s-B31s-13,2013-10-28T18:20:00Z,2013-10-28T18:37:08Z,2013-10-28T18:22:08Z,2013-10-28T18:43:08Z,128,360,242,1,242,53.5984001159668,-10.2658004760742
B31,hg36s-B31s-13,2013-10-28T20:19:08Z,2013-10-28T22:30:32Z,2013-10-28T19:55:52Z,2013-10-28T22:41:04Z,1396,632,243,1,243,53.5979118347168,-10.2660303115845
B31,hg36s-B31s-13,2013-10-28T23:02:20Z,2013-10-28T23:25:00Z,2013-10-28T22:41:04Z,2013-10-29T00:08:36Z,1276,2616,244,1,244,53.598734757597,-10.2660704741292
B31,hg36s-B31s-13,2013-10-29T03:20:24Z,2013-10-29T10:12:28Z,2013-10-29T01:57:48Z,2013-10-29T10:13:32Z,4956,64,245,1,245,53.598201751709,-10.2652997970581
B31,hg36s-B31s-13,2013-10-29T10:20:32Z,2013-10-29T10:52:28Z,2013-10-29T10:25:32Z,2013-10-29T10:25:32Z,300,1616,246,1,246,53.5979995727539,-10.2657098770142
B31,hg36s-B31s-13,2013-10-29T20:37:20Z,2013-10-30T00:37:48Z,2013-10-29T20:37:12Z,2013-10-30T00:36:04Z,8,104,249,1,249,53.5982208251954,-10.2659649848938
B31,hg36s-B31s-13,2013-10-30T03:24:44Z,2013-10-30T03:37:24Z,2013-10-30T04:13:08Z,2013-10-30T04:13:08Z,2904,2144,250,1,250,53.5983653191863,-10.2659790834476
B31,hg36s-B31s-13,2013-10-30T11:55:32Z,2013-10-30T12:51:04Z,2013-10-30T12:06:32Z,2013-10-30T12:47:40Z,660,204,253,1,253,53.5981788635254,-10.2657952308655
B31,hg36s-B31s-13,2013-10-30T15:40:08Z,2013-10-30T19:39:36Z,2013-10-30T14:48:24Z,2013-10-30T19:32:56Z,3104,400,254,1,254,53.5985450744629,-10.2658500671387
B31,hg36s-B31s-13,2013-10-31T05:19:04Z,2013-10-31T11:48:40Z,2013-10-30T23:40:56Z,2013-10-31T11:49:08Z,20288,28,0,1,0,53.5986734743161,-10.2662588483759
B31,hg36s-B31s-13,2013-10-31T11:53:04Z,2013-10-31T12:48:20Z,2013-10-31T11:49:08Z,2013-10-31T12:51:44Z,236,204,1,1,1,53.5974807739258,-10.2667303085327
B31,hg36s-B31s-13,2013-10-31T18:37:40Z,2013-10-31T23:57:36Z,2013-10-31T18:11:04Z,2013-11-01T00:04:16Z,1596,400,2,1,2,53.5987073405817,-10.2657906769716
B31,hg36s-B31s-13,2013-11-01T00:31:52Z,2013-11-01T00:50:56Z,2013-11-01T00:29:52Z,2013-11-01T00:54:48Z,120,232,3,1,3,53.5986824545631,-10.2666905270541
B31,hg36s-B31s-13,2013-11-01T06:15:36Z,2013-11-01T07:58:08Z,2013-11-01T05:00:32Z,2013-11-01T08:03:36Z,4504,328,4,1,4,53.5982093811035,-10.2658996582031
B31,hg36s-B31s-13,2013-11-01T08:01:48Z,2013-11-01T09:16:56Z,2013-11-01T08:03:36Z,2013-11-01T09:15:20Z,108,96,5,1,5,53.5981006622314,-10.2659549713135
B31,hg36s-B31s-13,2013-11-01T09:41:08Z,2013-11-01T11:40:00Z,2013-11-01T09:40:32Z,2013-11-01T11:42:48Z,36,168,6,1,6,53.5983505249023,-10.269570350647
B31,hg36s-B31s-13,2013-11-01T12:01:08Z,2013-11-01T12:17:16Z,2013-11-01T11:54:48Z,2013-11-01T12:24:16Z,380,420,7,1,7,53.5982172176309,-10.2655068306901
B31,hg36s-B31s-13,2013-11-01T12:54:36Z,2013-11-01T13:06:08Z,2013-11-01T12:48:16Z,2013-11-01T13:15:28Z,380,560,8,1,8,53.598477714202,-10.2648028626161
B31,hg36s-B31s-13,2013-11-01T14:44:08Z,2013-11-01T14:58:04Z,2013-11-01T14:41:04Z,2013-11-01T15:05:04Z,184,420,9,1,9,53.5982534461551,-10.2646141754255
B31,hg36s-B31s-13,2013-11-01T18:44:08Z,2013-11-01T22:18:52Z,2013-11-01T18:50:36Z,2013-11-01T18:50:36Z,388,12496,10,1,10,53.5980606079102,-10.2662897109985
B31,hg36s-B31s-13,2013-11-06T08:45:52Z,2013-11-06T10:00:48Z,2013-11-06T10:24:00Z,2013-11-06T10:24:00Z,5888,1392,28,1,28,53.5982874152402,-10.2660128170498
B31,hg36s-B31s-13,2013-11-06T10:55:12Z,2013-11-06T11:27:56Z,2013-11-06T10:54:20Z,2013-11-06T11:30:20Z,52,144,29,1,29,53.5983543395996,-10.2661199569702
B31,hg36s-B31s-13,2013-11-07T10:13:08Z,2013-11-07T10:32:52Z,2013-11-07T10:40:08Z,2013-11-07T10:40:08Z,1620,436,35,1,35,53.5989455855028,-10.2719919530738
B31,hg36s-B31s-13,2013-11-07T12:44:16Z,2013-11-07T16:00:32Z,2013-11-07T12:48:52Z,2013-11-07T16:25:32Z,276,1500,36,1,36,53.5981712341309,-10.2658004760742
B31,hg36s-B31s-13,2013-11-08T00:22:32Z,2013-11-08T00:36:08Z,2013-11-08T00:15:00Z,2013-11-08T00:15:00Z,452,1268,37,1,37,53.5936921427958,-10.2763441422926
B31,hg36s-B31s-13,2013-11-08T04:09:52Z,2013-11-08T04:25:20Z,2013-11-08T04:00:52Z,2013-11-08T04:40:24Z,540,904,38,1,38,53.5981977890554,-10.2609547121312
B31,hg36s-B31s-13,2013-11-08T04:44:04Z,2013-11-08T05:41:20Z,2013-11-08T04:40:24Z,2013-11-08T06:40:40Z,220,3560,39,1,39,53.5986884195365,-10.2661400327661
B31,hg36s-B31s-13,2013-11-08T09:36:00Z,2013-11-08T09:52:28Z,2013-11-08T09:44:08Z,2013-11-08T09:57:32Z,488,304,40,1,40,53.5982093811035,-10.2656097412109
B31,hg36s-B31s-13,2013-11-08T10:00:00Z,2013-11-08T15:54:56Z,2013-11-08T09:57:32Z,2013-11-08T09:57:32Z,148,21444,41,1,41,53.5982956148735,-10.2661058874592
B31,hg36s-B31s-13,2013-11-10T11:58:28Z,2013-11-10T17:05:24Z,2013-11-10T11:54:04Z,2013-11-10T17:02:56Z,264,148,47,1,47,53.5985450744629,-10.2659697532653
B31,hg36s-B31s-13,2013-11-15T22:18:28Z,2013-11-16T00:08:48Z,2013-11-15T22:30:28Z,2013-11-15T22:30:28Z,720,5900,59,1,59,53.5985412597656,-10.26589012146
B31,hg36s-B31s-13,2013-11-20T15:26:20Z,2013-11-20T15:46:16Z,2013-11-20T15:45:20Z,2013-11-20T15:45:20Z,1140,56,71,1,71,53.5985107421875,-10.2665300369263
B31,hg36s-B31s-13,2013-11-20T16:25:48Z,2013-11-20T17:58:04Z,2013-11-20T16:25:08Z,2013-11-20T17:40:04Z,40,1080,72,1,72,53.5983695983887,-10.2656202316284
B31,hg36s-B31s-13,2013-11-20T18:15:28Z,2013-11-20T19:15:00Z,2013-11-20T18:40:28Z,2013-11-20T19:22:12Z,1500,432,73,1,73,53.5981661478678,-10.2658297220866
B31,hg36s-B31s-13,2013-11-21T18:52:36Z,2013-11-21T19:22:00Z,2013-11-21T18:51:56Z,2013-11-21T18:51:56Z,40,1804,78,1,78,53.5980984686081,-10.2661455022491
B31,hg36s-B31s-13,2013-11-22T02:03:48Z,2013-11-22T05:12:48Z,2013-11-22T02:04:28Z,2013-11-22T05:12:24Z,40,24,79,1,79,53.5948009490967,-10.2655048370361
B31,hg36s-B31s-13,2013-11-22T16:28:04Z,2013-11-22T16:42:08Z,2013-11-22T16:24:20Z,2013-11-22T16:36:20Z,224,348,80,1,80,53.5984802246094,-10.2654695510864
B31,hg36s-B31s-13,2013-11-23T00:57:36Z,2013-11-23T05:49:28Z,2013-11-23T00:55:00Z,2013-11-23T05:55:04Z,156,336,81,1,81,53.598730297042,-10.2664412161796
B31,hg36s-B31s-13,2013-11-23T10:30:32Z,2013-11-23T19:50:20Z,2013-11-23T10:26:16Z,2013-11-23T10:26:16Z,256,33844,82,1,82,53.5157789026882,-10.3381938274223
B31,hg36s-B31s-13,2013-11-26T06:10:36Z,2013-11-26T07:13:00Z,2013-11-26T05:54:52Z,2013-11-26T08:02:48Z,944,2988,83,1,83,52.0762949630951,-10.6484686328195
B31,hg36s-B31s-13,2013-11-26T09:32:48Z,2013-11-26T09:43:16Z,2013-11-26T09:23:56Z,2013-11-26T09:47:56Z,532,280,84,1,84,52.0496227741243,-10.6132778048516
B31,hg36s-B31s-13,2013-12-04T03:29:40Z,2013-12-04T10:38:56Z,2013-12-04T03:26:16Z,2013-12-04T10:34:08Z,204,288,89,1,89,48.3710238138835,-4.87931330998739
B31,hg36s-B31s-13,2013-12-04T11:28:04Z,2013-12-04T11:56:24Z,2013-12-04T11:23:44Z,2013-12-04T12:01:52Z,260,328,90,1,90,48.3622512817383,-4.88279008865356
B31,hg36s-B31s-13,2013-12-05T09:43:44Z,2013-12-05T11:11:52Z,2013-12-05T09:41:25Z,2013-12-05T11:14:04Z,139,132,91,1,91,48.4256401062012,-4.97526502609253
B31,hg36s-B31s-13,2013-12-05T18:19:44Z,2013-12-06T05:41:12Z,2013-12-05T18:19:20Z,2013-12-06T05:42:44Z,24,92,92,1,92,48.3711929321289,-4.88014666239421
B31,hg36s-B31s-13,2013-12-06T06:29:32Z,2013-12-06T06:45:04Z,2013-12-06T06:24:32Z,2013-12-06T06:51:24Z,300,380,93,1,93,48.3707695007324,-4.88058996200562
B31,hg36s-B31s-13,2013-12-07T10:42:24Z,2013-12-07T16:01:12Z,2013-12-07T10:47:16Z,2013-12-07T15:58:32Z,292,160,94,1,94,48.4142436981201,-5.00194001197815
B31,hg36s-B31s-13,2013-12-12T12:03:28Z,2013-12-13T06:54:00Z,2013-12-12T12:09:12Z,2013-12-13T06:55:48Z,344,108,100,1,100,48.3708400726319,-4.88043129444122
B31,hg36s-B31s-13,2013-12-15T00:32:24Z,2013-12-15T15:11:24Z,2013-12-15T00:34:24Z,2013-12-15T15:26:52Z,120,928,101,1,101,48.371036529541,-4.88047208786011
B31,hg36s-B31s-13,2013-12-17T22:41:08Z,2013-12-18T14:26:00Z,2013-12-17T22:35:20Z,2013-12-18T14:41:32Z,348,932,102,1,102,48.3708553314209,-4.88047254085541
B31,hg36s-B31s-13,2013-12-21T03:52:36Z,2013-12-21T11:32:04Z,2013-12-21T03:59:36Z,2013-12-21T11:37:52Z,420,348,103,1,103,48.3711494445801,-4.88051795959473
B31,hg36s-B31s-13,2013-12-24T13:19:32Z,2013-12-24T15:38:20Z,2013-12-24T13:29:00Z,2013-12-24T15:42:12Z,568,232,106,1,106,48.3710708618164,-4.88033008575439
B32,hg36-B32-12,2013-06-12T15:30:08Z,2013-06-12T15:49:40Z,2013-06-12T15:25:28Z,2013-06-12T16:01:44Z,280,724,0,1,0,48.345630645752,-4.85648012161255
B32,hg36-B32-12,2013-06-13T23:52:36Z,2013-06-14T00:57:00Z,2013-06-13T23:57:08Z,2013-06-13T23:57:08Z,272,3592,1,1,1,48.3193283081055,-4.87995004653931
B32,hg36-B32-12,2013-06-14T23:06:08Z,2013-06-14T23:23:04Z,2013-06-14T23:06:36Z,2013-06-14T23:24:04Z,28,60,2,1,2,48.319408416748,-4.86468982696533
B32,hg36-B32-12,2013-06-15T00:02:52Z,2013-06-15T01:49:32Z,2013-06-15T00:03:04Z,2013-06-15T00:03:04Z,12,6388,3,1,3,48.3177680969238,-4.87894010543823
B32,hg36-B32-12,2013-06-19T00:41:16Z,2013-06-19T02:30:28Z,2013-06-19T00:44:16Z,2013-06-19T02:39:12Z,180,524,4,1,4,48.3926086425781,-4.8755898475647
B32,hg36-B32-12,2013-06-19T03:36:48Z,2013-06-19T04:25:12Z,2013-06-19T03:42:32Z,2013-06-19T04:39:12Z,344,840,5,1,5,48.393009185791,-4.87589979171753
B32,hg36-B32-12,2013-06-19T04:51:32Z,2013-06-19T05:26:40Z,2013-06-19T04:39:12Z,2013-06-19T05:15:32Z,740,668,6,1,6,48.3932991027832,-4.8760199546814
B32,hg36-B32-12,2013-06-19T19:25:36Z,2013-06-19T19:56:00Z,2013-06-19T19:36:52Z,2013-06-19T20:01:44Z,676,344,7,1,7,48.3933601379395,-4.87573003768921
B32,hg36-B32-12,2013-06-20T04:08:24Z,2013-06-20T05:58:44Z,2013-06-20T04:10:00Z,2013-06-20T06:12:04Z,96,800,8,1,8,48.3188095092773,-4.87713003158569
B32,hg36-B32-12,2013-06-20T06:54:36Z,2013-06-20T07:40:08Z,2013-06-20T06:49:16Z,2013-06-20T07:01:16Z,320,2332,9,1,9,48.318790435791,-4.87638998031616
B32,hg36-B32-12,2013-06-20T18:03:40Z,2013-06-20T20:56:16Z,2013-06-20T18:00:20Z,2013-06-20T21:12:32Z,200,976,10,1,10,48.3188648223877,-4.87729501724244
B32,hg36-B32-12,2013-06-21T03:10:32Z,2013-06-21T04:26:36Z,2013-06-21T03:06:12Z,2013-06-21T04:25:04Z,260,92,11,1,11,48.3180103302002,-4.87850999832153
B32,hg36-B32-12,2013-06-21T06:45:24Z,2013-06-21T08:41:44Z,2013-06-21T06:39:52Z,2013-06-21T08:43:16Z,332,92,12,1,12,48.3234710693359,-4.839280128479
B32,hg36-B32-12,2013-06-24T21:12:24Z,2013-06-24T23:30:44Z,2013-06-24T21:05:56Z,2013-06-24T23:29:56Z,388,48,13,1,13,48.3604946136474,-4.94972014427185
B32,hg36-B32-12,2013-06-24T23:47:20Z,2013-06-25T00:53:32Z,2013-06-24T23:42:12Z,2013-06-25T00:57:08Z,308,216,14,1,14,48.3599815368652,-4.94842004776001
B32,hg36-B32-12,2013-06-25T08:08:00Z,2013-06-25T08:23:48Z,2013-06-25T08:04:56Z,2013-06-25T08:16:56Z,184,412,15,1,15,48.3612518310547,-4.94961023330688
B32,hg36-B32-12,2013-06-25T08:36:04Z,2013-06-25T09:17:28Z,2013-06-25T08:41:00Z,2013-06-25T09:21:44Z,296,256,16,1,16,48.360990524292,-4.9495301246643
B32,hg36-B32-12,2013-06-25T10:09:04Z,2013-06-25T12:26:08Z,2013-06-25T10:09:48Z,2013-06-25T12:09:48Z,44,980,17,1,17,48.3601303100586,-4.94785499572754
B32,hg36-B32-12,2013-06-25T21:50:00Z,2013-06-25T22:14:16Z,2013-06-25T21:55:44Z,2013-06-25T22:11:08Z,344,188,18,1,18,48.3599147796631,-4.94866991043091
B32,hg36-B32-12,2013-06-29T00:41:12Z,2013-06-29T00:54:16Z,2013-06-29T00:39:12Z,2013-06-29T00:51:12Z,120,184,21,1,21,48.3607482910156,-4.94850015640259
B32,hg36-B32-12,2013-06-29T01:06:52Z,2013-06-29T03:15:00Z,2013-06-29T01:03:20Z,2013-06-29T03:18:04Z,212,184,22,1,22,48.3603401184082,-4.94882011413574
B32,hg36-B32-12,2013-06-29T12:47:28Z,2013-06-29T13:18:36Z,2013-06-29T12:46:44Z,2013-06-29T13:34:44Z,44,968,23,1,23,48.3608176151911,-4.94878086149679
B32,hg36-B32-12,2013-06-29T13:25:52Z,2013-06-29T13:37:00Z,2013-06-29T13:34:44Z,2013-06-29T13:34:44Z,532,136,24,1,24,48.3606185913086,-4.94816017150879
B32,hg36-B32-12,2013-06-29T14:19:12Z,2013-06-29T15:31:56Z,2013-06-29T14:24:20Z,2013-06-29T16:08:12Z,308,2176,25,1,25,48.3606910705566,-4.94856023788452
B32,hg36-B32-12,2013-07-04T02:49:32Z,2013-07-04T03:14:00Z,2013-07-04T02:54:48Z,2013-07-04T03:15:04Z,316,64,29,1,29,48.3191184997559,-4.87721014022827
B32,hg36-B32-12,2013-07-04T03:27:24Z,2013-07-04T04:28:12Z,2013-07-04T03:27:08Z,2013-07-04T04:43:24Z,16,912,30,1,30,48.3185997009277,-4.87765979766846
B32,hg36-B32-12,2013-07-04T07:14:56Z,2013-07-04T08:09:04Z,2013-07-04T07:15:44Z,2013-07-04T08:04:04Z,48,300,31,1,31,48.3614196777343,-4.94919490814209
B32,hg36-B32-12,2013-07-05T08:50:08Z,2013-07-05T09:35:24Z,2013-07-05T08:51:44Z,2013-07-05T09:46:52Z,96,688,36,1,36,48.3607406616211,-4.94430017471313
B32,hg36-B32-12,2013-07-05T19:41:56Z,2013-07-05T21:32:12Z,2013-07-05T19:45:36Z,2013-07-05T21:33:36Z,220,84,37,1,37,48.3231201171875,-4.8407998085022
B32,hg36-B32-12,2013-07-07T20:20:24Z,2013-07-07T23:46:16Z,2013-07-07T20:18:32Z,2013-07-08T00:04:08Z,112,1072,38,1,38,48.3599414825439,-4.94796013832092
B32,hg36-B32-12,2013-07-08T09:37:52Z,2013-07-08T10:55:40Z,2013-07-08T09:37:52Z,2013-07-08T10:57:16Z,0,96,42,1,42,48.3599700927734,-4.94785022735596
B32,hg36-B32-12,2013-07-08T11:15:28Z,2013-07-08T11:42:20Z,2013-07-08T11:21:16Z,2013-07-08T11:21:16Z,348,1264,43,1,43,48.3601188659668,-4.94933986663818
B32,hg36-B32-12,2013-07-11T11:08:52Z,2013-07-11T12:50:32Z,2013-07-11T10:54:28Z,2013-07-11T13:05:24Z,864,892,44,1,44,48.3240394592285,-4.83937978744507
B32,hg36-B32-12,2013-07-11T21:16:00Z,2013-07-12T03:04:20Z,2013-07-11T21:15:24Z,2013-07-12T03:08:36Z,36,256,45,1,45,48.3192901611329,-4.88000988960266
B32,hg36-B32-12,2013-07-12T12:18:04Z,2013-07-12T13:43:00Z,2013-07-12T12:18:04Z,2013-07-12T13:56:00Z,0,780,46,1,46,48.3231010437012,-4.83927011489868
B32,hg36-B32-12,2013-07-12T19:32:20Z,2013-07-12T20:51:20Z,2013-07-12T19:28:32Z,2013-07-12T21:24:24Z,228,1984,47,1,47,48.3179893493652,-4.87996006011963
B32,hg36-B32-12,2013-07-12T21:34:44Z,2013-07-12T22:03:20Z,2013-07-12T21:24:24Z,2013-07-12T22:00:24Z,620,176,48,1,48,48.3186912536621,-4.87738990783691
B32,hg36-B32-12,2013-07-12T22:22:44Z,2013-07-13T01:30:28Z,2013-07-12T22:24:32Z,2013-07-13T01:34:16Z,108,228,49,1,49,48.3192863464355,-4.87985014915466
B32,hg36-B32-12,2013-07-15T03:11:44Z,2013-07-15T03:23:44Z,2013-07-15T03:09:24Z,2013-07-15T03:21:24Z,140,140,50,1,50,48.2628288269043,-4.62192010879517
B32,hg36-B32-12,2013-07-15T22:19:52Z,2013-07-16T00:38:16Z,2013-07-15T22:21:00Z,2013-07-16T00:21:00Z,68,1036,51,1,51,48.3189754486084,-4.88000011444092
B32,hg36-B32-12,2013-07-16T00:57:28Z,2013-07-16T05:10:48Z,2013-07-16T00:58:32Z,2013-07-16T05:12:20Z,64,92,52,1,52,48.3154500325521,-4.87234687805176
B32,hg36-B32-12,2013-07-16T22:19:44Z,2013-07-16T22:55:08Z,2013-07-16T22:13:44Z,2013-07-16T22:49:44Z,360,324,53,1,53,48.318229675293,-4.8785400390625
B32,hg36-B32-12,2013-07-16T23:09:12Z,2013-07-17T00:07:12Z,2013-07-16T22:49:44Z,2013-07-17T00:20:36Z,1168,804,54,1,54,48.3190689086914,-4.88002014160156
B32,hg36-B32-12,2013-07-17T17:37:28Z,2013-07-17T18:09:40Z,2013-07-17T17:39:04Z,2013-07-17T18:04:32Z,96,308,57,1,57,48.3613262176514,-4.94936490058899
B32,hg36-B32-12,2013-07-17T20:35:56Z,2013-07-17T21:08:00Z,2013-07-17T20:38:00Z,2013-07-17T21:14:16Z,124,376,58,1,58,48.3606796264648,-4.94959020614624
B32,hg36-B32-12,2013-07-17T21:26:00Z,2013-07-17T21:41:36Z,2013-07-17T21:26:16Z,2013-07-17T21:50:56Z,16,560,59,1,59,48.3612098693848,-4.94983005523682
B32,hg36-B32-12,2013-07-17T21:47:16Z,2013-07-17T22:07:32Z,2013-07-17T21:50:56Z,2013-07-17T21:50:56Z,220,996,60,1,60,48.3602104187012,-4.94872999191284
B32,hg36-B32-12,2013-07-18T04:14:00Z,2013-07-18T05:01:56Z,2013-07-18T04:14:00Z,2013-07-18T05:20:28Z,0,1112,63,1,63,48.3597717285156,-4.94792985916138
B32,hg36-B32-12,2013-07-19T21:39:00Z,2013-07-19T21:52:48Z,2013-07-19T21:42:44Z,2013-07-19T21:55:00Z,224,132,65,1,65,48.324390411377,-4.5790901184082
B32,hg36-B32-12,2013-07-20T07:05:52Z,2013-07-20T07:57:12Z,2013-07-20T07:07:16Z,2013-07-20T08:10:12Z,84,780,66,1,66,48.3229713439941,-4.83933019638062
B32,hg36-B32-12,2013-07-20T16:31:28Z,2013-07-20T17:25:56Z,2013-07-20T16:37:16Z,2013-07-20T16:37:16Z,348,2920,67,1,67,48.3607902526855,-4.94958019256592
B32,hg36-B32-12,2013-07-21T04:28:04Z,2013-07-21T04:50:56Z,2013-07-21T04:30:08Z,2013-07-21T04:30:08Z,124,1248,71,1,71,48.3605995178223,-4.94994020462036
B32,hg36-B32-12,2013-07-21T04:56:24Z,2013-07-21T05:13:56Z,2013-07-21T04:30:08Z,2013-07-21T04:30:08Z,1576,2628,72,1,72,48.3607198511961,-4.9501847192375
B32,hg36-B32-12,2013-07-21T05:25:40Z,2013-07-21T06:03:44Z,2013-07-21T04:30:08Z,2013-07-21T06:53:24Z,3332,2980,73,1,73,48.360855641283,-4.95046064153615
B32,hg36-B32-12,2013-07-21T06:19:56Z,2013-07-21T06:32:44Z,2013-07-21T06:53:24Z,2013-07-21T06:53:24Z,2008,1240,74,1,74,48.3609986445026,-4.95075122075277
B32,hg36-B32-12,2013-07-21T07:33:40Z,2013-07-21T10:02:00Z,2013-07-21T07:34:00Z,2013-07-21T07:34:00Z,20,8880,75,1,75,48.3609085083008,-4.94863986968994
B32,hg36-B32-12,2013-07-21T17:25:16Z,2013-07-21T17:52:52Z,2013-07-21T17:32:48Z,2013-07-21T17:32:48Z,452,1204,76,1,76,48.3611602783203,-4.9486198425293
B32,hg36-B32-12,2013-07-21T17:56:12Z,2013-07-21T18:07:56Z,2013-07-21T17:32:48Z,2013-07-21T17:32:48Z,1404,2108,77,1,77,48.3610955921877,-4.94869800493953
B32,hg36-B32-12,2013-07-25T22:13:32Z,2013-07-26T01:11:04Z,2013-07-26T00:45:28Z,2013-07-26T00:45:28Z,9116,1536,83,1,83,48.3218307495117,-4.87697982788086
B32,hg36-B32-12,2013-07-26T11:08:52Z,2013-07-26T11:37:20Z,2013-07-26T11:08:32Z,2013-07-26T11:08:32Z,20,1728,84,1,84,48.3236044211063,-4.8408535129911
B32,hg36-B32-12,2013-07-26T11:56:56Z,2013-07-26T12:45:36Z,2013-07-26T11:08:32Z,2013-07-26T11:08:32Z,2904,5824,85,1,85,48.3224308613949,-4.83939047205894
B32,hg36-B32-12,2013-07-27T00:07:12Z,2013-07-27T01:52:24Z,2013-07-27T00:04:48Z,2013-07-27T00:28:48Z,144,5016,86,1,86,48.3257904052734,-4.82674980163574
B32,hg36-B32-12,2013-07-29T22:16:32Z,2013-07-30T00:03:28Z,2013-07-29T22:02:28Z,2013-07-29T23:14:36Z,844,2932,87,1,87,48.3192901611328,-4.8780198097229
B32,hg36-B32-12,2013-07-30T00:21:52Z,2013-07-30T06:00:52Z,2013-07-29T23:14:36Z,2013-07-30T06:02:44Z,4036,112,88,1,88,48.3196088310474,-4.87857111973997
B32,hg36-B32-12,2013-07-30T19:56:40Z,2013-07-30T20:31:20Z,2013-07-30T19:42:00Z,2013-07-30T20:18:04Z,880,796,89,1,89,48.319091796875,-4.88009023666382
B32,hg36-B32-12,2013-07-30T22:45:20Z,2013-07-31T01:59:16Z,2013-07-30T22:40:08Z,2013-07-31T02:54:12Z,312,3296,90,1,90,48.3194386165181,-4.87793914791919
B32,hg36-B32-12,2013-07-31T16:23:08Z,2013-07-31T16:50:20Z,2013-07-31T16:25:20Z,2013-07-31T17:15:00Z,132,1480,91,1,91,48.3196716308594,-4.88005018234253
B32,hg36-B32-12,2013-08-04T17:52:24Z,2013-08-04T23:46:20Z,2013-08-04T17:46:56Z,2013-08-04T23:49:52Z,328,212,100,1,100,48.3611488342285,-4.94903993606567
B32,hg36-B32-12,2013-08-07T17:36:52Z,2013-08-07T18:36:56Z,2013-08-07T17:27:36Z,2013-08-07T19:12:24Z,556,2128,104,1,104,48.3609566688538,-4.94962370395661
B32,hg36-B32-12,2013-08-08T10:05:44Z,2013-08-08T10:33:48Z,2013-08-08T09:53:48Z,2013-08-08T10:42:48Z,716,540,108,1,108,48.3226120929328,-4.83775474781874
B32,hg36-B32-12,2013-08-08T20:06:44Z,2013-08-09T01:11:56Z,2013-08-08T20:12:24Z,2013-08-09T01:15:12Z,340,196,109,1,109,48.322380065918,-4.87663984298706
B32,hg36-B32-12,2013-08-14T13:30:40Z,2013-08-14T15:25:08Z,2013-08-14T13:30:40Z,2013-08-14T15:26:24Z,0,76,119,1,119,48.3601112365723,-4.94822978973389
B32,hg36-B32-12,2013-08-14T17:22:00Z,2013-08-14T18:28:28Z,2013-08-14T17:30:24Z,2013-08-14T18:32:40Z,504,252,120,1,120,48.3674697875977,-4.94655990600586
B32,hg36-B32-12,2013-08-14T21:17:48Z,2013-08-14T23:48:56Z,2013-08-14T21:39:32Z,2013-08-14T23:50:40Z,1304,104,121,1,121,48.3606700897217,-4.94979500770568
B32,hg36-B32-12,2013-08-15T10:42:56Z,2013-08-15T12:56:12Z,2013-08-15T10:44:28Z,2013-08-15T12:57:04Z,92,52,124,1,124,48.3600616455078,-4.94854021072388
B32,hg36-B32-12,2013-08-15T13:01:56Z,2013-08-15T14:14:28Z,2013-08-15T12:57:04Z,2013-08-15T14:27:28Z,292,780,125,1,125,48.3611488342285,-4.9496898651123
B32,hg36-B32-12,2013-08-15T14:19:48Z,2013-08-15T14:47:04Z,2013-08-15T14:27:28Z,2013-08-15T14:27:28Z,460,1176,126,1,126,48.3647193908691,-4.94977998733521
B32,hg36-B32-12,2013-08-15T15:06:00Z,2013-08-15T17:07:40Z,2013-08-15T15:13:28Z,2013-08-15T17:10:36Z,448,176,127,1,127,48.3599891662598,-4.94730997085571
B32,hg36-B32-12,2013-08-18T18:35:24Z,2013-08-18T19:12:44Z,2013-08-18T18:33:24Z,2013-08-18T19:26:12Z,120,808,129,1,129,48.3598910245029,-4.94860237415394
B32,hg36-B32-12,2013-08-19T07:24:48Z,2013-08-19T08:10:12Z,2013-08-19T07:35:40Z,2013-08-19T08:34:44Z,652,1472,134,1,134,48.3612289428711,-4.95297002792358
B32,hg36-B32-12,2013-08-19T08:16:40Z,2013-08-19T09:18:32Z,2013-08-19T08:34:44Z,2013-08-19T09:19:08Z,1084,36,135,1,135,48.3598594665527,-4.9480299949646
B32,hg36-B32-12,2013-08-19T09:35:32Z,2013-08-19T10:19:00Z,2013-08-19T09:43:24Z,2013-08-19T10:40:48Z,472,1308,136,1,136,48.3615989685059,-4.95005989074707
B32,hg36-B32-12,2013-08-19T10:57:28Z,2013-08-19T11:11:08Z,2013-08-19T11:04:48Z,2013-08-19T11:04:48Z,440,380,137,1,137,48.3614883422852,-4.94862985610962
B32,hg36-B32-12,2013-08-20T21:53:24Z,2013-08-20T22:44:36Z,2013-08-20T21:31:00Z,2013-08-20T23:09:28Z,1344,1492,140,1,140,48.3116773890753,-4.86003921931383
B32,hg36-B32-12,2013-08-20T23:32:16Z,2013-08-21T00:11:28Z,2013-08-20T23:33:28Z,2013-08-21T00:12:56Z,72,88,141,1,141,48.3224792480469,-4.87678003311157
B32,hg36-B32-12,2013-08-22T22:46:04Z,2013-08-23T01:59:08Z,2013-08-22T23:17:16Z,2013-08-23T02:15:20Z,1872,972,147,1,147,48.3088607788086,-4.57572984695435
B32,hg36-B32-12,2013-08-27T00:36:36Z,2013-08-27T05:46:36Z,2013-08-27T00:46:28Z,2013-08-27T02:46:28Z,592,10808,153,1,153,48.3192405700684,-4.8798348903656
B32,hg36-B32-12,2013-08-27T10:51:36Z,2013-08-27T12:05:04Z,2013-08-27T11:21:04Z,2013-08-27T11:21:04Z,1768,2640,154,1,154,48.3614311218262,-4.94896984100342
B32,hg36-B32-12,2013-08-27T12:09:56Z,2013-08-27T14:03:24Z,2013-08-27T11:21:04Z,2013-08-27T14:04:20Z,2932,56,155,1,155,48.3601505798241,-4.94778644994804
B32,hg36-B32-12,2013-08-27T14:43:24Z,2013-08-27T17:38:40Z,2013-08-27T14:40:36Z,2013-08-27T17:40:24Z,168,104,156,1,156,48.3611793518067,-4.9490602016449
B32,hg36-B32-12,2013-08-28T06:23:00Z,2013-08-28T10:22:00Z,2013-08-28T06:17:12Z,2013-08-28T10:47:12Z,348,1512,159,1,159,48.3601760864258,-4.9493248462677
B32,hg36-B32-12,2013-08-28T10:45:20Z,2013-08-28T13:06:52Z,2013-08-28T10:47:12Z,2013-08-28T12:47:12Z,112,1180,160,1,160,48.3600749969482,-4.94842004776001
B32,hg36-B32-12,2013-08-28T18:53:48Z,2013-08-29T02:36:20Z,2013-08-28T18:57:04Z,2013-08-29T02:49:28Z,196,788,161,1,161,48.3601951599121,-4.94941020011902
B32,hg36-B32-12,2013-09-01T02:47:08Z,2013-09-01T06:21:28Z,2013-09-01T02:49:36Z,2013-09-01T06:42:12Z,148,1244,168,1,168,48.3602733612061,-4.94942021369934
B32,hg36-B32-12,2013-09-02T10:27:20Z,2013-09-02T10:58:12Z,2013-09-02T10:39:32Z,2013-09-02T10:39:32Z,732,1120,169,1,169,48.361141204834,-4.95017004013062
B32,hg36-B32-12,2013-09-02T15:53:36Z,2013-09-02T16:08:04Z,2013-09-02T15:55:28Z,2013-09-02T16:10:00Z,112,116,172,1,172,48.3603591918945,-4.94942998886108
B32,hg36-B32-12,2013-09-02T16:37:32Z,2013-09-02T18:22:24Z,2013-09-02T16:36:08Z,2013-09-02T16:48:08Z,84,5656,173,1,173,48.3607406616211,-4.94932985305786
B32,hg36-B32-12,2013-09-02T18:33:48Z,2013-09-02T22:58:00Z,2013-09-02T16:48:08Z,2013-09-02T22:36:44Z,6340,1276,174,1,174,48.3611907958984,-4.95001983642578
B32,hg36-B32-12,2013-09-03T00:13:24Z,2013-09-03T02:32:00Z,2013-09-03T00:14:16Z,2013-09-03T02:30:28Z,52,92,175,1,175,48.3605105082194,-4.94935671488444
B32,hg36-B32-12,2013-09-03T02:44:40Z,2013-09-03T04:49:32Z,2013-09-03T02:30:28Z,2013-09-03T05:14:56Z,852,1524,176,1,176,48.360969543457,-4.94987010955811
B32,hg36-B32-12,2013-09-03T05:10:12Z,2013-09-03T06:03:24Z,2013-09-03T05:14:56Z,2013-09-03T06:04:16Z,284,52,177,1,177,48.361270904541,-4.94937992095947
B32,hg36-B32-12,2013-09-03T06:36:48Z,2013-09-03T07:26:20Z,2013-09-03T06:40:16Z,2013-09-03T08:01:24Z,208,2104,178,1,178,48.3607215881348,-4.95000982284546
B32,hg36-B32-12,2013-09-07T18:56:00Z,2013-09-07T23:05:00Z,2013-09-07T19:03:00Z,2013-09-07T23:03:00Z,420,120,182,1,182,48.360720316569,-4.94940980275472
B32,hg36-B32-12,2013-09-07T23:25:24Z,2013-09-08T01:25:00Z,2013-09-07T23:27:08Z,2013-09-08T01:28:40Z,104,220,183,1,183,48.3598403930664,-4.94799995422363
B32,hg36-B32-12,2013-09-08T08:25:52Z,2013-09-08T09:26:24Z,2013-09-08T08:36:44Z,2013-09-08T09:13:16Z,652,788,184,1,184,48.3609981536865,-4.94928002357483
B32,hg36-B32-12,2013-09-08T09:41:56Z,2013-09-08T10:01:20Z,2013-09-08T09:49:20Z,2013-09-08T09:49:20Z,444,720,185,1,185,48.3611793518066,-4.94845008850098
B32,hg36-B32-12,2013-09-08T10:09:40Z,2013-09-08T11:51:52Z,2013-09-08T09:49:20Z,2013-09-08T12:11:36Z,1220,1184,186,1,186,48.3600883483887,-4.94872999191284
B32,hg36-B32-12,2013-09-09T02:13:48Z,2013-09-09T03:13:20Z,2013-09-09T01:56:04Z,2013-09-09T03:14:24Z,1064,64,187,1,187,48.3189369769808,-4.87897761324624
B32,hg36-B32-12,2013-09-10T12:11:52Z,2013-09-10T13:54:08Z,2013-09-10T12:13:56Z,2013-09-10T15:09:48Z,124,4540,188,1,188,48.359058380127,-4.94790983200073
B32,hg36-B32-12,2013-09-10T20:20:08Z,2013-09-10T22:47:44Z,2013-09-10T20:08:56Z,2013-09-10T23:00:36Z,672,772,189,1,189,48.3605804443359,-4.95029020309448
B32,hg36-B32-12,2013-09-10T22:56:16Z,2013-09-11T00:19:40Z,2013-09-10T23:00:36Z,2013-09-11T00:19:08Z,260,32,190,1,190,48.3609447479248,-4.94949507713318
B32,hg36-B32-12,2013-09-11T00:24:00Z,2013-09-11T03:07:48Z,2013-09-11T00:19:08Z,2013-09-11T03:10:16Z,292,148,191,1,191,48.3597640991211,-4.94840002059937
B32,hg36-B32-12,2013-09-13T18:33:20Z,2013-09-14T10:06:04Z,2013-09-13T18:38:28Z,2013-09-14T10:53:56Z,308,2872,193,1,193,48.3189445495605,-4.87732601165771
B32,hg36-B32-12,2013-09-14T16:47:48Z,2013-09-14T18:31:44Z,2013-09-14T16:56:48Z,2013-09-14T19:13:44Z,540,2520,194,1,194,48.3232688903809,-4.83972978591919
B32,hg36-B32-12,2013-09-17T20:23:24Z,2013-09-18T00:31:12Z,2013-09-17T20:07:04Z,2013-09-18T00:45:12Z,980,840,195,1,195,48.3193092346191,-4.8762001991272
B32,hg36-B32-12,2013-09-18T05:21:28Z,2013-09-18T10:50:44Z,2013-09-18T05:16:28Z,2013-09-18T10:54:28Z,300,224,196,1,196,48.3193511962891,-4.87800979614258
B32,hg36-B32-12,2013-09-18T20:39:04Z,2013-09-19T01:00:36Z,2013-09-18T20:28:44Z,2013-09-19T01:16:00Z,620,924,197,1,197,48.3184394836426,-4.87762022018433
B32,hg36-B32-12,2013-09-19T01:22:44Z,2013-09-19T02:18:52Z,2013-09-19T01:28:00Z,2013-09-19T02:32:04Z,316,792,198,1,198,48.3172416687012,-4.87898015975952
B32,hg36-B32-12,2013-09-19T02:24:20Z,2013-09-19T02:40:36Z,2013-09-19T02:32:04Z,2013-09-19T02:32:04Z,464,512,199,1,199,48.3196792602539,-4.8786301612854
B32,hg36-B32-12,2013-09-19T05:13:04Z,2013-09-19T06:05:32Z,2013-09-19T05:14:28Z,2013-09-19T06:18:28Z,84,776,200,1,200,48.3184814453125,-4.87919998168945
B32,hg36-B32-12,2013-09-19T06:41:08Z,2013-09-19T10:11:00Z,2013-09-19T06:42:28Z,2013-09-19T11:13:00Z,80,3720,201,1,201,48.3189315795898,-4.87748003005981
B32,hg36-B32-12,2013-09-22T00:28:16Z,2013-09-22T03:58:20Z,2013-09-22T00:09:36Z,2013-09-22T05:03:36Z,1120,3916,202,1,202,48.3196105957031,-4.87942981719971
B32,hg36-B32-12,2013-09-22T10:27:40Z,2013-09-22T12:34:40Z,2013-09-22T10:32:52Z,2013-09-22T12:32:52Z,312,108,203,1,203,48.359769821167,-4.94879007339478
B32,hg36-B32-12,2013-09-22T20:02:56Z,2013-09-22T21:01:00Z,2013-09-22T20:00:48Z,2013-09-22T21:00:12Z,128,48,204,1,204,48.3608303070069,-4.9489300251007
B32,hg36-B32-12,2013-09-23T21:20:56Z,2013-09-24T03:19:32Z,2013-09-23T21:18:04Z,2013-09-24T03:35:56Z,172,984,207,1,207,48.3199901580811,-4.87880992889404
B32,hg36-B32-12,2013-09-25T00:12:08Z,2013-09-25T04:19:36Z,2013-09-25T00:17:16Z,2013-09-25T04:29:24Z,308,588,208,1,208,48.3194198608398,-4.87986993789673
B32,hg36-B32-12,2013-09-25T12:38:56Z,2013-09-25T14:58:52Z,2013-09-25T12:40:08Z,2013-09-25T14:40:08Z,72,1124,209,1,209,48.3190059661866,-4.87896490097046
B32,hg36-B32-12,2013-09-25T21:09:08Z,2013-09-26T00:17:32Z,2013-09-25T21:05:44Z,2013-09-26T00:18:52Z,204,80,210,1,210,48.3198509216309,-4.87938022613525
B32,hg36-B32-12,2013-09-26T00:21:36Z,2013-09-26T04:00:20Z,2013-09-26T00:18:52Z,2013-09-26T04:15:32Z,164,912,211,1,211,48.3192749023438,-4.8800151348114
B32,hg36-B32-12,2013-09-26T21:39:08Z,2013-09-26T22:08:56Z,2013-09-26T21:42:52Z,2013-09-26T22:08:08Z,224,48,212,1,212,48.3196239471436,-4.8792450428009
B32,hg36-B32-12,2013-09-26T22:18:16Z,2013-09-27T05:16:36Z,2013-09-26T22:20:08Z,2013-09-27T05:29:08Z,112,752,213,1,213,48.3196907043457,-4.87911987304688
B32,hg36-B32-12,2013-09-27T23:44:48Z,2013-09-28T06:47:32Z,2013-09-27T23:39:08Z,2013-09-28T06:48:04Z,340,32,214,1,214,48.3197689056396,-4.8793249130249
B32,hg36-B32-12,2013-09-29T00:05:52Z,2013-09-29T06:03:32Z,2013-09-28T23:47:36Z,2013-09-29T06:15:32Z,1096,720,215,1,215,48.3148841857911,-4.87179517745972
B32,hg36-B32-12,2013-09-29T23:22:24Z,2013-09-29T23:37:24Z,2013-09-29T23:29:48Z,2013-09-29T23:29:48Z,444,456,218,1,218,48.3196182250977,-4.87934017181396
B32,hg36-B32-12,2013-09-30T02:17:48Z,2013-09-30T05:47:36Z,2013-09-30T02:17:36Z,2013-09-30T06:16:44Z,12,1748,219,1,219,48.3195762634277,-4.87920999526978
B32,hg36-B32-12,2013-09-30T17:55:40Z,2013-09-30T20:32:24Z,2013-09-30T18:15:32Z,2013-09-30T20:33:28Z,1192,64,220,1,220,48.3607788085938,-4.9503698348999
B32,hg36-B32-12,2013-09-30T22:29:52Z,2013-09-30T22:42:44Z,2013-09-30T22:24:16Z,2013-09-30T22:48:16Z,336,332,221,1,221,48.320162121454,-4.87920455733925
B32,hg36-B32-12,2013-09-30T23:07:04Z,2013-09-30T23:19:32Z,2013-09-30T23:12:16Z,2013-09-30T23:26:08Z,312,396,222,1,222,48.3197708129883,-4.87825012207031
B32,hg36-B32-12,2013-10-02T22:42:12Z,2013-10-02T23:38:40Z,2013-10-02T22:43:08Z,2013-10-02T23:39:44Z,56,64,223,1,223,48.3190383911133,-4.87972021102905
B32,hg36-B32-12,2013-10-03T05:47:12Z,2013-10-03T06:56:48Z,2013-10-03T05:50:32Z,2013-10-03T06:59:00Z,200,132,224,1,224,48.3191299438477,-4.87981986999512
B32,hg36-B32-12,2013-10-03T20:31:12Z,2013-10-03T23:52:32Z,2013-10-03T20:30:12Z,2013-10-04T00:07:00Z,60,868,225,1,225,48.3202781677246,-4.88045978546143
B32,hg36-B32-12,2013-10-04T06:28:12Z,2013-10-04T07:31:36Z,2013-10-04T06:28:32Z,2013-10-04T07:33:28Z,20,112,226,1,226,48.317699432373,-4.87900018692017
B32,hg36-B32-12,2013-10-04T08:07:04Z,2013-10-04T12:01:08Z,2013-10-04T07:45:32Z,2013-10-04T12:03:20Z,1292,132,227,1,227,48.3179359436035,-4.87783002853393
B32,hg36-B32-12,2013-10-04T22:28:24Z,2013-10-04T23:06:04Z,2013-10-04T22:32:16Z,2013-10-04T23:07:16Z,232,72,228,1,228,48.3180618286133,-4.87906980514526
B32,hg36-B32-12,2013-10-04T23:32:20Z,2013-10-05T02:24:12Z,2013-10-04T23:32:00Z,2013-10-05T02:27:16Z,20,184,229,1,229,48.3179817199707,-4.87895011901855
B32,hg36-B32-12,2013-10-12T14:30:00Z,2013-10-12T19:10:36Z,2013-10-12T14:07:56Z,2013-10-12T21:10:16Z,1324,7180,239,1,239,48.3209373627672,-4.58035170514469
B32,hg36-B32-12,2013-10-14T04:54:24Z,2013-10-14T06:32:28Z,2013-10-14T04:55:36Z,2013-10-14T07:00:32Z,72,1684,240,1,240,48.3235702514648,-4.83940982818604
B32,hg36-B32-12,2013-10-14T18:23:40Z,2013-10-14T19:53:16Z,2013-10-14T18:20:28Z,2013-10-14T19:52:24Z,192,52,241,1,241,48.3199939727783,-4.83492994308472
B32,hg36-B32-12,2013-10-15T05:53:36Z,2013-10-15T08:01:12Z,2013-10-15T05:58:24Z,2013-10-15T08:50:36Z,288,2964,242,1,242,48.3365898132324,-4.85707998275757
B32,hg36-B32-12,2013-10-16T19:13:48Z,2013-10-16T22:29:48Z,2013-10-16T19:16:48Z,2013-10-16T22:30:16Z,180,28,245,1,245,48.3410301208496,-4.87415981292725
B32,hg36-B32-12,2013-10-20T08:47:20Z,2013-10-20T14:17:36Z,2013-10-20T08:35:00Z,2013-10-20T14:52:08Z,740,2072,248,1,248,48.3195991516113,-4.87804985046387
B32,hg36-B32-12,2013-10-20T19:03:56Z,2013-10-21T02:33:20Z,2013-10-20T19:08:28Z,2013-10-21T02:48:28Z,272,908,249,1,249,48.3181241353353,-4.87930663426717
B32,hg36-B32-12,2013-10-23T15:02:40Z,2013-10-23T15:26:04Z,2013-10-23T15:04:32Z,2013-10-23T15:37:28Z,112,684,250,1,250,48.3182182312012,-4.87914991378784
B32,hg36-B32-12,2013-10-23T20:47:28Z,2013-10-24T04:23:36Z,2013-10-23T20:48:48Z,2013-10-24T05:01:00Z,80,2244,251,1,251,48.318099975586,-4.87914991378784
B32,hg36-B32-12,2013-10-24T20:59:52Z,2013-10-25T05:58:12Z,2013-10-24T21:00:44Z,2013-10-25T06:00:24Z,52,132,252,1,252,48.317886352539,-4.87916016578674
B32,hg36-B32-12,2013-10-26T18:55:00Z,2013-10-26T19:09:20Z,2013-10-26T18:49:20Z,2013-10-26T19:14:36Z,340,316,253,1,253,48.3722305297852,-4.88158988952637
B32,hg36-B32-12,2013-10-26T23:14:32Z,2013-10-27T00:50:36Z,2013-10-26T23:11:40Z,2013-10-27T01:15:44Z,172,1508,254,1,254,48.3868103027344,-4.9006199836731
B32,hg36-B32-12,2013-10-27T02:01:08Z,2013-10-27T06:13:16Z,2013-10-27T02:09:16Z,2013-10-27T06:09:16Z,488,240,255,1,255,48.3934307098389,-4.87565994262695
B32,hg36-B32-12,2013-10-30T18:24:44Z,2013-10-30T21:11:44Z,2013-10-30T18:19:52Z,2013-10-30T21:11:04Z,292,40,0,1,0,48.3680369059245,-4.88171323140462
B32,hg36-B32-12,2013-10-30T21:39:04Z,2013-10-31T05:53:20Z,2013-10-30T21:35:04Z,2013-10-31T05:47:04Z,240,376,1,1,1,48.3708470662435,-4.87998326619466
B32,hg36-B32-12,2013-10-31T21:54:28Z,2013-10-31T22:06:40Z,2013-10-31T21:54:28Z,2013-10-31T21:54:28Z,0,732,2,1,2,48.3712427622616,-4.87989750934882
B32,hg36-B32-12,2013-10-31T22:20:36Z,2013-11-01T06:39:00Z,2013-10-31T22:18:56Z,2013-11-01T06:30:56Z,100,484,3,1,3,48.3710289001465,-4.88043999671936
B32,hg36-B32-12,2013-11-06T03:12:04Z,2013-11-06T04:01:16Z,2013-11-06T03:17:32Z,2013-11-06T04:02:04Z,328,48,8,1,8,48.887451171875,-3.48697996139526
B32,hg36-B32-12,2013-11-06T08:59:40Z,2013-11-06T19:22:08Z,2013-11-06T09:03:08Z,2013-11-06T19:23:20Z,208,72,9,1,9,48.8814366658528,-3.4975966612498
B32,hg36-B32-12,2013-11-06T19:47:44Z,2013-11-07T15:31:36Z,2013-11-06T19:59:24Z,2013-11-07T15:27:52Z,700,224,10,1,10,48.8823623657227,-3.49660873413086
B32,hg36-B32-12,2013-11-07T18:59:04Z,2013-11-07T23:06:44Z,2013-11-07T19:01:08Z,2013-11-07T23:01:08Z,124,336,11,1,11,48.882640838623,-3.49608333905538
B32,hg36-B32-12,2013-11-08T02:01:32Z,2013-11-08T02:52:52Z,2013-11-08T01:55:00Z,2013-11-08T02:32:00Z,392,1252,12,1,12,48.88037109375,-3.49652004241943
B32,hg36-B32-12,2013-11-08T07:10:48Z,2013-11-08T15:56:20Z,2013-11-08T06:59:32Z,2013-11-08T16:05:24Z,676,544,13,1,13,48.8824729919434,-3.49589800834656
B32,hg36-B32-12,2013-11-08T18:20:40Z,2013-11-08T23:13:16Z,2013-11-08T18:19:36Z,2013-11-08T22:31:36Z,64,2500,14,1,14,48.8825670878093,-3.49585334459941
B32,hg36-B32-12,2013-11-09T04:17:16Z,2013-11-09T04:59:44Z,2013-11-09T04:22:04Z,2013-11-09T05:05:24Z,288,340,15,1,15,48.8824481964111,-3.49480998516082
B32,hg36-B32-12,2013-11-09T05:56:56Z,2013-11-09T10:37:24Z,2013-11-09T05:54:04Z,2013-11-09T10:35:44Z,172,100,16,1,16,48.882506052653,-3.4960466225942
B32,hg36-B32-12,2013-11-09T12:08:36Z,2013-11-09T14:22:28Z,2013-11-09T12:09:36Z,2013-11-09T14:38:48Z,60,980,17,1,17,48.8822883605957,-3.49598898887634
B32,hg36-B32-12,2013-11-09T16:51:00Z,2013-11-09T18:45:16Z,2013-11-09T16:53:52Z,2013-11-09T18:46:40Z,172,84,18,1,18,48.8809585571289,-3.49651002883911
B32,hg36-B32-12,2013-11-13T16:04:32Z,2013-11-13T18:41:48Z,2013-11-13T16:11:44Z,2013-11-13T18:40:28Z,432,80,32,1,32,48.8818759918213,-3.49583745002747
B32,hg36-B32-12,2013-11-13T20:00:44Z,2013-11-14T04:44:16Z,2013-11-13T20:05:00Z,2013-11-14T04:42:28Z,256,108,33,1,33,48.8818998336792,-3.49649000167847
B32,hg36-B32-12,2013-11-14T16:22:44Z,2013-11-14T16:55:48Z,2013-11-14T16:25:36Z,2013-11-14T17:00:28Z,172,280,37,1,37,48.8825187683105,-3.49744009971619
B32,hg36-B32-12,2013-11-15T02:30:56Z,2013-11-15T04:46:52Z,2013-11-15T02:36:44Z,2013-11-15T04:36:44Z,348,608,40,1,40,48.8823757171631,-3.49731492996216
B32,hg36-B32-12,2013-11-15T06:57:12Z,2013-11-15T08:38:12Z,2013-11-15T07:03:00Z,2013-11-15T08:36:04Z,348,128,41,1,41,48.8812808990479,-3.49862003326416
B32,hg36-B32-12,2013-11-15T18:29:56Z,2013-11-16T01:34:28Z,2013-11-15T18:28:56Z,2013-11-16T01:58:48Z,60,1460,45,1,45,48.8817773298784,-3.49813370271163
B32,hg36-B32-12,2013-11-16T01:57:24Z,2013-11-16T03:08:40Z,2013-11-16T01:58:48Z,2013-11-16T03:07:20Z,84,80,46,1,46,48.8820991516113,-3.50579500198364
B32,hg36-B32-12,2013-11-16T06:42:56Z,2013-11-16T09:59:44Z,2013-11-16T06:45:04Z,2013-11-16T10:00:48Z,128,64,47,1,47,48.8815746307373,-3.49877500534057
B32,hg36-B32-12,2013-11-16T10:26:20Z,2013-11-16T12:01:12Z,2013-11-16T10:25:16Z,2013-11-16T11:58:32Z,64,160,48,1,48,48.8814080556234,-3.50043495496114
B32,hg36-B32-12,2013-11-16T12:11:56Z,2013-11-16T14:06:32Z,2013-11-16T12:10:32Z,2013-11-16T14:35:52Z,84,1760,49,1,49,48.8814506530762,-3.49890995025635
B32,hg36-B32-12,2013-11-16T20:50:24Z,2013-11-16T21:46:52Z,2013-11-16T20:48:20Z,2013-11-16T21:48:08Z,124,76,52,1,52,48.8816658390007,-3.50205566053804
B32,hg36-B32-12,2013-11-16T22:35:24Z,2013-11-16T23:30:24Z,2013-11-16T22:36:16Z,2013-11-16T23:33:20Z,52,176,53,1,53,48.8807182312012,-3.49930000305176
B32,hg36-B32-12,2013-11-17T03:57:52Z,2013-11-17T05:16:24Z,2013-11-17T03:52:56Z,2013-11-17T04:58:56Z,296,1048,56,1,56,48.8823331197103,-3.49715669949849
B32,hg36-B32-12,2013-11-17T05:36:28Z,2013-11-17T06:03:44Z,2013-11-17T05:35:44Z,2013-11-17T05:59:44Z,44,240,57,1,57,48.8824081420898,-3.49850010871887
B32,hg36-B32-12,2013-11-17T08:50:40Z,2013-11-17T12:21:36Z,2013-11-17T08:50:40Z,2013-11-17T12:18:48Z,0,168,58,1,58,48.8814740862165,-3.50126429966518
B32,hg36-B32-12,2013-11-17T14:22:04Z,2013-11-17T14:57:36Z,2013-11-17T14:19:16Z,2013-11-17T14:31:16Z,168,1580,59,1,59,48.8825988769531,-3.49745011329651
B32,hg36-B32-12,2013-11-17T16:17:20Z,2013-11-17T16:53:52Z,2013-11-17T16:18:40Z,2013-11-17T16:18:40Z,80,2112,60,1,60,48.8823204040527,-3.49768996238708
B32,hg36-B32-12,2013-11-17T18:22:28Z,2013-11-17T18:47:44Z,2013-11-17T18:21:44Z,2013-11-17T18:46:48Z,44,56,61,1,61,48.8823852539063,-3.4975700378418
B32,hg36-B32-12,2013-11-18T02:17:00Z,2013-11-18T02:54:40Z,2013-11-18T02:18:56Z,2013-11-18T02:57:00Z,116,140,64,1,64,48.881950378418,-3.49849009513855
B32,hg36-B32-12,2013-11-18T04:28:28Z,2013-11-18T05:11:16Z,2013-11-18T04:32:24Z,2013-11-18T05:26:20Z,236,904,65,1,65,48.8825607299805,-3.49761009216309
B32,hg36-B32-12,2013-11-18T06:30:04Z,2013-11-18T07:11:28Z,2013-11-18T07:28:36Z,2013-11-18T07:28:36Z,3512,1028,66,1,66,48.8819945417548,-3.49680268465498
B32,hg36-B32-12,2013-11-18T17:06:48Z,2013-11-18T17:44:20Z,2013-11-18T17:18:40Z,2013-11-18T17:18:40Z,712,1540,69,1,69,48.8821105957031,-3.49761009216309
B32,hg36-B32-12,2013-11-18T18:09:04Z,2013-11-18T18:52:44Z,2013-11-18T18:13:52Z,2013-11-18T18:51:08Z,288,96,70,1,70,48.8810043334961,-3.49744498729706
B32,hg36-B32-12,2013-11-19T05:38:32Z,2013-11-19T08:39:40Z,2013-11-19T05:49:20Z,2013-11-19T08:04:56Z,648,2084,74,1,74,48.8832130432129,-3.49780662854512
B32,hg36-B32-12,2013-11-19T10:22:12Z,2013-11-19T12:45:16Z,2013-11-19T10:21:48Z,2013-11-19T12:25:40Z,24,1176,75,1,75,48.88103612264,-3.49921337763469
B32,hg36-B32-12,2013-11-19T14:18:24Z,2013-11-19T15:54:52Z,2013-11-19T14:16:24Z,2013-11-19T15:51:20Z,120,212,76,1,76,48.8816452026367,-3.49840998649598
B32,hg36-B32-12,2013-11-19T17:36:36Z,2013-11-19T20:34:56Z,2013-11-19T17:31:48Z,2013-11-19T20:34:04Z,288,52,77,1,77,48.8823356628418,-3.49751996994018
B32,hg36-B32-12,2013-11-20T12:49:28Z,2013-11-20T15:26:04Z,2013-11-20T12:47:48Z,2013-11-20T15:21:52Z,100,252,82,1,82,48.8814258575439,-3.49715006351471
B32,hg36-B32-12,2013-11-20T23:30:00Z,2013-11-21T03:17:16Z,2013-11-20T20:54:56Z,2013-11-21T03:39:20Z,9304,1324,83,1,83,48.8804051722782,-3.49668299344126
B32,hg36-B32-12,2013-11-21T03:42:36Z,2013-11-21T04:33:04Z,2013-11-21T03:39:20Z,2013-11-21T04:40:48Z,196,464,84,1,84,48.881061752551,-3.49668975791806
B32,hg36-B32-12,2013-11-22T21:59:28Z,2013-11-23T05:18:20Z,2013-11-22T22:00:08Z,2013-11-23T05:44:24Z,40,1564,85,1,85,48.3180999755859,-4.87943983078003
B32,hg36-B32-12,2013-11-23T11:57:32Z,2013-11-23T15:50:04Z,2013-11-23T11:26:24Z,2013-11-23T16:04:08Z,1868,844,86,1,86,48.319149017334,-4.87976980209351
B32,hg36-B32-12,2013-11-23T18:06:56Z,2013-11-23T18:55:52Z,2013-11-23T18:08:52Z,2013-11-23T18:59:53Z,116,241,87,1,87,48.3181190490723,-4.87940502166748
B32,hg36-B32-12,2013-11-23T19:07:44Z,2013-11-23T20:37:20Z,2013-11-23T19:11:56Z,2013-11-23T20:47:04Z,252,584,88,1,88,48.3184700012207,-4.87928009033203
B32,hg36-B32-12,2013-11-23T20:46:16Z,2013-11-24T05:43:56Z,2013-11-23T20:47:04Z,2013-11-24T05:46:20Z,48,144,89,1,89,48.3136901855469,-4.87075996398926
B32,hg36-B32-12,2013-11-25T18:08:32Z,2013-11-26T06:41:52Z,2013-11-25T17:55:28Z,2013-11-26T08:17:52Z,784,5760,90,1,90,48.3151054594645,-4.84636312196015
B32,hg36-B32-12,2013-11-28T02:34:40Z,2013-11-28T07:39:28Z,2013-11-28T02:30:48Z,2013-11-28T08:40:36Z,232,3668,91,1,91,48.3178482055664,-4.87932014465332
B32,hg36-B32-12,2013-12-03T04:03:56Z,2013-12-03T09:15:16Z,2013-12-03T03:30:44Z,2013-12-03T09:33:04Z,1992,1068,94,1,94,48.3178901672363,-4.87943983078003
B32,hg36-B32-12,2013-12-05T23:20:44Z,2013-12-06T03:53:28Z,2013-12-05T23:17:56Z,2013-12-06T05:01:04Z,168,4056,95,1,95,48.3177490234375,-4.87813997268677
B32,hg36-B32-12,2013-12-06T04:03:36Z,2013-12-06T04:29:16Z,2013-12-06T05:01:04Z,2013-12-06T05:01:04Z,3448,1908,96,1,96,48.316856542061,-4.86172832296217
B32,hg36-B32-12,2013-12-08T00:57:08Z,2013-12-08T02:37:52Z,2013-12-07T23:58:16Z,2013-12-08T05:08:52Z,3532,9060,97,1,97,48.0750663599299,-4.64616864104719
B32,hg36-B32-12,2013-12-08T13:30:08Z,2013-12-08T14:50:28Z,2013-12-08T13:21:04Z,2013-12-08T14:52:04Z,544,96,98,1,98,48.0454788208008,-4.88681983947754
B32,hg36-B32-12,2013-12-08T16:34:48Z,2013-12-08T18:32:28Z,2013-12-08T16:56:08Z,2013-12-08T18:33:36Z,1280,68,99,1,99,48.046989440918,-4.88471984863281
B32,hg36-B32-12,2013-12-08T19:20:16Z,2013-12-08T20:19:20Z,2013-12-08T19:23:24Z,2013-12-08T20:14:08Z,188,312,100,1,100,48.0471496582031,-4.88514494895935
B32,hg36-B32-12,2013-12-08T20:35:52Z,2013-12-08T23:08:36Z,2013-12-08T20:38:48Z,2013-12-08T23:11:08Z,176,152,101,1,101,48.0450897216797,-4.886549949646
B33,hg36-B33-12,2013-06-14T11:57:32Z,2013-06-14T14:36:40Z,2013-06-14T12:06:28Z,2013-06-14T14:44:08Z,536,448,2,1,2,48.4003505706787,-4.98217010498047
B33,hg36-B33-12,2013-06-14T22:26:32Z,2013-06-15T00:06:24Z,2013-06-14T22:23:24Z,2013-06-15T00:07:38Z,188,74,3,1,3,48.4182205200195,-4.97274017333984
B33,hg36-B33-12,2013-06-15T00:16:36Z,2013-06-15T05:37:24Z,2013-06-15T00:19:40Z,2013-06-15T05:49:08Z,184,704,4,1,4,48.420399983724,-4.97487322489421
B33,hg36-B33-12,2013-06-15T12:22:48Z,2013-06-15T13:17:28Z,2013-06-15T12:26:00Z,2013-06-15T13:30:12Z,192,764,5,1,5,48.425651550293,-4.97611999511719
B33,hg36-B33-12,2013-06-16T01:15:16Z,2013-06-16T04:11:48Z,2013-06-16T01:20:40Z,2013-06-16T04:07:40Z,324,248,6,1,6,48.4184061686198,-4.97298002243042
B33,hg36-B33-12,2013-06-16T14:15:36Z,2013-06-16T16:32:20Z,2013-06-16T14:10:56Z,2013-06-16T16:34:56Z,280,156,7,1,7,48.428575515747,-4.97632503509521
B33,hg36-B33-12,2013-06-17T04:03:44Z,2013-06-17T05:25:16Z,2013-06-17T04:02:12Z,2013-06-17T05:21:56Z,92,200,8,1,8,48.4284381866455,-4.97599506378174
B33,hg36-B33-12,2013-06-18T02:21:20Z,2013-06-18T06:44:16Z,2013-06-18T02:26:12Z,2013-06-18T06:58:04Z,292,828,9,1,9,48.3611450195313,-4.95002007484436
B33,hg36-B33-12,2013-06-18T13:59:20Z,2013-06-18T20:13:32Z,2013-06-18T14:03:08Z,2013-06-18T20:21:56Z,228,504,10,1,10,48.3612241744995,-4.94917500019073
B33,hg36-B33-12,2013-06-20T06:49:16Z,2013-06-20T07:38:48Z,2013-06-20T06:47:08Z,2013-06-20T07:41:28Z,128,160,11,1,11,48.3162612915039,-4.89450979232788
B33,hg36-B33-12,2013-06-20T18:20:44Z,2013-06-20T19:04:16Z,2013-06-20T18:28:24Z,2013-06-20T19:14:12Z,460,596,12,1,12,48.3157386779785,-4.89328002929688
B33,hg36-B33-12,2013-06-22T07:21:24Z,2013-06-22T10:12:32Z,2013-06-22T07:19:28Z,2013-06-22T10:18:20Z,116,348,13,1,13,48.3164100646972,-4.89438343048096
B33,hg36-B33-12,2013-06-23T07:51:32Z,2013-06-23T11:07:28Z,2013-06-23T07:52:36Z,2013-06-23T11:20:04Z,64,756,14,1,14,48.3606605529785,-4.94905996322632
B33,hg36-B33-12,2013-06-23T22:31:48Z,2013-06-23T23:14:12Z,2013-06-23T22:28:56Z,2013-06-23T23:13:04Z,172,68,15,1,15,48.3607349395752,-4.94881510734558
B33,hg36-B33-12,2013-06-23T23:30:44Z,2013-06-24T00:27:24Z,2013-06-23T23:37:28Z,2013-06-24T00:56:04Z,404,1720,16,1,16,48.3605117797852,-4.94941997528076
B33,hg36-B33-12,2013-06-24T08:08:20Z,2013-06-24T09:34:40Z,2013-06-24T08:04:32Z,2013-06-24T09:44:56Z,228,616,17,1,17,48.3606052398682,-4.94986987113952
B33,hg36-B33-12,2013-06-24T09:42:36Z,2013-06-24T11:43:12Z,2013-06-24T09:44:56Z,2013-06-24T11:42:32Z,140,40,18,1,18,48.3601436614991,-4.94875502586365
B33,hg36-B33-12,2013-06-25T08:42:16Z,2013-06-25T10:07:40Z,2013-06-25T08:36:24Z,2013-06-25T10:09:04Z,352,84,19,1,19,48.413501739502,-5.00328016281128
B33,hg36-B33-12,2013-06-25T10:16:52Z,2013-06-25T12:51:00Z,2013-06-25T10:21:04Z,2013-06-25T12:21:04Z,252,1796,20,1,20,48.41184425354,-5.0056049823761
B33,hg36-B33-12,2013-06-26T09:06:40Z,2013-06-26T10:13:56Z,2013-06-26T09:12:20Z,2013-06-26T10:19:40Z,340,344,21,1,21,48.3610057830811,-4.94913995265961
B33,hg36-B33-12,2013-06-26T10:34:16Z,2013-06-26T13:50:20Z,2013-06-26T10:31:40Z,2013-06-26T14:46:04Z,156,3344,22,1,22,48.3605842590332,-4.94869494438171
B33,hg36-B33-12,2013-06-26T21:48:04Z,2013-06-27T02:10:16Z,2013-06-26T21:45:24Z,2013-06-27T01:57:24Z,160,772,23,1,23,48.360336303711,-4.94937992095947
B33,hg36-B33-12,2013-06-27T10:11:28Z,2013-06-27T11:10:28Z,2013-06-27T10:11:20Z,2013-06-27T11:11:28Z,8,60,24,1,24,48.360668182373,-4.94956016540527
B33,hg36-B33-12,2013-06-27T11:22:00Z,2013-06-27T14:43:48Z,2013-06-27T11:23:28Z,2013-06-27T14:41:44Z,88,124,25,1,25,48.3630727132162,-4.95432996749878
B33,hg36-B33-12,2013-06-28T10:25:16Z,2013-06-28T17:08:56Z,2013-06-28T10:37:36Z,2013-06-28T17:07:20Z,740,96,26,1,26,48.3161821365357,-4.89546000957489
B33,hg36-B33-12,2013-06-29T13:46:40Z,2013-06-29T15:46:12Z,2013-06-29T13:41:24Z,2013-06-29T15:51:24Z,316,312,27,1,27,48.3156604766845,-4.89479494094849
B33,hg36-B33-12,2013-06-29T23:47:44Z,2013-06-30T06:29:52Z,2013-06-29T23:41:20Z,2013-06-29T23:41:20Z,384,24512,28,1,28,48.3097413349585,-4.88224038985356
B33,hg36-B33-12,2013-07-01T13:53:20Z,2013-07-01T18:54:04Z,2013-07-01T13:58:16Z,2013-07-01T18:53:00Z,296,64,29,1,29,48.3603296279907,-4.94965505599976
B33,hg36-B33-12,2013-07-03T17:39:24Z,2013-07-03T21:41:36Z,2013-07-03T17:38:04Z,2013-07-03T22:07:52Z,80,1576,30,1,30,48.3163738250732,-4.89523005485534
B33,hg36-B33-12,2013-07-04T16:20:40Z,2013-07-04T22:53:24Z,2013-07-04T16:17:52Z,2013-07-04T22:56:20Z,168,176,31,1,31,48.3161277770996,-4.89549243450165
B33,hg36-B33-12,2013-07-09T02:36:12Z,2013-07-09T03:04:40Z,2013-07-09T02:35:04Z,2013-07-09T03:03:40Z,68,60,32,1,32,49.8786296844482,-6.41693997383117
B33,hg36-B33-12,2013-07-09T08:23:56Z,2013-07-09T13:37:56Z,2013-07-09T08:28:56Z,2013-07-09T13:36:40Z,300,76,33,1,33,49.8779592514038,-6.41741251945496
B33,hg36-B33-12,2013-07-09T20:55:48Z,2013-07-10T02:52:36Z,2013-07-09T20:58:24Z,2013-07-10T02:53:16Z,156,40,34,1,34,49.8770561218262,-6.41773001352946
B33,hg36-B33-12,2013-07-10T09:19:52Z,2013-07-10T12:57:48Z,2013-07-10T09:22:36Z,2013-07-10T12:55:04Z,164,164,35,1,35,49.8768100738526,-6.4179048538208
B33,hg36-B33-12,2013-07-10T13:09:12Z,2013-07-10T14:50:08Z,2013-07-10T13:07:04Z,2013-07-10T14:48:48Z,128,80,36,1,36,49.8768291473389,-6.41839504241943
B33,hg36-B33-12,2013-07-10T20:59:48Z,2013-07-11T04:00:40Z,2013-07-10T20:59:28Z,2013-07-11T04:04:04Z,20,204,37,1,37,49.877124786377,-6.41729998588562
B33,hg36-B33-12,2013-07-11T09:02:28Z,2013-07-11T16:08:44Z,2013-07-11T09:00:56Z,2013-07-11T16:10:36Z,92,112,38,1,38,49.8770446777344,-6.41768995920817
B33,hg36-B33-12,2013-07-11T21:49:40Z,2013-07-12T04:15:36Z,2013-07-11T22:00:00Z,2013-07-12T04:18:04Z,620,148,39,1,39,49.8769054412842,-6.41774487495423
B33,hg36-B33-12,2013-07-12T09:14:00Z,2013-07-12T14:28:40Z,2013-07-12T09:14:04Z,2013-07-12T14:30:32Z,4,112,40,1,40,49.8775815963745,-6.41849255561829
B33,hg36-B33-12,2013-07-12T14:46:20Z,2013-07-12T15:54:56Z,2013-07-12T14:54:36Z,2013-07-12T16:02:20Z,496,444,41,1,41,49.8769187927246,-6.41780996322632
B33,hg36-B33-12,2013-07-12T22:05:04Z,2013-07-13T05:18:08Z,2013-07-12T22:08:24Z,2013-07-13T05:39:16Z,200,1268,42,1,42,49.877249399821,-6.41812674204508
B33,hg36-B33-12,2013-07-13T10:04:24Z,2013-07-13T17:31:04Z,2013-07-13T10:14:52Z,2013-07-13T17:27:20Z,628,224,43,1,43,49.8791675567627,-6.41848254203797
B33,hg36-B33-12,2013-07-13T23:00:40Z,2013-07-14T05:55:08Z,2013-07-13T23:01:24Z,2013-07-14T05:51:04Z,44,244,44,1,44,49.8790740966797,-6.41850662231445
B33,hg36-B33-12,2013-07-14T11:08:52Z,2013-07-14T18:01:52Z,2013-07-14T11:16:48Z,2013-07-14T18:40:56Z,476,2344,45,1,45,49.8789952596029,-6.41835657755534
B33,hg36-B33-12,2013-07-15T02:58:56Z,2013-07-15T05:49:52Z,2013-07-15T02:55:36Z,2013-07-15T06:11:02Z,200,1270,46,1,46,49.8779792785645,-6.41806507110596
B33,hg36-B33-12,2013-07-15T12:51:24Z,2013-07-15T17:51:08Z,2013-07-15T12:48:28Z,2013-07-15T18:04:28Z,176,800,47,1,47,49.8777885437012,-6.41793012619019
B33,hg36-B33-12,2013-07-16T00:42:12Z,2013-07-16T06:50:08Z,2013-07-16T00:45:04Z,2013-07-16T06:45:04Z,172,304,48,1,48,49.8769006729126,-6.41763997077942
B33,hg36-B33-12,2013-07-16T12:29:04Z,2013-07-16T19:52:04Z,2013-07-16T12:35:32Z,2013-07-16T19:51:04Z,388,60,49,1,49,49.8767951965332,-6.4176100730896
B33,hg36-B33-12,2013-07-17T01:46:40Z,2013-07-17T07:41:48Z,2013-07-17T01:51:44Z,2013-07-17T07:43:28Z,304,100,50,1,50,49.8768399556478,-6.41763003667195
B33,hg36-B33-12,2013-07-17T13:07:08Z,2013-07-17T13:21:44Z,2013-07-17T13:11:20Z,2013-07-17T13:11:20Z,252,624,51,1,51,49.876651763916,-6.41754007339478
B33,hg36-B33-12,2013-07-17T13:28:16Z,2013-07-17T20:50:20Z,2013-07-17T13:35:56Z,2013-07-17T21:11:48Z,460,1288,52,1,52,49.8769594828288,-6.41748666763306
B33,hg36-B33-12,2013-07-20T07:09:16Z,2013-07-20T08:43:04Z,2013-07-20T07:10:20Z,2013-07-20T07:10:20Z,64,5564,53,1,53,48.4117584228516,-5.00565004348755
B33,hg36-B33-12,2013-07-23T20:28:56Z,2013-07-24T00:47:16Z,2013-07-23T20:34:00Z,2013-07-23T22:34:00Z,304,7996,54,1,54,48.3166007995605,-4.89385986328125
B33,hg36-B33-12,2013-07-24T10:56:52Z,2013-07-24T12:54:32Z,2013-07-24T10:53:52Z,2013-07-24T11:29:52Z,180,5080,55,1,55,48.3197288513184,-4.8351001739502
B33,hg36-B33-12,2013-07-24T20:28:40Z,2013-07-25T02:33:04Z,2013-07-24T20:33:32Z,2013-07-24T22:33:32Z,292,14372,56,1,56,48.315969467163,-4.89559483528138
B33,hg36-B33-12,2013-07-25T21:09:16Z,2013-07-25T22:28:16Z,2013-07-25T21:15:36Z,2013-07-25T22:50:28Z,380,1332,57,1,57,48.3161506652832,-4.89563989639282
B33,hg36-B33-12,2013-07-25T22:40:00Z,2013-07-26T02:03:40Z,2013-07-25T22:50:28Z,2013-07-25T22:50:28Z,628,11592,58,1,58,48.3165016174316,-4.89433002471924
B33,hg36-B33-12,2013-07-26T10:50:00Z,2013-07-26T13:00:08Z,2013-07-26T10:56:00Z,2013-07-26T10:56:00Z,360,7448,59,1,59,48.3165092468262,-4.89452981948853
B33,hg36-B33-12,2013-07-27T10:49:04Z,2013-07-27T14:18:16Z,2013-07-27T10:57:56Z,2013-07-27T10:57:56Z,532,12020,60,1,60,48.3164100646973,-4.89469003677368
B33,hg36-B33-12,2013-07-27T22:09:32Z,2013-07-28T04:00:56Z,2013-07-27T22:11:24Z,2013-07-27T22:11:24Z,112,20972,61,1,61,48.3162307739258,-4.89554023742676
B33,hg36-B33-12,2013-07-28T23:13:20Z,2013-07-29T05:42:56Z,2013-07-28T23:23:08Z,2013-07-29T05:23:08Z,588,1188,62,1,62,48.3190040588379,-4.8798500696818
B33,hg36-B33-12,2013-07-29T11:29:28Z,2013-07-29T17:58:16Z,2013-07-29T11:20:20Z,2013-07-29T18:04:52Z,548,396,63,1,63,48.3192977905273,-4.88019673029582
B33,hg36-B33-12,2013-07-29T23:52:36Z,2013-07-30T06:37:52Z,2013-07-29T22:58:52Z,2013-07-30T06:43:24Z,3224,332,64,1,64,48.319450378418,-4.88001012802124
B33,hg36-B33-12,2013-07-31T00:56:52Z,2013-07-31T07:44:36Z,2013-07-31T00:55:40Z,2013-07-31T07:30:48Z,72,828,65,1,65,48.3192771911621,-4.87995595932007
B33,hg36-B33-12,2013-08-01T15:17:52Z,2013-08-01T20:42:56Z,2013-08-01T15:25:36Z,2013-08-01T20:42:00Z,464,56,66,1,66,48.3158702850342,-4.89533007144928
B33,hg36-B33-12,2013-08-03T05:39:32Z,2013-08-03T10:20:00Z,2013-08-03T05:44:16Z,2013-08-03T10:46:56Z,284,1616,67,1,67,48.3192265828451,-4.87980000178019
B33,hg36-B33-12,2013-08-04T08:00:40Z,2013-08-04T11:44:00Z,2013-08-04T08:05:04Z,2013-08-04T11:31:08Z,264,772,68,1,68,48.3192532857259,-4.87976662317912
B33,hg36-B33-12,2013-08-06T18:44:56Z,2013-08-07T01:31:44Z,2013-08-06T18:43:56Z,2013-08-07T01:34:32Z,60,168,69,1,69,48.3161849975586,-4.89543747901916
B33,hg36-B33-12,2013-08-07T07:12:32Z,2013-08-07T08:55:44Z,2013-08-07T07:03:32Z,2013-08-07T08:57:08Z,540,84,70,1,70,48.3160779375426,-4.8952827655094
B33,hg36-B33-12,2013-08-07T09:03:44Z,2013-08-07T11:44:40Z,2013-08-07T09:09:08Z,2013-08-07T11:50:44Z,324,364,71,1,71,48.3163394927979,-4.89447999000549
B33,hg36-B33-12,2013-08-07T19:16:24Z,2013-08-08T01:46:32Z,2013-08-07T19:16:36Z,2013-08-08T02:16:20Z,12,1788,72,1,72,48.316089630127,-4.89525985717773
B33,hg36-B33-12,2013-08-08T07:46:12Z,2013-08-08T09:37:36Z,2013-08-08T07:48:36Z,2013-08-08T09:51:40Z,144,844,73,1,73,48.315128326416,-4.89540004730225
B33,hg36-B33-12,2013-08-09T20:04:24Z,2013-08-10T03:10:08Z,2013-08-09T20:04:24Z,2013-08-10T03:11:36Z,0,88,74,1,74,48.3161811828613,-4.89565992355347
B33,hg36-B33-12,2013-08-10T08:47:00Z,2013-08-10T14:55:12Z,2013-08-10T08:58:52Z,2013-08-10T14:56:24Z,712,72,75,1,75,48.3163604736328,-4.89561486244201
B33,hg36-B33-12,2013-08-10T21:05:24Z,2013-08-11T03:31:12Z,2013-08-10T19:48:16Z,2013-08-11T03:31:04Z,4628,8,76,1,76,48.3160800933837,-4.89508485794067
B33,hg36-B33-12,2013-08-11T20:56:48Z,2013-08-12T04:49:16Z,2013-08-11T20:41:56Z,2013-08-12T07:04:52Z,892,8136,77,1,77,48.3158798217773,-4.89465999603271
B33,hg36-B33-12,2013-08-13T10:40:44Z,2013-08-13T18:54:16Z,2013-08-13T10:43:24Z,2013-08-13T18:43:24Z,160,652,80,1,80,48.3160943984986,-4.89546000957489
B33,hg36-B33-12,2013-08-13T22:52:00Z,2013-08-14T05:47:52Z,2013-08-13T22:52:00Z,2013-08-14T06:11:06Z,0,1394,81,1,81,48.3160235087077,-4.89497327804565
B33,hg36-B33-12,2013-08-14T10:26:40Z,2013-08-15T08:26:52Z,2013-08-14T10:22:28Z,2013-08-15T08:53:06Z,252,1574,82,1,82,48.3159599304199,-4.89560159047445
B33,hg36-B33-12,2013-08-15T12:38:12Z,2013-08-15T15:22:44Z,2013-08-15T12:44:44Z,2013-08-15T15:24:08Z,392,84,83,1,83,48.3161697387695,-4.89532494544983
B33,hg36-B33-12,2013-08-16T01:29:12Z,2013-08-16T04:15:16Z,2013-08-16T01:40:36Z,2013-08-16T04:34:00Z,684,1124,84,1,84,48.3160305023193,-4.89531493186951
B33,hg36-B33-12,2013-08-17T03:02:44Z,2013-08-17T09:02:32Z,2013-08-17T03:04:04Z,2013-08-17T09:23:24Z,80,1252,85,1,85,48.3158950805664,-4.89518499374389
B33,hg36-B33-12,2013-08-19T06:57:12Z,2013-08-19T09:56:00Z,2013-08-19T06:51:52Z,2013-08-19T09:54:32Z,320,88,86,1,86,48.3222440083822,-4.87698348363241
B33,hg36-B33-12,2013-08-20T18:37:36Z,2013-08-21T00:56:48Z,2013-08-20T18:41:00Z,2013-08-21T00:55:52Z,204,56,87,1,87,48.3159706115723,-4.89518194198608
B33,hg36-B33-12,2013-08-21T21:18:52Z,2013-08-21T23:49:52Z,2013-08-21T21:08:12Z,2013-08-21T23:51:08Z,640,76,90,1,90,48.3157997131348,-4.89555978775024
B33,hg36-B33-12,2013-08-23T09:36:44Z,2013-08-23T13:04:16Z,2013-08-23T09:34:04Z,2013-08-23T13:15:44Z,160,688,91,1,91,48.3159599304199,-4.89427995681763
B33,hg36-B33-12,2013-08-23T20:41:44Z,2013-08-23T22:03:56Z,2013-08-23T19:52:28Z,2013-08-23T22:01:40Z,2956,136,92,1,92,48.3156890869141,-4.89553022384644
B33,hg36-B33-12,2013-08-23T22:10:28Z,2013-08-24T00:52:28Z,2013-08-23T22:13:40Z,2013-08-24T00:51:12Z,192,76,93,1,93,48.3160463968913,-4.89502668380737
B33,hg36-B33-12,2013-08-25T11:35:00Z,2013-08-25T14:51:36Z,2013-08-25T11:38:48Z,2013-08-25T15:00:12Z,228,516,94,1,94,48.3226369222005,-4.87690003712972
B33,hg36-B33-12,2013-08-25T22:15:16Z,2013-08-26T04:07:00Z,2013-08-25T22:03:52Z,2013-08-26T04:09:00Z,684,120,95,1,95,48.315990447998,-4.89518022537231
B33,hg36-B33-12,2013-08-26T10:14:40Z,2013-08-26T16:33:08Z,2013-08-26T09:11:52Z,2013-08-26T16:36:24Z,3768,196,96,1,96,48.3161646525065,-4.89522997538249
B33,hg36-B33-12,2013-08-26T22:38:08Z,2013-08-27T04:57:12Z,2013-08-26T20:21:52Z,2013-08-27T04:50:36Z,8176,396,97,1,97,48.3160858154297,-4.89540505409241
B33,hg36-B33-12,2013-08-27T10:59:12Z,2013-08-27T17:21:12Z,2013-08-27T10:38:20Z,2013-08-27T17:20:00Z,1252,72,98,1,98,48.3157869974772,-4.894700050354
B33,hg36-B33-12,2013-08-27T23:34:16Z,2013-08-28T05:46:00Z,2013-08-27T23:28:28Z,2013-08-28T05:40:28Z,348,332,99,1,99,48.3162612915039,-4.89530658721924
B33,hg36-B33-12,2013-08-28T11:14:16Z,2013-08-28T18:27:28Z,2013-08-28T08:55:36Z,2013-08-28T18:43:32Z,8320,964,101,1,101,48.3160781860352,-4.89526987075806
B33,hg36-B33-12,2013-08-28T23:53:08Z,2013-08-29T06:54:28Z,2013-08-28T23:49:44Z,2013-08-29T06:53:04Z,204,84,102,1,102,48.3161754608155,-4.89547002315521
B33,hg36-B33-12,2013-08-29T12:02:32Z,2013-08-29T16:24:44Z,2013-08-29T12:10:44Z,2013-08-29T16:35:24Z,492,640,103,1,103,48.3160705566406,-4.89539003372192
B33,hg36-B33-12,2013-08-30T01:05:12Z,2013-08-30T08:15:24Z,2013-08-30T00:59:56Z,2013-08-30T08:34:00Z,316,1116,104,1,104,48.3160457611084,-4.89549493789673
B33,hg36-B33-12,2013-08-30T14:05:48Z,2013-08-30T21:11:32Z,2013-08-30T14:10:56Z,2013-08-30T21:23:24Z,308,712,105,1,105,48.3161163330079,-4.89522504806519
B33,hg36-B33-12,2013-09-01T04:04:24Z,2013-09-01T10:01:24Z,2013-09-01T03:57:08Z,2013-09-01T11:39:48Z,436,5904,106,1,106,48.3160937622576,-4.89513127845028
B33,hg36-B33-12,2013-09-02T07:33:16Z,2013-09-02T10:39:52Z,2013-09-02T07:33:28Z,2013-09-02T11:09:32Z,12,1780,107,1,107,48.3221755981445,-4.87698192596436
B33,hg36-B33-12,2013-09-02T17:28:32Z,2013-09-02T23:55:36Z,2013-09-02T16:56:56Z,2013-09-03T00:13:09Z,1896,1053,108,1,108,48.3159828186035,-4.89537000656128
B33,hg36-B33-12,2013-09-04T18:20:56Z,2013-09-05T00:49:28Z,2013-09-04T18:21:20Z,2013-09-05T00:50:36Z,24,68,109,1,109,48.3160336812337,-4.89546998341878
B33,hg36-B33-12,2013-09-05T07:04:32Z,2013-09-05T12:58:20Z,2013-09-05T06:57:28Z,2013-09-05T12:59:00Z,424,40,110,1,110,48.3160705566406,-4.89549668629964
B33,hg36-B33-12,2013-09-06T09:03:56Z,2013-09-06T12:48:48Z,2013-09-06T09:15:40Z,2013-09-06T13:20:16Z,704,1888,111,1,111,48.3223705291748,-4.87722492218017
B33,hg36-B33-12,2013-09-07T09:25:12Z,2013-09-07T12:52:44Z,2013-09-07T09:36:56Z,2013-09-07T13:32:56Z,704,2412,112,1,112,48.322114944458,-4.87729001045227
B33,hg36-B33-12,2013-09-09T10:46:28Z,2013-09-09T13:57:28Z,2013-09-09T10:59:04Z,2013-09-09T14:22:44Z,756,1516,113,1,113,48.3222503662109,-4.87762022018433
B33,hg36-B33-12,2013-09-09T21:32:24Z,2013-09-10T03:39:04Z,2013-09-09T21:32:44Z,2013-09-10T03:32:44Z,20,380,114,1,114,48.3159351348877,-4.89559984207153
B33,hg36-B33-12,2013-09-11T21:33:12Z,2013-09-12T06:57:04Z,2013-09-11T21:32:56Z,2013-09-12T07:26:20Z,16,1756,115,1,115,48.3152338663737,-4.89507675170898
B33,hg36-B33-12,2013-09-12T11:18:04Z,2013-09-12T17:58:08Z,2013-09-12T11:27:16Z,2013-09-12T17:57:12Z,552,56,116,1,116,48.3162612915039,-4.8953766822815
B33,hg36-B33-12,2013-09-14T01:21:48Z,2013-09-14T09:23:20Z,2013-09-14T01:24:48Z,2013-09-14T14:03:40Z,180,16820,117,1,117,48.3159790039063,-4.89533996582031
B33,hg36-B33-12,2013-09-14T13:58:20Z,2013-09-14T20:41:48Z,2013-09-14T14:03:40Z,2013-09-14T22:55:00Z,320,7992,118,1,118,48.3161602020264,-4.89525485038758
B33,hg36-B33-12,2013-09-18T05:03:44Z,2013-09-18T06:53:32Z,2013-09-18T05:05:48Z,2013-09-18T08:04:08Z,124,4236,119,1,119,48.3178482055664,-4.87907981872559
B33,hg36-B33-12,2013-09-18T08:09:20Z,2013-09-18T10:42:32Z,2013-09-18T08:04:08Z,2013-09-18T11:07:16Z,312,1484,120,1,120,48.3222541809082,-4.87723016738892
B33,hg36-B33-12,2013-09-18T18:27:04Z,2013-09-19T00:27:32Z,2013-09-18T18:27:44Z,2013-09-19T01:21:04Z,40,3212,121,1,121,48.3161697387695,-4.89511513710022
B33,hg36-B33-12,2013-09-21T07:48:40Z,2013-09-21T14:13:20Z,2013-09-21T07:39:56Z,2013-09-21T14:28:28Z,524,908,122,1,122,48.3161296844483,-4.89548516273499
B33,hg36-B33-12,2013-09-21T20:03:04Z,2013-09-22T02:33:08Z,2013-09-21T20:00:04Z,2013-09-22T02:32:20Z,180,48,123,1,123,48.3158264160156,-4.89537000656128
B33,hg36-B33-12,2013-09-22T20:23:08Z,2013-09-23T03:49:32Z,2013-09-22T20:22:08Z,2013-09-23T03:51:16Z,60,104,124,1,124,48.3161048889161,-4.89556002616883
B33,hg36-B33-12,2013-09-24T21:34:48Z,2013-09-25T05:04:44Z,2013-09-24T21:18:00Z,2013-09-25T05:07:56Z,1008,192,125,1,125,48.3161754608155,-4.89496493339538
B33,hg36-B33-12,2013-09-25T10:32:12Z,2013-09-25T16:23:56Z,2013-09-25T08:09:40Z,2013-09-25T16:58:34Z,8552,2078,126,1,126,48.316089630127,-4.89543008804321
B33,hg36-B33-12,2013-09-25T23:07:04Z,2013-09-26T04:14:48Z,2013-09-25T23:05:20Z,2013-09-26T04:40:52Z,104,1564,127,1,127,48.3166058858236,-4.89465999603272
B33,hg36-B33-12,2013-09-28T03:11:32Z,2013-09-28T11:38:20Z,2013-09-28T03:24:00Z,2013-09-28T11:36:04Z,748,136,128,1,128,48.3225631713867,-4.87717493375142
B33,hg36-B33-12,2013-10-02T17:27:00Z,2013-10-02T23:58:12Z,2013-10-02T17:07:40Z,2013-10-02T23:38:24Z,1160,1188,129,1,129,48.3179003397624,-4.87916008631388
B33,hg36-B33-12,2013-10-06T19:43:04Z,2013-10-07T02:05:36Z,2013-10-06T20:02:56Z,2013-10-07T02:02:56Z,1192,160,134,1,134,48.3159395853678,-4.89588991800944
B33,hg36-B33-12,2013-10-07T22:42:32Z,2013-10-08T01:46:20Z,2013-10-07T22:54:32Z,2013-10-08T02:59:32Z,720,4392,135,1,135,48.3162994384766,-4.89500999450684
B33,hg36-B33-12,2013-10-09T09:15:48Z,2013-10-09T15:41:28Z,2013-10-09T09:20:04Z,2013-10-09T15:42:44Z,256,76,136,1,136,48.3161745071411,-4.89532494544983
B33,hg36-B33-12,2013-10-10T13:06:04Z,2013-10-10T15:18:08Z,2013-10-10T13:06:28Z,2013-10-10T15:11:24Z,24,404,137,1,137,48.3221702575684,-4.87743997573853
B33,hg36-B33-12,2013-10-10T23:01:56Z,2013-10-11T05:07:12Z,2013-10-10T23:06:48Z,2013-10-11T05:06:48Z,292,24,138,1,138,48.3160069783528,-4.8955667813619
B33,hg36-B33-12,2013-10-11T11:14:48Z,2013-10-11T17:52:08Z,2013-10-11T09:15:56Z,2013-10-11T17:54:16Z,7132,128,139,1,139,48.3159472147624,-4.89529005686442
B33,hg36-B33-12,2013-10-12T12:32:12Z,2013-10-12T19:08:16Z,2013-10-12T12:36:24Z,2013-10-12T19:18:04Z,252,588,140,1,140,48.3161001205445,-4.89510750770569
B33,hg36-B33-12,2013-10-12T21:55:24Z,2013-10-13T11:12:08Z,2013-10-12T21:56:24Z,2013-10-13T11:45:48Z,60,2020,141,1,141,48.3169775009155,-4.89556503295898
B33,hg36-B33-12,2013-10-14T16:03:48Z,2013-10-14T21:09:28Z,2013-10-14T16:03:48Z,2013-10-14T21:33:20Z,0,1432,142,1,142,48.3162803649902,-4.89471006393433
B33,hg36-B33-12,2013-10-25T03:56:20Z,2013-10-25T09:28:12Z,2013-10-25T02:46:20Z,2013-10-25T09:52:20Z,4200,1448,145,1,145,52.1090393066406,-10.5157299041748
B33,hg36-B33-12,2013-11-02T04:42:04Z,2013-11-02T13:21:20Z,2013-11-02T14:08:08Z,2013-11-02T14:08:08Z,33964,2808,150,1,150,52.1135584221084,-10.5198197969052
B33,hg36-B33-12,2013-11-03T18:48:12Z,2013-11-04T13:33:04Z,2013-11-03T18:44:12Z,2013-11-04T14:03:32Z,240,1828,152,1,152,52.1079654693604,-10.5148952007294
B33,hg36-B33-12,2013-11-05T11:22:56Z,2013-11-05T13:06:00Z,2013-11-05T11:19:24Z,2013-11-05T13:56:52Z,212,3052,153,1,153,52.1085174489487,-10.5127722435741
B33,hg36-B33-12,2013-11-05T20:10:56Z,2013-11-06T03:19:24Z,2013-11-05T20:01:32Z,2013-11-06T04:18:24Z,564,3540,154,1,154,52.1079597473145,-10.514630317688
B33,hg36-B33-12,2013-11-07T10:40:08Z,2013-11-07T18:02:16Z,2013-11-07T09:50:32Z,2013-11-07T09:50:32Z,2976,29504,155,1,155,52.1100221377661,-10.5232361080911
B33,hg36-B33-12,2013-11-14T04:43:40Z,2013-11-14T04:57:44Z,2013-11-14T04:46:32Z,2013-11-14T04:46:32Z,172,672,161,1,161,52.113941192627,-10.524829864502
B33,hg36-B33-12,2013-11-18T00:06:24Z,2013-11-18T00:59:56Z,2013-11-17T23:52:24Z,2013-11-18T02:04:16Z,840,3860,168,1,168,52.1104050656541,-10.5219353062559
B33,hg36-B33-12,2013-11-18T08:24:12Z,2013-11-18T13:44:20Z,2013-11-18T08:29:36Z,2013-11-18T12:29:36Z,324,4484,169,1,169,52.1102638244629,-10.5215601921082
B33,hg36-B33-12,2013-11-19T08:49:52Z,2013-11-19T14:57:44Z,2013-11-19T08:24:52Z,2013-11-19T15:44:04Z,1500,2780,170,1,170,52.1097056290997,-10.5225665718407
B33,hg36-B33-12,2013-11-19T22:05:36Z,2013-11-19T22:40:44Z,2013-11-19T22:21:08Z,2013-11-19T22:42:04Z,932,80,171,1,171,52.1114501953125,-10.524169921875
B33,hg36-B33-12,2013-11-20T08:45:08Z,2013-11-20T16:18:40Z,2013-11-20T08:20:20Z,2013-11-20T16:37:36Z,1488,1136,172,1,172,52.1131210327149,-10.5271997451782
B33,hg36-B33-12,2013-11-21T08:33:40Z,2013-11-21T16:00:20Z,2013-11-21T08:54:24Z,2013-11-21T08:54:24Z,1244,25556,173,1,173,52.1110916137695,-10.5231800079346
B33,hg36-B33-12,2013-12-02T18:05:56Z,2013-12-03T01:30:44Z,2013-12-02T18:05:20Z,2013-12-03T01:58:52Z,36,1688,180,1,180,48.4180717468262,-5.02275991439819
B33,hg36-B33-12,2013-12-03T08:02:08Z,2013-12-03T13:53:24Z,2013-12-03T08:11:20Z,2013-12-03T14:11:32Z,552,1088,181,1,181,48.3161532084147,-4.89527002970378
B33,hg36-B33-12,2013-12-03T19:50:00Z,2013-12-04T02:07:04Z,2013-12-03T19:51:08Z,2013-12-04T01:51:08Z,68,956,182,1,182,48.3160565694173,-4.89569314320882
B33,hg36-B33-12,2013-12-04T20:11:20Z,2013-12-05T02:07:56Z,2013-12-04T20:13:44Z,2013-12-05T02:08:48Z,144,52,184,1,184,48.3161010742188,-4.89552021026611
B33,hg36-B33-12,2013-12-05T23:29:32Z,2013-12-06T01:35:08Z,2013-12-05T23:25:20Z,2013-12-06T02:38:16Z,252,3788,185,1,185,48.3175010681152,-4.87934017181396
B33,hg36-B33-12,2013-12-08T20:48:12Z,2013-12-09T08:18:08Z,2013-12-08T20:52:24Z,2013-12-09T08:58:44Z,252,2436,188,1,188,48.3177731831868,-4.87854655583699
B33,hg36-B33-12,2013-12-13T07:09:12Z,2013-12-13T07:44:48Z,2013-12-13T07:09:24Z,2013-12-13T07:42:48Z,12,120,193,1,193,48.3528099060059,-4.86096501350403
B33,hg36-B33-12,2013-12-13T12:58:24Z,2013-12-14T00:56:00Z,2013-12-13T12:53:20Z,2013-12-13T23:05:20Z,304,6640,196,1,196,48.3707168579102,-4.88058004379273
B33,hg36-B33-12,2013-12-14T01:35:32Z,2013-12-14T13:19:44Z,2013-12-13T23:05:20Z,2013-12-14T13:45:32Z,9012,1548,197,1,197,48.3707936604818,-4.88034661610921
B33,hg36-B33-12,2013-12-14T18:08:48Z,2013-12-14T22:22:36Z,2013-12-14T18:17:28Z,2013-12-14T22:31:20Z,520,524,198,1,198,48.3182258605957,-4.87855005264282
B33,hg36-B33-12,2013-12-15T00:13:48Z,2013-12-15T14:38:52Z,2013-12-15T00:13:20Z,2013-12-15T14:41:32Z,28,160,199,1,199,48.3709114074707,-4.88027191162109
B33,hg36-B33-12,2013-12-15T18:05:36Z,2013-12-15T18:44:20Z,2013-12-15T18:01:24Z,2013-12-15T18:43:24Z,252,56,200,1,200,48.3181209564209,-4.87915015220642
B33,hg36-B33-12,2013-12-15T20:59:24Z,2013-12-15T21:29:32Z,2013-12-15T21:03:20Z,2013-12-15T21:45:00Z,236,928,201,1,201,48.3179016113281,-4.87890005111694
B33,hg36-B33-12,2013-12-17T05:58:44Z,2013-12-17T13:42:44Z,2013-12-17T05:58:32Z,2013-12-17T13:59:36Z,12,1012,204,1,204,48.3178157806396,-4.87935495376587
B33,hg36-B33-12,2013-12-17T18:06:52Z,2013-12-17T20:05:56Z,2013-12-17T18:06:12Z,2013-12-17T20:18:36Z,40,760,205,1,205,48.3179512023926,-4.87937021255493
B33,hg36-B33-12,2013-12-17T20:18:08Z,2013-12-18T01:14:36Z,2013-12-17T20:18:36Z,2013-12-18T01:13:44Z,28,52,206,1,206,48.3179998397827,-4.87950253486633
B33,hg36-B33-12,2013-12-20T09:35:44Z,2013-12-21T05:22:12Z,2013-12-20T09:43:52Z,2013-12-21T05:23:48Z,488,96,207,1,207,48.3710327148438,-4.88052761554718
B33,hg36-B33-12,2013-12-21T18:14:28Z,2013-12-22T06:25:28Z,2013-12-21T18:17:28Z,2013-12-22T06:17:28Z,180,480,208,1,208,48.3710222244263,-4.88047754764557
B33,hg36-B33-12,2013-12-22T16:56:40Z,2013-12-23T09:44:36Z,2013-12-22T17:02:28Z,2013-12-23T09:45:32Z,348,56,209,1,209,48.3709526062012,-4.88066857201713
B33,hg36-B33-12,2013-12-23T17:58:48Z,2013-12-23T18:30:04Z,2013-12-23T17:54:16Z,2013-12-23T18:47:12Z,272,1028,210,1,210,48.3560600280762,-4.84411001205444
B33,hg36-B33-12,2013-12-24T04:34:48Z,2013-12-24T07:22:32Z,2013-12-24T03:55:48Z,2013-12-24T07:25:12Z,2340,160,211,1,211,48.3708686828613,-4.88071012496948
B33,hg36-B33-12,2013-12-26T16:40:40Z,2013-12-27T08:39:52Z,2013-12-26T16:51:00Z,2013-12-27T08:53:20Z,620,808,212,1,212,48.3708724975586,-4.8802900314331
B33,hg36-B33-12,2013-12-27T23:17:08Z,2013-12-27T23:28:28Z,2013-12-27T23:19:48Z,2013-12-27T23:19:48Z,160,520,213,1,213,48.3709182739258,-4.88081979751587
B33,hg36-B33-12,2013-12-27T23:41:20Z,2013-12-28T11:34:52Z,2013-12-27T23:45:48Z,2013-12-28T11:48:16Z,268,804,214,1,214,48.3707771301269,-4.880393187205
B33,hg36-B33-12,2013-12-28T22:34:28Z,2013-12-29T21:30:36Z,2013-12-28T22:34:40Z,2013-12-29T21:24:04Z,12,392,215,1,215,48.3708970811632,-4.8804054790073
B33,hg36-B33-12,2013-12-30T14:39:28Z,2013-12-31T01:38:32Z,2013-12-30T14:40:44Z,2013-12-31T01:39:28Z,76,56,216,1,216,48.3708674112956,-4.88070329030355
B33,hg36-B33-12,2013-12-31T16:26:00Z,2013-12-31T16:43:52Z,2013-12-31T16:23:32Z,2013-12-31T16:35:32Z,148,500,217,1,217,48.3709487915039,-4.88071012496948
B33,hg36-B33-12,2013-12-31T23:32:08Z,2014-01-01T02:43:32Z,2013-12-31T23:26:16Z,2014-01-01T02:57:40Z,352,848,218,1,218,48.3708305358887,-4.88005495071411
B33,hg36-B33-12,2014-01-07T16:16:04Z,2014-01-07T17:13:20Z,2014-01-07T16:05:00Z,2014-01-07T17:18:28Z,664,308,225,1,225,48.3709602355957,-4.87981986999512
B33,hg36-B33-12,2014-01-14T19:34:32Z,2014-01-15T00:06:56Z,2014-01-14T19:41:28Z,2014-01-15T00:50:08Z,416,2592,230,1,230,48.3179206848145,-4.87885999679565
B33,hg36-B33-12,2014-01-16T02:02:44Z,2014-01-16T13:45:36Z,2014-01-16T01:44:40Z,2014-01-16T13:44:08Z,1084,88,231,1,231,48.3711929321289,-4.88018004099528
B33,hg36-B33-12,2014-01-21T01:50:44Z,2014-01-21T16:24:04Z,2014-01-21T01:47:08Z,2014-01-21T16:21:36Z,216,148,234,1,234,48.3708635965983,-4.87996999422709
B33,hg36-B33-12,2014-01-25T16:06:56Z,2014-01-26T07:40:04Z,2014-01-25T16:02:48Z,2014-01-26T07:34:56Z,248,308,240,1,240,48.371046702067,-4.88028335571289
B33,hg36-B33-12,2014-01-29T02:05:08Z,2014-01-29T02:18:40Z,2014-01-29T02:08:16Z,2014-01-29T02:21:08Z,188,148,244,1,244,48.3713417053223,-4.88110017776489
B33,hg36-B33-12,2014-01-29T13:09:28Z,2014-01-29T13:58:00Z,2014-01-29T13:11:08Z,2014-01-29T14:00:48Z,100,168,245,1,245,48.3711318969727,-4.88012981414795
B33,hg36-B33-12,2014-01-29T14:21:24Z,2014-01-30T01:37:08Z,2014-01-29T14:15:48Z,2014-01-30T01:39:20Z,336,132,246,1,246,48.3713417053223,-4.88100004196167
B33,hg36-B33-12,2014-01-30T18:13:52Z,2014-01-30T19:47:24Z,2014-01-30T18:16:12Z,2014-01-30T19:45:20Z,140,124,247,1,247,48.3179550170899,-4.8798201084137
B33,hg36-B33-12,2014-01-30T20:55:40Z,2014-01-30T23:26:24Z,2014-01-30T20:58:52Z,2014-01-30T23:40:24Z,192,840,248,1,248,48.3434543609619,-4.88040018081665
B33,hg36-B33-12,2014-01-31T00:50:16Z,2014-01-31T03:30:08Z,2014-01-31T00:42:28Z,2014-01-31T03:33:32Z,468,204,249,1,249,48.3708686828613,-4.88048982620239
B33,hg36-B33-12,2014-01-31T04:48:00Z,2014-01-31T12:58:44Z,2014-01-31T04:49:52Z,2014-01-31T13:00:36Z,112,112,250,1,250,48.3710298538208,-4.87970745563507
B33,hg36-B33-12,2014-02-03T01:38:36Z,2014-02-03T02:28:28Z,2014-02-03T01:40:52Z,2014-02-03T02:29:56Z,136,88,251,1,251,48.3712863922119,-4.87991499900818
B33,hg36-B33-12,2014-02-03T04:01:04Z,2014-02-03T10:08:56Z,2014-02-03T03:58:12Z,2014-02-03T10:21:36Z,172,760,252,1,252,48.3712539672851,-4.88063335418701
B34,hg36-B34-12,2013-06-16T00:19:52Z,2013-06-16T00:30:56Z,2013-06-16T00:17:56Z,2013-06-16T00:29:56Z,116,60,0,1,0,48.3179893493652,-4.87939977645874
B34,hg36-B34-12,2013-06-16T14:59:16Z,2013-06-16T15:37:40Z,2013-06-16T14:50:28Z,2013-06-16T15:39:08Z,528,88,1,1,1,48.3188095092773,-4.879310131073
B34,hg36-B34-12,2013-06-16T23:31:44Z,2013-06-17T02:37:32Z,2013-06-16T23:33:12Z,2013-06-17T02:38:04Z,88,32,2,1,2,48.3178939819336,-4.87905979156494
B34,hg36-B34-12,2013-06-17T02:52:32Z,2013-06-17T04:37:40Z,2013-06-17T02:50:08Z,2013-06-17T04:40:40Z,144,180,3,1,3,48.3191184997559,-4.87995004653931
B34,hg36-B34-12,2013-06-18T04:30:24Z,2013-06-18T06:06:52Z,2013-06-18T04:33:00Z,2013-06-18T06:23:16Z,156,984,4,1,4,48.5812797546387,-4.73083019256592
B34,hg36-B34-12,2013-06-19T01:19:32Z,2013-06-19T02:31:16Z,2013-06-19T01:18:08Z,2013-06-19T02:33:00Z,84,104,5,1,5,48.5825805664063,-4.72693014144897
B34,hg36-B34-12,2013-06-20T19:08:36Z,2013-06-20T21:46:36Z,2013-06-20T19:15:32Z,2013-06-20T21:49:24Z,416,168,6,1,6,48.5823135375976,-4.72819495201111
B34,hg36-B34-12,2013-06-21T07:02:24Z,2013-06-21T10:02:32Z,2013-06-21T07:01:16Z,2013-06-21T10:22:32Z,68,1200,7,1,7,48.578691482544,-4.72753000259399
B34,hg36-B34-12,2013-06-21T19:10:56Z,2013-06-21T22:37:40Z,2013-06-21T19:14:52Z,2013-06-21T21:14:52Z,236,4968,8,1,8,48.5832405090332,-4.72847986221313
B34,hg36-B34-12,2013-06-23T09:18:32Z,2013-06-23T11:47:20Z,2013-06-23T09:26:48Z,2013-06-23T11:26:48Z,496,1232,9,1,9,48.5812740325928,-4.7277250289917
B34,hg36-B34-12,2013-06-24T09:49:36Z,2013-06-24T12:26:24Z,2013-06-24T09:45:44Z,2013-06-24T12:28:00Z,232,96,10,1,10,48.5782794952393,-4.72869992256165
B34,hg36-B34-12,2013-06-24T23:27:24Z,2013-06-25T01:37:16Z,2013-06-24T23:29:52Z,2013-06-25T01:42:00Z,148,284,11,1,11,48.5808715820313,-4.72765493392944
B34,hg36-B34-12,2013-06-25T10:44:44Z,2013-06-25T11:10:28Z,2013-06-25T10:43:24Z,2013-06-25T11:12:12Z,80,104,12,1,12,48.5821418762207,-4.72701978683472
B34,hg36-B34-12,2013-06-26T10:34:48Z,2013-06-26T13:05:48Z,2013-06-26T10:39:40Z,2013-06-26T13:21:16Z,292,928,15,1,15,48.578540802002,-4.72802996635437
B34,hg36-B34-12,2013-06-28T02:00:16Z,2013-06-28T03:04:44Z,2013-06-28T01:56:04Z,2013-06-28T03:06:32Z,252,108,16,1,16,48.5831604003906,-4.72824001312256
B34,hg36-B34-12,2013-06-29T13:49:16Z,2013-06-29T17:08:08Z,2013-06-29T13:46:32Z,2013-06-29T17:12:48Z,164,280,17,1,17,48.5819816589355,-4.72620511054992
B34,hg36-B34-12,2013-07-02T02:39:48Z,2013-07-02T04:00:48Z,2013-07-02T02:37:24Z,2013-07-02T04:17:36Z,144,1008,20,1,20,48.581298828125,-4.72794008255005
B34,hg36-B34-12,2013-07-03T02:11:40Z,2013-07-03T06:22:36Z,2013-07-03T02:16:32Z,2013-07-03T06:28:32Z,292,356,21,1,21,48.3675435384115,-4.86112991968791
B34,hg36-B34-12,2013-07-03T06:54:52Z,2013-07-03T08:18:28Z,2013-07-03T06:41:20Z,2013-07-03T09:51:48Z,812,5600,22,1,22,48.3694643001269,-4.86353549199529
B34,hg36-B34-12,2013-07-04T06:09:04Z,2013-07-04T06:44:04Z,2013-07-04T06:03:32Z,2013-07-04T07:09:28Z,332,1524,23,1,23,48.5792999267578,-4.72900009155273
B34,hg36-B34-12,2013-07-04T07:06:20Z,2013-07-04T09:11:20Z,2013-07-04T07:09:28Z,2013-07-04T09:24:44Z,188,804,24,1,24,48.5809707641602,-4.72800016403198
B34,hg36-B34-12,2013-07-07T09:24:44Z,2013-07-07T09:45:16Z,2013-07-07T09:35:04Z,2013-07-07T09:35:04Z,620,612,25,1,25,48.5784492492676,-4.72864007949829
B34,hg36-B34-12,2013-07-07T09:58:04Z,2013-07-07T12:06:32Z,2013-07-07T10:00:48Z,2013-07-07T12:20:48Z,164,856,26,1,26,48.58203125,-4.72664022445679
B34,hg36-B34-12,2013-07-08T09:12:52Z,2013-07-08T09:31:28Z,2013-07-08T09:10:08Z,2013-07-08T09:34:16Z,164,168,27,1,27,48.413028717041,-5.00391006469727
B34,hg36-B34-12,2013-07-08T09:35:04Z,2013-07-08T11:29:40Z,2013-07-08T09:34:16Z,2013-07-08T12:54:36Z,48,5096,28,1,28,48.4132804870605,-5.00435018539429
B34,hg36-B34-12,2013-07-08T19:50:52Z,2013-07-08T20:16:16Z,2013-07-08T19:52:20Z,2013-07-08T20:29:44Z,88,808,29,1,29,48.4123802185059,-4.99959993362427
B34,hg36-B34-12,2013-07-08T21:06:52Z,2013-07-09T00:16:48Z,2013-07-08T21:06:52Z,2013-07-09T00:20:48Z,0,240,30,1,30,48.412769317627,-4.99954986572266
B34,hg36-B34-12,2013-07-09T09:22:20Z,2013-07-09T09:53:12Z,2013-07-09T09:23:08Z,2013-07-09T09:55:52Z,48,160,31,1,31,48.4123611450195,-4.99969005584717
B34,hg36-B34-12,2013-07-09T10:31:28Z,2013-07-09T11:01:20Z,2013-07-09T10:32:00Z,2013-07-09T11:13:56Z,32,756,32,1,32,48.4125099182129,-4.99980020523071
B34,hg36-B34-12,2013-07-09T11:45:16Z,2013-07-09T13:09:00Z,2013-07-09T11:39:40Z,2013-07-09T13:30:24Z,336,1284,33,1,33,48.4195785522461,-4.9648699760437
B34,hg36-B34-12,2013-07-09T21:19:00Z,2013-07-10T01:44:08Z,2013-07-09T21:28:40Z,2013-07-10T01:49:24Z,580,316,34,1,34,48.4198303222656,-4.96340489387512
B34,hg36-B34-12,2013-07-10T09:40:24Z,2013-07-10T13:42:28Z,2013-07-10T09:45:00Z,2013-07-10T14:23:44Z,276,2476,35,1,35,48.4194450378418,-4.96501517295837
B34,hg36-B34-12,2013-07-12T11:23:00Z,2013-07-12T14:46:36Z,2013-07-12T11:24:20Z,2013-07-12T15:06:48Z,80,1212,36,1,36,48.5831451416015,-4.72882008552551
B34,hg36-B34-12,2013-07-14T11:11:24Z,2013-07-14T11:45:40Z,2013-07-14T11:21:20Z,2013-07-14T11:46:08Z,596,28,37,1,37,48.5822601318359,-4.7281699180603
B34,hg36-B34-12,2013-07-14T11:55:12Z,2013-07-14T12:29:08Z,2013-07-14T11:46:08Z,2013-07-14T12:30:04Z,544,56,38,1,38,48.5820388793945,-4.72653007507324
B34,hg36-B34-12,2013-07-14T12:36:00Z,2013-07-14T13:00:12Z,2013-07-14T12:30:04Z,2013-07-14T13:02:32Z,356,140,39,1,39,48.5817985534668,-4.72638988494873
B34,hg36-B34-12,2013-07-15T14:42:20Z,2013-07-15T15:37:08Z,2013-07-15T14:53:16Z,2013-07-15T15:41:16Z,656,248,42,1,42,48.5830192565918,-4.72888994216919
B34,hg36-B34-12,2013-07-16T01:29:32Z,2013-07-16T05:37:00Z,2013-07-16T01:25:36Z,2013-07-16T05:56:52Z,236,1192,43,1,43,48.5784816741943,-4.72802495956421
B34,hg36-B34-12,2013-07-17T03:53:52Z,2013-07-17T06:37:44Z,2013-07-17T03:54:04Z,2013-07-17T05:54:04Z,12,2620,44,1,44,48.5793209075928,-4.72922992706298
B34,hg36-B34-12,2013-07-17T17:37:12Z,2013-07-17T18:06:12Z,2013-07-17T17:39:32Z,2013-07-17T18:05:04Z,140,68,45,1,45,48.5819396972657,-4.72706508636475
B34,hg36-B34-12,2013-07-18T02:38:36Z,2013-07-18T07:44:16Z,2013-07-18T02:34:52Z,2013-07-18T08:05:08Z,224,1252,46,1,46,48.5787289937337,-4.72794326146444
B34,hg36-B34-12,2013-07-19T02:54:24Z,2013-07-19T03:31:16Z,2013-07-19T02:51:36Z,2013-07-19T03:32:08Z,168,52,47,1,47,48.5805892944336,-4.73132991790771
B34,hg36-B34-12,2013-07-19T07:10:24Z,2013-07-19T08:11:48Z,2013-07-19T07:09:52Z,2013-07-19T08:13:36Z,32,108,48,1,48,48.5818710327148,-4.72637987136841
B34,hg36-B34-12,2013-07-19T18:26:48Z,2013-07-19T21:39:24Z,2013-07-19T18:26:48Z,2013-07-19T21:40:32Z,0,68,49,1,49,48.5778503417969,-4.7334098815918
B34,hg36-B34-12,2013-07-20T03:03:08Z,2013-07-20T03:53:28Z,2013-07-20T03:02:08Z,2013-07-20T03:52:04Z,60,84,50,1,50,48.5802955627441,-4.73155999183654
B34,hg36-B34-12,2013-07-20T04:23:04Z,2013-07-20T04:45:48Z,2013-07-20T04:20:56Z,2013-07-20T04:46:08Z,128,20,51,1,51,48.5800285339355,-4.73182010650635
B34,hg36-B34-12,2013-07-20T20:40:56Z,2013-07-20T21:57:36Z,2013-07-20T20:45:32Z,2013-07-20T20:45:32Z,276,4324,52,1,52,48.5783882141113,-4.72619009017944
B34,hg36-B34-12,2013-07-21T07:43:36Z,2013-07-21T09:51:20Z,2013-07-21T07:30:16Z,2013-07-21T07:30:16Z,800,8464,53,1,53,48.5815463305543,-4.72916031453465
B34,hg36-B34-12,2013-07-22T19:10:48Z,2013-07-22T20:59:32Z,2013-07-22T19:13:04Z,2013-07-22T19:13:04Z,136,6388,55,1,55,48.5822486877441,-4.72702980041504
B34,hg36-B34-12,2013-07-23T08:51:44Z,2013-07-23T10:07:44Z,2013-07-23T09:00:28Z,2013-07-23T09:00:28Z,524,4036,57,1,57,48.5817489624023,-4.72743988037109
B34,hg36-B34-12,2013-07-24T22:51:56Z,2013-07-25T02:05:04Z,2013-07-24T22:59:20Z,2013-07-24T22:59:20Z,444,11144,62,1,62,48.581600189209,-4.72355985641479
B34,hg36-B34-12,2013-07-25T23:22:24Z,2013-07-26T02:47:24Z,2013-07-25T23:22:24Z,2013-07-25T23:35:04Z,0,11540,63,1,63,48.5814018249512,-4.72367000579834
B34,hg36-B34-12,2013-07-26T23:24:52Z,2013-07-27T00:35:40Z,2013-07-26T23:30:28Z,2013-07-26T23:30:28Z,336,3912,64,1,64,48.5788993835449,-4.72543001174927
B34,hg36-B34-12,2013-07-28T00:43:04Z,2013-07-28T04:10:16Z,2013-07-28T00:51:00Z,2013-07-28T00:51:00Z,476,11956,66,1,66,48.5823783874512,-4.72806978225708
B34,hg36-B34-12,2013-07-28T14:22:12Z,2013-07-28T15:29:00Z,2013-07-28T14:25:36Z,2013-07-28T14:25:36Z,204,3804,67,1,67,48.5782699584961,-4.72770023345947
B34,hg36-B34-12,2013-07-29T12:22:44Z,2013-07-29T17:21:44Z,2013-07-29T11:46:52Z,2013-07-29T11:46:52Z,2152,20092,70,1,70,48.58178897967,-4.72762717195199
B34,hg36-B34-12,2013-07-30T14:03:16Z,2013-07-30T18:44:32Z,2013-07-30T13:58:52Z,2013-07-30T18:10:52Z,264,2020,72,1,72,48.5769640604655,-4.73003673553467
B34,hg36-B34-12,2013-07-31T16:07:28Z,2013-07-31T19:12:32Z,2013-07-31T16:04:08Z,2013-07-31T18:16:08Z,200,3384,73,1,73,48.578815460205,-4.72922015190125
B34,hg36-B34-12,2013-08-01T04:24:12Z,2013-08-01T07:37:56Z,2013-08-01T04:24:04Z,2013-08-01T07:37:44Z,8,12,74,1,74,48.5785846710205,-4.72804498672486
B34,hg36-B34-12,2013-08-01T15:33:40Z,2013-08-01T16:08:12Z,2013-08-01T15:34:24Z,2013-08-01T16:23:48Z,44,936,75,1,75,48.5786094665527,-4.72786998748779
B34,hg36-B34-12,2013-08-02T03:53:44Z,2013-08-02T06:51:16Z,2013-08-02T04:04:44Z,2013-08-02T06:52:12Z,660,56,76,1,76,48.5785102844238,-4.72964000701904
B34,hg36-B34-12,2013-08-02T07:09:44Z,2013-08-02T07:48:12Z,2013-08-02T07:05:16Z,2013-08-02T07:50:20Z,268,128,77,1,77,48.5789108276367,-4.72946977615356
B34,hg36-B34-12,2013-08-03T07:45:52Z,2013-08-03T08:30:28Z,2013-08-03T07:57:52Z,2013-08-03T08:33:08Z,720,160,78,1,78,48.5782814025879,-4.72870016098022
B34,hg36-B34-12,2013-08-03T08:38:36Z,2013-08-03T09:59:40Z,2013-08-03T08:33:08Z,2013-08-03T10:35:04Z,328,2124,79,1,79,48.5819282531738,-4.72691011428833
B34,hg36-B34-12,2013-08-03T17:46:04Z,2013-08-03T19:00:20Z,2013-08-03T17:34:28Z,2013-08-03T19:01:16Z,696,56,80,1,80,48.5795176340505,-4.72913689657304
B34,hg36-B34-12,2013-08-03T19:15:04Z,2013-08-03T22:40:52Z,2013-08-03T19:13:36Z,2013-08-03T22:59:16Z,88,1104,81,1,81,48.5818214416504,-4.72657513618469
B34,hg36-B34-12,2013-08-05T06:43:20Z,2013-08-05T07:43:48Z,2013-08-05T08:18:56Z,2013-08-05T08:18:56Z,5736,2108,82,1,82,48.5809156473944,-4.72819582894861
B34,hg36-B34-12,2013-08-05T08:38:24Z,2013-08-05T11:20:16Z,2013-08-05T08:54:56Z,2013-08-05T11:25:00Z,992,284,83,1,83,48.5819206237793,-4.72644996643066
B34,hg36-B34-12,2013-08-05T19:54:48Z,2013-08-06T00:42:08Z,2013-08-05T20:06:04Z,2013-08-06T00:44:52Z,676,164,84,1,84,48.5774256388346,-4.72913328806559
B34,hg36-B34-12,2013-08-06T07:21:00Z,2013-08-06T07:52:44Z,2013-08-06T07:19:36Z,2013-08-06T07:44:36Z,84,488,85,1,85,48.5779609680176,-4.72932004928589
B34,hg36-B34-12,2013-08-06T09:06:20Z,2013-08-06T09:18:00Z,2013-08-06T09:02:48Z,2013-08-06T09:02:48Z,212,912,86,1,86,48.5825020809043,-4.72767743961562
B34,hg36-B34-12,2013-08-06T09:56:08Z,2013-08-06T10:58:28Z,2013-08-06T09:55:04Z,2013-08-06T11:01:56Z,64,208,87,1,87,48.5819168870494,-4.7263082590322
B34,hg36-B34-12,2013-08-06T22:33:04Z,2013-08-07T00:43:24Z,2013-08-06T22:38:52Z,2013-08-07T01:20:52Z,348,2248,88,1,88,48.5818290710449,-4.72634983062744
B34,hg36-B34-12,2013-08-07T11:15:20Z,2013-08-07T12:29:24Z,2013-08-07T11:18:56Z,2013-08-07T12:31:04Z,216,100,89,1,89,48.5817718505859,-4.72661018371582
B34,hg36-B34-12,2013-08-07T23:16:08Z,2013-08-08T01:22:48Z,2013-08-07T23:20:44Z,2013-08-08T01:20:44Z,276,124,90,1,90,48.5819454193116,-4.72628998756409
B34,hg36-B34-12,2013-08-08T10:41:04Z,2013-08-08T12:59:40Z,2013-08-08T10:37:04Z,2013-08-08T13:03:04Z,240,204,91,1,91,48.5821418762207,-4.72775983810425
B34,hg36-B34-12,2013-08-09T10:03:32Z,2013-08-09T11:14:04Z,2013-08-09T10:04:40Z,2013-08-09T11:27:12Z,68,788,92,1,92,48.583309173584,-4.72862005233765
B34,hg36-B34-12,2013-08-09T11:37:28Z,2013-08-09T13:39:32Z,2013-08-09T11:39:12Z,2013-08-09T13:39:12Z,104,20,93,1,93,48.5842189788819,-4.72089004516602
B34,hg36-B34-12,2013-08-11T01:19:12Z,2013-08-11T02:26:48Z,2013-08-11T01:25:28Z,2013-08-11T02:40:04Z,376,796,94,1,94,48.3909187316895,-4.86259984970093
B34,hg36-B34-12,2013-08-11T12:02:16Z,2013-08-11T13:23:56Z,2013-08-11T11:29:36Z,2013-08-11T13:53:44Z,1960,1788,95,1,95,48.329757732776,-4.87529604265139
B34,hg36-B34-12,2013-08-11T22:27:56Z,2013-08-12T01:53:52Z,2013-08-11T21:53:28Z,2013-08-12T01:56:00Z,2068,128,96,1,96,48.3677406311035,-4.8605899810791
B34,hg36-B34-12,2013-08-12T02:52:28Z,2013-08-12T03:36:40Z,2013-08-12T02:47:36Z,2013-08-12T03:46:36Z,292,596,97,1,97,48.3935394287109,-4.8758602142334
B34,hg36-B34-12,2013-08-12T12:05:36Z,2013-08-12T14:21:40Z,2013-08-12T11:51:52Z,2013-08-12T14:15:52Z,824,348,98,1,98,48.3969917297363,-4.89167976379395
B34,hg36-B34-12,2013-08-12T22:57:36Z,2013-08-13T05:04:28Z,2013-08-12T22:48:24Z,2013-08-13T05:00:24Z,552,244,99,1,99,48.4196116129557,-4.96472676595052
B34,hg36-B34-12,2013-08-13T13:10:08Z,2013-08-13T13:22:48Z,2013-08-13T13:16:44Z,2013-08-13T13:16:44Z,396,364,100,1,100,48.419620513916,-4.9649600982666
B34,hg36-B34-12,2013-08-13T14:00:24Z,2013-08-13T15:12:12Z,2013-08-13T14:32:44Z,2013-08-13T15:48:28Z,1940,2176,101,1,101,48.4239807128906,-4.97242021560669
B34,hg36-B34-12,2013-08-13T22:42:28Z,2013-08-13T23:13:16Z,2013-08-13T22:42:04Z,2013-08-13T23:16:36Z,24,200,102,1,102,48.4268493652344,-4.97806978225708
B34,hg36-B34-12,2013-08-14T00:42:04Z,2013-08-14T05:10:08Z,2013-08-14T00:46:28Z,2013-08-14T05:15:56Z,264,348,103,1,103,48.4192352294921,-4.96486496925354
B34,hg36-B34-12,2013-08-14T12:10:12Z,2013-08-14T13:43:04Z,2013-08-14T12:10:48Z,2013-08-14T14:07:36Z,36,1472,104,1,104,48.4282417297363,-4.97922992706299
B34,hg36-B34-12,2013-08-14T14:12:04Z,2013-08-14T14:36:36Z,2013-08-14T14:07:36Z,2013-08-14T14:19:36Z,268,1020,105,1,105,48.4194488525391,-4.9650502204895
B34,hg36-B34-12,2013-08-15T00:40:16Z,2013-08-15T07:15:44Z,2013-08-15T00:45:00Z,2013-08-15T07:21:36Z,284,352,106,1,106,48.4200124740601,-4.96482503414154
B34,hg36-B34-12,2013-08-15T14:51:00Z,2013-08-15T18:31:00Z,2013-08-15T14:44:12Z,2013-08-15T18:36:48Z,408,348,107,1,107,48.4191589355469,-4.96474981307983
B34,hg36-B34-12,2013-08-17T06:59:00Z,2013-08-17T07:51:36Z,2013-08-17T07:00:52Z,2013-08-17T08:08:28Z,112,1012,108,1,108,48.5831985473633,-4.72874021530151
B34,hg36-B34-12,2013-08-17T16:58:36Z,2013-08-17T21:25:24Z,2013-08-17T16:51:40Z,2013-08-17T21:03:40Z,416,1304,109,1,109,48.5793952941895,-4.730220079422
B34,hg36-B34-12,2013-08-18T19:16:12Z,2013-08-18T22:05:24Z,2013-08-18T19:26:12Z,2013-08-18T23:49:08Z,600,6224,110,1,110,48.578800201416,-4.7277398109436
B34,hg36-B34-12,2013-08-19T09:18:24Z,2013-08-19T10:10:28Z,2013-08-19T09:20:32Z,2013-08-19T10:12:08Z,128,100,114,1,114,48.584041595459,-4.72062015533447
B34,hg36-B34-12,2013-08-22T12:06:16Z,2013-08-22T12:26:32Z,2013-08-22T12:25:20Z,2013-08-22T12:25:20Z,1144,72,117,1,117,48.4924011230469,-4.78579998016357
B34,hg36-B34-12,2013-08-23T10:41:48Z,2013-08-23T12:07:48Z,2013-08-23T10:37:00Z,2013-08-23T12:30:32Z,288,1364,118,1,118,48.4916915781555,-4.7860601266132
B34,hg36-B34-12,2013-08-24T11:27:48Z,2013-08-24T13:09:44Z,2013-08-24T11:13:32Z,2013-08-24T14:39:16Z,856,5372,119,1,119,48.5798259019387,-4.72794445118812
B34,hg36-B34-12,2013-08-24T13:19:04Z,2013-08-24T14:23:12Z,2013-08-24T14:39:16Z,2013-08-24T14:39:16Z,4812,964,120,1,120,48.5812080170685,-4.72745505912079
B34,hg36-B34-12,2013-08-25T12:43:28Z,2013-08-25T14:37:04Z,2013-08-25T12:33:00Z,2013-08-25T14:40:16Z,628,192,121,1,121,48.5816497802734,-4.72695016860962
B34,hg36-B34-12,2013-08-26T00:36:44Z,2013-08-26T03:55:44Z,2013-08-26T00:31:48Z,2013-08-26T04:38:28Z,296,2564,122,1,122,48.5809497833252,-4.72725510597229
B34,hg36-B34-12,2013-08-26T12:12:16Z,2013-08-26T16:28:20Z,2013-08-26T12:05:32Z,2013-08-26T16:33:36Z,404,316,123,1,123,48.5809307098389,-4.72782492637634
B34,hg36-B34-12,2013-08-27T01:16:00Z,2013-08-27T05:25:52Z,2013-08-27T01:22:44Z,2013-08-27T05:22:44Z,404,188,124,1,124,48.5810712178548,-4.72778002421061
B34,hg36-B34-12,2013-08-27T12:36:16Z,2013-08-27T16:41:40Z,2013-08-27T12:48:52Z,2013-08-27T16:47:08Z,756,328,125,1,125,48.5804309844971,-4.72683000564576
B34,hg36-B34-12,2013-08-28T04:01:04Z,2013-08-28T05:12:52Z,2013-08-28T03:51:16Z,2013-08-28T03:51:16Z,588,4896,126,1,126,48.5755279998547,-4.73261570365837
B34,hg36-B34-12,2013-08-28T11:36:24Z,2013-08-28T11:56:20Z,2013-08-28T11:47:56Z,2013-08-28T11:47:56Z,692,504,127,1,127,48.5785598754883,-4.73015022277832
B34,hg36-B34-12,2013-08-28T12:59:24Z,2013-08-28T13:27:16Z,2013-08-28T12:53:36Z,2013-08-28T13:41:28Z,348,852,128,1,128,48.5808437846829,-4.72749014352354
B34,hg36-B34-12,2013-08-28T13:46:16Z,2013-08-28T17:06:56Z,2013-08-28T13:41:28Z,2013-08-28T17:12:20Z,288,324,129,1,129,48.580415725708,-4.72695517539978
B34,hg36-B34-12,2013-08-29T01:53:00Z,2013-08-29T06:23:32Z,2013-08-29T01:43:52Z,2013-08-29T05:55:52Z,548,1660,130,1,130,48.5816249847412,-4.72738480567932
B34,hg36-B34-12,2013-08-29T14:51:28Z,2013-08-29T18:06:04Z,2013-08-29T14:41:52Z,2013-08-29T18:08:31Z,576,147,131,1,131,48.5807189941406,-4.72673988342285
B34,hg36-B34-12,2013-08-30T01:32:16Z,2013-08-30T05:48:00Z,2013-08-30T01:22:48Z,2013-08-30T05:34:48Z,568,792,132,1,132,48.5810756683349,-4.7278048992157
B34,hg36-B34-12,2013-08-31T04:33:40Z,2013-08-31T07:58:44Z,2013-08-31T04:40:52Z,2013-08-31T08:52:40Z,432,3236,133,1,133,48.5812797546387,-4.72770977020264
B34,hg36-B34-12,2013-08-31T19:11:08Z,2013-08-31T21:27:56Z,2013-08-31T19:06:00Z,2013-08-31T21:34:08Z,308,372,134,1,134,48.5806694030762,-4.72832012176514
B34,hg36-B34-12,2013-09-01T08:50:52Z,2013-09-01T09:03:44Z,2013-09-01T09:02:36Z,2013-09-01T09:02:36Z,704,68,135,1,135,48.5776786804199,-4.73006010055542
B34,hg36-B34-12,2013-09-02T05:45:52Z,2013-09-02T07:02:16Z,2013-09-02T05:41:16Z,2013-09-02T07:27:36Z,276,1520,136,1,136,48.3656806945801,-4.87919998168945
B34,hg36-B34-12,2013-09-02T19:21:36Z,2013-09-02T23:42:16Z,2013-09-02T19:17:20Z,2013-09-02T23:29:20Z,256,776,140,1,140,48.3679256439209,-4.86619997024536
B34,hg36-B34-12,2013-09-03T06:52:52Z,2013-09-03T08:13:28Z,2013-09-03T06:56:12Z,2013-09-03T08:43:32Z,200,1804,141,1,141,48.3653297424316,-4.87905979156494
B34,hg36-B34-12,2013-09-03T09:13:48Z,2013-09-03T10:16:28Z,2013-09-03T09:07:48Z,2013-09-03T10:26:00Z,360,572,142,1,142,48.343448638916,-4.8804497718811
B34,hg36-B34-12,2013-09-03T20:06:56Z,2013-09-03T23:34:32Z,2013-09-03T20:05:04Z,2013-09-03T23:53:08Z,112,1116,143,1,143,48.3460861368857,-4.87472489353382
B34,hg36-B34-12,2013-09-04T09:52:00Z,2013-09-04T11:00:16Z,2013-09-04T09:45:04Z,2013-09-04T11:51:04Z,416,3048,144,1,144,48.5820195798521,-4.7265562092818
B34,hg36-B34-12,2013-09-06T09:26:48Z,2013-09-06T13:26:20Z,2013-09-06T09:19:36Z,2013-09-06T14:44:28Z,432,4688,145,1,145,48.5789413452148,-4.72774982452393
B34,hg36-B34-12,2013-09-07T11:04:36Z,2013-09-07T13:09:48Z,2013-09-07T11:05:40Z,2013-09-07T13:19:48Z,64,600,148,1,148,48.5820198059082,-4.72644996643066
B34,hg36-B34-12,2013-09-07T22:24:44Z,2013-09-08T01:57:32Z,2013-09-07T22:30:28Z,2013-09-08T02:00:24Z,344,172,149,1,149,48.5814456939697,-4.72378993034363
B34,hg36-B34-12,2013-09-08T12:20:20Z,2013-09-08T14:06:28Z,2013-09-08T12:23:16Z,2013-09-08T14:09:36Z,176,188,150,1,150,48.5809211730957,-4.72735977172852
B34,hg36-B34-12,2013-09-08T23:08:12Z,2013-09-09T02:15:04Z,2013-09-08T23:06:04Z,2013-09-09T02:19:28Z,128,264,151,1,151,48.5825443267822,-4.7305600643158
B34,hg36-B34-12,2013-09-09T12:59:52Z,2013-09-09T14:38:48Z,2013-09-09T12:55:56Z,2013-09-09T16:00:48Z,236,4920,152,1,152,48.5783004760742,-4.72833013534546
B34,hg36-B34-12,2013-09-10T12:13:00Z,2013-09-10T15:02:12Z,2013-09-10T12:18:32Z,2013-09-10T15:23:12Z,332,1260,153,1,153,48.5811290740967,-4.7278950214386
B34,hg36-B34-12,2013-09-10T23:00:12Z,2013-09-11T01:08:36Z,2013-09-10T23:05:16Z,2013-09-10T23:05:16Z,304,7400,154,1,154,48.5806694030762,-4.73084020614624
B34,hg36-B34-12,2013-09-11T13:33:36Z,2013-09-11T15:24:36Z,2013-09-11T13:25:32Z,2013-09-11T15:36:04Z,484,688,156,1,156,48.5783959302036,-4.72894030231005
B34,hg36-B34-12,2013-09-12T00:56:48Z,2013-09-12T04:39:48Z,2013-09-12T01:08:48Z,2013-09-12T04:45:56Z,720,368,157,1,157,48.5803852081299,-4.72724509239197
B34,hg36-B34-12,2013-09-12T15:46:36Z,2013-09-12T17:32:36Z,2013-09-12T15:43:56Z,2013-09-12T18:40:48Z,160,4092,158,1,158,48.5785217285156,-4.72942018508911
B34,hg36-B34-12,2013-09-13T04:35:24Z,2013-09-13T05:48:52Z,2013-09-13T04:29:56Z,2013-09-13T05:49:28Z,328,36,159,1,159,48.5781211853027,-4.72846984863281
B34,hg36-B34-12,2013-09-13T12:29:08Z,2013-09-13T13:31:32Z,2013-09-13T12:34:00Z,2013-09-13T13:46:36Z,292,904,160,1,160,48.578540802002,-4.72970008850098
B34,hg36-B34-12,2013-09-13T14:59:48Z,2013-09-13T18:06:20Z,2013-09-13T15:04:04Z,2013-09-13T18:31:44Z,256,1524,161,1,161,48.5820446014405,-4.72974491119385
B34,hg36-B34-12,2013-09-14T17:45:40Z,2013-09-14T18:55:16Z,2013-09-14T17:41:32Z,2013-09-14T19:54:08Z,248,3532,162,1,162,48.5820388793945,-4.73035001754761
B34,hg36-B34-12,2013-09-14T19:06:00Z,2013-09-14T19:55:08Z,2013-09-14T19:54:08Z,2013-09-14T19:54:08Z,2888,60,163,1,163,48.5782699584961,-4.72868013381958
B34,hg36-B34-12,2013-09-15T18:47:04Z,2013-09-15T19:48:12Z,2013-09-15T18:16:12Z,2013-09-15T20:20:04Z,1852,1912,164,1,164,48.5839153347282,-4.72183540049639
B34,hg36-B34-12,2013-09-15T20:56:44Z,2013-09-15T21:22:36Z,2013-09-15T21:01:40Z,2013-09-15T21:23:36Z,296,60,165,1,165,48.5779914855957,-4.72812986373901
B34,hg36-B34-12,2013-09-16T19:07:20Z,2013-09-16T22:50:04Z,2013-09-16T18:39:20Z,2013-09-16T22:53:40Z,1680,216,166,1,166,48.5706846414669,-4.72588937585669
B34,hg36-B34-12,2013-09-17T20:40:56Z,2013-09-17T22:58:32Z,2013-09-17T20:39:48Z,2013-09-17T22:52:44Z,68,348,167,1,167,48.5785808563233,-4.72795009613037
B34,hg36-B34-12,2013-09-18T09:16:40Z,2013-09-18T11:24:44Z,2013-09-18T09:15:28Z,2013-09-18T11:44:12Z,72,1168,168,1,168,48.5782890319824,-4.72802019119263
B34,hg36-B34-12,2013-09-18T21:28:24Z,2013-09-19T00:02:52Z,2013-09-18T21:26:16Z,2013-09-19T00:03:24Z,128,32,169,1,169,48.5787010192871,-4.727530002594
B34,hg36-B34-12,2013-09-19T00:09:52Z,2013-09-19T00:20:44Z,2013-09-19T00:15:24Z,2013-09-19T00:15:24Z,332,320,170,1,170,48.5773391723633,-4.72924995422363
B34,hg36-B34-12,2013-09-19T10:13:56Z,2013-09-19T10:42:00Z,2013-09-19T09:56:24Z,2013-09-19T10:42:44Z,1052,44,171,1,171,48.5786353763059,-4.72753866113351
B34,hg36-B34-12,2013-09-19T10:57:24Z,2013-09-19T12:12:24Z,2013-09-19T10:55:48Z,2013-09-19T12:26:04Z,96,820,172,1,172,48.5786094665527,-4.72808980941772
B34,hg36-B34-12,2013-09-19T21:16:24Z,2013-09-20T00:52:24Z,2013-09-19T21:22:48Z,2013-09-19T23:22:48Z,384,5376,173,1,173,48.5809707641601,-4.73038983345032
B34,hg36-B34-12,2013-09-21T08:39:00Z,2013-09-21T09:42:16Z,2013-09-21T08:30:04Z,2013-09-21T09:42:04Z,536,12,175,1,175,48.577751159668,-4.72883987426758
B34,hg36-B34-12,2013-09-21T11:56:48Z,2013-09-21T13:10:44Z,2013-09-21T11:45:20Z,2013-09-21T13:08:04Z,688,160,176,1,176,48.5856704711914,-4.73129987716675
B34,hg36-B34-12,2013-09-21T22:55:40Z,2013-09-22T01:58:08Z,2013-09-21T23:00:32Z,2013-09-22T01:57:16Z,292,52,177,1,177,48.5786450703939,-4.72809998194377
B34,hg36-B34-12,2013-09-23T10:27:32Z,2013-09-23T13:11:28Z,2013-09-23T10:25:00Z,2013-09-23T13:12:08Z,152,40,178,1,178,48.3952198028565,-4.89561986923218
B34,hg36-B34-12,2013-09-23T22:13:56Z,2013-09-24T04:04:00Z,2013-09-23T22:13:24Z,2013-09-24T04:09:04Z,32,304,179,1,179,48.4192504882813,-4.96381497383118
B34,hg36-B34-12,2013-09-24T10:09:44Z,2013-09-24T15:29:32Z,2013-09-24T10:21:48Z,2013-09-24T15:34:40Z,724,308,180,1,180,48.4193305969238,-4.96466016769409
B34,hg36-B34-12,2013-09-24T22:10:16Z,2013-09-25T03:38:16Z,2013-09-24T22:06:20Z,2013-09-25T03:37:12Z,236,64,181,1,181,48.419620513916,-4.96467757225037
B34,hg36-B34-12,2013-09-25T11:14:28Z,2013-09-25T16:43:24Z,2013-09-25T11:14:32Z,2013-09-25T16:48:48Z,4,324,182,1,182,48.4199676513672,-4.96475330988566
B34,hg36-B34-12,2013-09-26T01:48:56Z,2013-09-26T04:04:28Z,2013-09-26T01:44:28Z,2013-09-26T04:10:28Z,268,360,183,1,183,48.4194049835205,-4.96475982666016
B34,hg36-B34-12,2013-09-26T12:12:52Z,2013-09-26T17:17:04Z,2013-09-26T12:24:32Z,2013-09-26T17:23:36Z,700,392,184,1,184,48.4198837280274,-4.96471341451009
B34,hg36-B34-12,2013-09-28T14:46:36Z,2013-09-28T19:07:52Z,2013-09-28T14:48:40Z,2013-09-28T19:10:52Z,124,180,185,1,185,48.5775604248047,-4.72919988632202
B34,hg36-B34-12,2013-09-30T19:21:32Z,2013-09-30T22:42:48Z,2013-09-30T19:20:40Z,2013-09-30T23:03:24Z,52,1236,186,1,186,48.3680057525635,-4.86164999008179
B34,hg36-B34-12,2013-10-01T21:04:36Z,2013-10-01T23:16:48Z,2013-10-01T21:05:28Z,2013-10-01T23:17:28Z,52,40,190,1,190,48.3734760284424,-4.86233496665955
B34,hg36-B34-12,2013-10-02T07:39:52Z,2013-10-02T11:18:52Z,2013-10-02T07:38:48Z,2013-10-02T11:20:12Z,64,80,191,1,191,48.3678188323974,-4.86036491394043
B34,hg36-B34-12,2013-10-02T20:31:56Z,2013-10-02T23:38:08Z,2013-10-02T20:22:44Z,2013-10-02T23:40:00Z,552,112,192,1,192,48.3663902282715,-4.85527992248535
B34,hg36-B34-12,2013-10-03T22:04:40Z,2013-10-03T23:41:04Z,2013-10-03T22:08:04Z,2013-10-03T23:40:28Z,204,36,193,1,193,48.5789318084717,-4.72952985763549
B34,hg36-B34-12,2013-10-05T10:13:12Z,2013-10-05T12:23:16Z,2013-10-05T10:13:28Z,2013-10-05T12:26:32Z,16,196,196,1,196,48.5840396881104,-4.72072982788086
B34,hg36-B34-12,2013-10-05T23:29:24Z,2013-10-06T00:53:20Z,2013-10-05T23:28:16Z,2013-10-05T23:40:36Z,68,4364,197,1,197,48.584098815918,-4.72090005874634
B34,hg36-B34-12,2013-10-06T10:21:56Z,2013-10-06T12:32:16Z,2013-10-06T10:27:56Z,2013-10-06T12:27:56Z,360,260,198,1,198,48.585485458374,-4.7225399017334
B34,hg36-B34-12,2013-10-06T23:49:32Z,2013-10-07T01:26:28Z,2013-10-06T23:43:44Z,2013-10-07T01:23:32Z,348,176,199,1,199,48.5782794952393,-4.72771000862121
B34,hg36-B34-12,2013-10-07T10:58:00Z,2013-10-07T13:03:04Z,2013-10-07T10:46:12Z,2013-10-07T12:58:12Z,708,292,200,1,200,48.582649230957,-4.72842979431152
B34,hg36-B34-12,2013-10-08T11:48:40Z,2013-10-08T13:37:36Z,2013-10-08T11:52:36Z,2013-10-08T13:43:24Z,236,348,201,1,201,48.5824089050293,-4.72815990447998
B34,hg36-B34-12,2013-10-08T22:14:12Z,2013-10-09T02:45:16Z,2013-10-08T22:06:00Z,2013-10-09T02:47:24Z,492,128,202,1,202,48.5809307098389,-4.73065996170044
B34,hg36-B34-12,2013-10-09T13:19:04Z,2013-10-09T13:43:28Z,2013-10-09T13:13:32Z,2013-10-09T13:45:04Z,332,96,203,1,203,48.5799559175839,-4.72870511383629
B34,hg36-B34-12,2013-10-10T01:33:12Z,2013-10-10T02:39:24Z,2013-10-10T01:38:48Z,2013-10-10T01:38:48Z,336,3636,204,1,204,48.5784111022949,-4.72788000106812
B34,hg36-B34-12,2013-10-11T02:05:48Z,2013-10-11T02:35:56Z,2013-10-11T02:05:44Z,2013-10-11T02:42:04Z,4,368,0,1,0,48.5825614929199,-4.72989988327026
B34,hg36-B34-12,2013-10-11T02:51:40Z,2013-10-11T03:47:28Z,2013-10-11T02:54:04Z,2013-10-11T04:20:08Z,144,1960,1,1,1,48.5821189880371,-4.7303249835968
B34,hg36-B34-12,2013-10-12T03:52:48Z,2013-10-12T05:45:20Z,2013-10-12T03:58:32Z,2013-10-12T06:31:32Z,344,2772,2,1,2,48.3668594360352,-4.86138010025024
B34,hg36-B34-12,2013-10-12T13:56:36Z,2013-10-12T19:14:56Z,2013-10-12T13:55:04Z,2013-10-12T19:15:56Z,92,60,3,1,3,48.3671760559082,-4.86119985580445
B34,hg36-B34-12,2013-10-12T23:57:32Z,2013-10-13T00:24:32Z,2013-10-13T00:09:20Z,2013-10-13T00:21:20Z,708,192,4,1,4,48.3675861358643,-4.86125493049621
B34,hg36-B34-12,2013-10-13T00:31:24Z,2013-10-13T02:42:24Z,2013-10-13T00:33:20Z,2013-10-13T02:46:40Z,116,256,5,1,5,48.3668861389161,-4.86137509346008
B34,hg36-B34-12,2013-10-13T02:54:08Z,2013-10-13T07:44:08Z,2013-10-13T02:58:40Z,2013-10-13T06:58:40Z,272,2728,6,1,6,48.3734951019288,-4.86242008209229
B34,hg36-B34-12,2013-10-15T04:54:04Z,2013-10-15T05:17:04Z,2013-10-15T04:52:00Z,2013-10-15T05:04:00Z,124,784,7,1,7,48.5820999145508,-4.73022985458374
B34,hg36-B34-12,2013-10-15T05:24:32Z,2013-10-15T06:08:16Z,2013-10-15T05:04:00Z,2013-10-15T06:28:20Z,1232,1204,8,1,8,48.5820193626193,-4.73015961138155
B34,hg36-B34-12,2013-10-16T06:43:48Z,2013-10-16T09:21:04Z,2013-10-16T06:46:16Z,2013-10-16T09:35:20Z,148,856,9,1,9,48.5809383392334,-4.73048996925354
B34,hg36-B34-12,2013-10-16T18:45:28Z,2013-10-16T22:28:04Z,2013-10-16T18:18:52Z,2013-10-16T22:27:04Z,1596,60,10,1,10,48.5808792114258,-4.73044991493225
B34,hg36-B34-12,2013-10-18T10:26:36Z,2013-10-18T11:02:16Z,2013-10-18T10:27:00Z,2013-10-18T10:27:00Z,24,2116,14,1,14,48.5814590454102,-4.72333002090454
B34,hg36-B34-12,2013-10-19T19:46:32Z,2013-10-20T01:52:12Z,2013-10-19T19:44:28Z,2013-10-20T01:50:56Z,124,76,16,1,16,48.3678436279297,-4.86064338684082
B34,hg36-B34-12,2013-10-20T10:45:44Z,2013-10-20T13:14:24Z,2013-10-20T10:35:08Z,2013-10-20T13:20:24Z,636,360,17,1,17,48.4195213317871,-4.96494007110596
B34,hg36-B34-12,2013-10-20T21:37:36Z,2013-10-21T01:30:08Z,2013-10-20T21:27:04Z,2013-10-21T02:26:00Z,632,3352,18,1,18,48.4193678387141,-4.96517237736432
B34,hg36-B34-12,2013-10-21T09:46:24Z,2013-10-21T13:26:00Z,2013-10-21T10:05:00Z,2013-10-21T13:29:12Z,1116,192,19,1,19,48.4195652008057,-4.96463489532471
B34,hg36-B34-12,2013-10-22T12:17:00Z,2013-10-22T14:00:04Z,2013-10-22T11:54:00Z,2013-10-22T11:54:00Z,1380,7564,20,1,20,48.580722107949,-4.73054134083323
B34,hg36-B34-12,2013-10-23T11:23:04Z,2013-10-23T12:29:00Z,2013-10-23T11:23:04Z,2013-10-23T12:28:16Z,0,44,23,1,23,48.5812206268311,-4.73022508621216
B34,hg36-B34-12,2013-10-23T23:05:28Z,2013-10-24T03:58:00Z,2013-10-23T23:14:12Z,2013-10-24T04:13:04Z,524,904,24,1,24,48.5779552459717,-4.72980999946594
B34,hg36-B34-12,2013-10-24T11:39:32Z,2013-10-24T16:00:28Z,2013-10-24T11:39:52Z,2013-10-24T15:39:52Z,20,1236,25,1,25,48.5804405212402,-4.73177504539489
B34,hg36-B34-12,2013-10-25T00:46:04Z,2013-10-25T04:52:24Z,2013-10-25T00:40:12Z,2013-10-25T04:53:16Z,352,52,26,1,26,48.5808906555175,-4.73129987716675
B34,hg36-B34-12,2013-10-25T12:41:00Z,2013-10-25T16:56:12Z,2013-10-25T12:40:00Z,2013-10-25T16:52:40Z,60,212,27,1,27,48.5805950164795,-4.73151993751526
B34,hg36-B34-12,2013-10-26T02:44:48Z,2013-10-26T03:44:48Z,2013-10-26T02:41:56Z,2013-10-26T03:46:20Z,172,92,28,1,28,48.5788688659668,-4.72914981842041
B34,hg36-B34-12,2013-10-27T21:37:04Z,2013-10-28T15:02:12Z,2013-10-27T21:40:56Z,2013-10-28T15:15:12Z,232,780,29,1,29,48.3709175109863,-4.88046398162842
B34,hg36-B34-12,2013-10-29T11:17:48Z,2013-10-29T16:39:52Z,2013-10-29T11:11:28Z,2013-10-29T16:41:28Z,380,96,32,1,32,48.3709963804303,-4.87851389624858
B34,hg36-B34-12,2013-10-29T18:48:32Z,2013-10-29T19:25:16Z,2013-10-29T18:47:16Z,2013-10-29T19:26:00Z,76,44,33,1,33,48.3658905029297,-4.87876987457275
B34,hg36-B34-12,2013-10-30T13:00:32Z,2013-10-30T21:50:40Z,2013-10-30T13:06:20Z,2013-10-30T21:52:08Z,348,88,34,1,34,48.3708140055339,-4.87983004252116
B34,hg36-B34-12,2013-11-03T09:07:20Z,2013-11-03T11:15:20Z,2013-11-03T08:54:48Z,2013-11-03T11:16:24Z,752,64,35,1,35,48.5794856256461,-4.72735332948813
B34,hg36-B34-12,2013-11-04T01:26:12Z,2013-11-04T03:40:12Z,2013-11-04T01:36:44Z,2013-11-04T03:36:44Z,632,208,36,1,36,48.3709506988526,-4.88063001632691
B34,hg36-B34-12,2013-11-04T22:17:48Z,2013-11-05T01:03:16Z,2013-11-04T22:15:56Z,2013-11-05T01:06:24Z,112,188,39,1,39,48.368200302124,-4.86598992347717
B34,hg36-B34-12,2013-11-05T09:08:36Z,2013-11-05T10:31:12Z,2013-11-05T08:55:44Z,2013-11-05T10:53:16Z,772,1324,40,1,40,48.36858891981,-4.86474030408628
B34,hg36-B34-12,2013-11-05T11:14:40Z,2013-11-05T12:14:16Z,2013-11-05T11:18:08Z,2013-11-05T12:13:40Z,208,36,41,1,41,48.3694038391113,-4.87434983253479
B34,hg36-B34-12,2013-11-07T02:01:28Z,2013-11-07T02:48:56Z,2013-11-07T01:45:48Z,2013-11-07T02:45:56Z,940,180,42,1,42,48.5805892944336,-4.72805023193359
B34,hg36-B34-12,2013-11-07T10:52:00Z,2013-11-07T11:16:24Z,2013-11-07T10:50:16Z,2013-11-07T11:19:40Z,104,196,43,1,43,48.580810546875,-4.7278299331665
B34,hg36-B34-12,2013-11-07T11:39:20Z,2013-11-07T12:38:44Z,2013-11-07T11:31:44Z,2013-11-07T12:50:12Z,456,688,44,1,44,48.5795368690458,-4.71630001068115
B34,hg36-B34-12,2013-11-09T01:59:24Z,2013-11-09T02:26:12Z,2013-11-09T02:11:44Z,2013-11-09T02:37:48Z,740,696,47,1,47,48.568531036377,-4.74836015701294
B34,hg36-B34-12,2013-11-09T03:08:00Z,2013-11-09T03:53:12Z,2013-11-09T03:14:20Z,2013-11-09T03:51:48Z,380,84,48,1,48,48.5728740692139,-4.73526000976563
B34,hg36-B34-12,2013-11-10T00:27:52Z,2013-11-10T05:27:36Z,2013-11-10T00:27:52Z,2013-11-10T05:29:04Z,0,88,49,1,49,48.5800495147705,-4.73092007637024
B34,hg36-B34-12,2013-11-11T02:25:00Z,2013-11-11T06:43:48Z,2013-11-11T01:59:52Z,2013-11-11T08:55:48Z,1508,7920,50,1,50,48.5677486364038,-4.73639005001291
B34,hg36-B34-12,2013-11-12T06:09:28Z,2013-11-12T06:57:28Z,2013-11-12T06:19:48Z,2013-11-12T06:19:48Z,620,2260,51,1,51,48.5725212097168,-4.73514986038208
B34,hg36-B34-12,2013-11-12T16:23:44Z,2013-11-12T19:40:12Z,2013-11-12T16:13:00Z,2013-11-12T19:39:12Z,644,60,52,1,52,48.5723304748536,-4.73568511009216
B34,hg36-B34-12,2013-11-13T16:49:28Z,2013-11-13T17:38:56Z,2013-11-13T16:51:40Z,2013-11-13T17:40:08Z,132,72,53,1,53,48.3677787780762,-4.86615991592407
B34,hg36-B34-12,2013-11-14T01:59:20Z,2013-11-14T02:23:52Z,2013-11-14T01:56:08Z,2013-11-14T02:20:08Z,192,224,56,1,56,48.3707885742188,-4.88059997558594
B34,hg36-B34-12,2013-11-14T19:07:20Z,2013-11-14T22:54:28Z,2013-11-14T19:04:56Z,2013-11-14T22:52:16Z,144,132,57,1,57,48.3705202738444,-4.87777328491211
B34,hg36-B34-12,2013-11-15T15:04:28Z,2013-11-16T02:01:56Z,2013-11-15T15:01:00Z,2013-11-16T02:08:08Z,208,372,58,1,58,48.3708979288737,-4.88011995951335
B34,hg36-B34-12,2013-11-18T08:13:12Z,2013-11-18T09:34:28Z,2013-11-18T08:13:40Z,2013-11-18T08:13:40Z,28,4848,61,1,61,48.5778198242188,-4.72870016098022
B34,hg36-B34-12,2013-11-18T22:13:32Z,2013-11-19T00:17:48Z,2013-11-18T22:16:28Z,2013-11-19T01:07:04Z,176,2956,62,1,62,48.5672912597656,-4.74624013900757
B34,hg36-B34-12,2013-11-19T22:00:28Z,2013-11-19T23:04:24Z,2013-11-19T21:54:08Z,2013-11-19T23:17:12Z,380,768,63,1,63,48.3695402298464,-4.87712643923396
B34,hg36-B34-12,2013-11-19T23:10:00Z,2013-11-20T00:52:16Z,2013-11-19T23:17:12Z,2013-11-20T00:53:00Z,432,44,64,1,64,48.3699493408203,-4.87848997116089
B34,hg36-B34-12,2013-11-20T04:00:56Z,2013-11-20T08:20:20Z,2013-11-20T04:04:04Z,2013-11-20T08:20:56Z,188,36,65,1,65,48.3710308074951,-4.88036489486695
B34,hg36-B34-12,2013-11-21T01:41:12Z,2013-11-21T02:18:56Z,2013-11-21T01:39:00Z,2013-11-21T02:20:28Z,132,92,66,1,66,48.3705215454102,-4.8780198097229
B34,hg36-B34-12,2013-11-21T11:24:48Z,2013-11-21T14:58:32Z,2013-11-21T11:22:48Z,2013-11-21T15:13:56Z,120,924,67,1,67,48.3680000305176,-4.88138008117676
B34,hg36-B34-12,2013-11-21T19:37:48Z,2013-11-22T01:05:20Z,2013-11-21T19:41:44Z,2013-11-22T01:04:04Z,236,76,68,1,68,48.3700625101725,-4.88260666529338
B34,hg36-B34-12,2013-11-23T00:05:04Z,2013-11-23T02:45:56Z,2013-11-23T00:10:04Z,2013-11-23T03:02:40Z,300,1004,69,1,69,48.3607387542724,-4.88169503211975
B34,hg36-B34-12,2013-11-23T10:12:52Z,2013-11-23T17:23:16Z,2013-11-23T10:07:00Z,2013-11-23T17:43:16Z,352,1200,70,1,70,48.3704509735107,-4.88245511054992
B34,hg36-B34-12,2013-11-24T23:57:28Z,2013-11-25T02:31:28Z,2013-11-25T00:10:04Z,2013-11-25T02:44:20Z,756,772,73,1,73,48.3175315856934,-4.87884998321533
B34,hg36-B34-12,2013-11-25T02:37:40Z,2013-11-25T04:00:16Z,2013-11-25T02:44:20Z,2013-11-25T04:16:28Z,400,972,74,1,74,48.3173713684082,-4.87911987304688
B34,hg36-B34-12,2013-11-25T12:02:00Z,2013-11-25T18:55:16Z,2013-11-25T12:00:56Z,2013-11-25T18:54:40Z,64,36,75,1,75,48.3190193176269,-4.88007656733195
B34,hg36-B34-12,2013-11-26T11:48:16Z,2013-11-26T20:06:56Z,2013-11-26T11:27:56Z,2013-11-26T20:04:32Z,1220,144,76,1,76,48.4125289916992,-4.99957013130188
B34,hg36-B34-12,2013-11-28T10:09:00Z,2013-11-28T10:54:04Z,2013-11-28T10:12:52Z,2013-11-28T11:01:00Z,232,416,79,1,79,48.4230918884277,-4.99871015548706
B34,hg36-B34-12,2013-11-28T12:51:00Z,2013-11-28T16:10:56Z,2013-11-28T12:44:28Z,2013-11-28T16:12:16Z,392,80,80,1,80,48.4227905273438,-4.99867010116577
B34,hg36-B34-12,2013-11-30T04:47:56Z,2013-11-30T11:04:08Z,2013-11-30T04:36:48Z,2013-11-30T11:00:48Z,668,200,81,1,81,48.3175226847331,-4.87873331705729
B34,hg36-B34-12,2013-11-30T20:44:44Z,2013-11-30T22:08:36Z,2013-11-30T20:41:20Z,2013-11-30T22:38:44Z,204,1808,82,1,82,48.4068197935972,-4.98884963556007
B34,hg36-B34-12,2013-12-01T08:54:44Z,2013-12-01T10:01:28Z,2013-12-01T08:51:20Z,2013-12-01T10:07:00Z,204,332,83,1,83,48.40237827217,-4.99682441051825
B34,hg36-B34-12,2013-12-02T07:57:36Z,2013-12-02T11:51:16Z,2013-12-02T07:47:08Z,2013-12-02T11:57:36Z,628,380,84,1,84,48.4193801879883,-4.9648699760437
B34,hg36-B34-12,2013-12-02T21:40:24Z,2013-12-03T00:18:56Z,2013-12-02T21:28:56Z,2013-12-03T00:20:08Z,688,72,85,1,85,48.4195098876953,-4.9647798538208
B34,hg36-B34-12,2013-12-03T09:58:36Z,2013-12-03T12:50:52Z,2013-12-03T09:51:24Z,2013-12-03T12:56:56Z,432,364,86,1,86,48.420001176292,-4.96516334295187
B34,hg36-B34-12,2013-12-03T23:00:40Z,2013-12-04T00:28:00Z,2013-12-03T22:47:52Z,2013-12-04T00:29:36Z,768,96,87,1,87,48.4130002293018,-5.00307356764424
B34,hg36-B34-12,2013-12-04T11:23:20Z,2013-12-04T12:44:56Z,2013-12-04T11:17:44Z,2013-12-04T13:57:04Z,336,4328,88,1,88,48.4202073899273,-4.96514567929831
B34,hg36-B34-12,2013-12-06T03:59:32Z,2013-12-06T04:27:00Z,2013-12-06T04:02:44Z,2013-12-06T04:02:44Z,192,1456,89,1,89,48.5644912719727,-4.72704982757568
B34,hg36-B34-12,2013-12-06T10:56:44Z,2013-12-06T12:37:04Z,2013-12-06T10:41:28Z,2013-12-06T12:38:08Z,916,64,90,1,90,48.5772105037144,-4.72761645630431
B34,hg36-B34-12,2013-12-06T12:50:04Z,2013-12-06T14:11:56Z,2013-12-06T12:50:12Z,2013-12-06T14:40:48Z,8,1732,91,1,91,48.5764198303223,-4.72945976257324
B34,hg36-B34-12,2013-12-07T13:09:04Z,2013-12-07T15:22:04Z,2013-12-07T13:19:08Z,2013-12-07T16:03:16Z,604,2472,92,1,92,48.5811500549316,-4.72418022155762
B34,hg36-B34-12,2013-12-09T01:35:32Z,2013-12-09T05:24:36Z,2013-12-09T01:31:24Z,2013-12-09T05:23:04Z,248,92,93,1,93,48.580987294515,-4.73071988423665
B34,hg36-B34-12,2013-12-09T12:35:16Z,2013-12-09T12:49:12Z,2013-12-09T12:39:16Z,2013-12-09T12:53:24Z,240,252,94,1,94,48.580638885498,-4.73185014724731
B34,hg36-B34-12,2013-12-09T12:57:00Z,2013-12-09T18:23:52Z,2013-12-09T12:53:24Z,2013-12-09T19:20:32Z,216,3400,95,1,95,48.5806630452474,-4.73178339004517
B34,hg36-B34-12,2013-12-10T03:59:52Z,2013-12-10T05:38:56Z,2013-12-10T03:57:12Z,2013-12-10T05:40:40Z,160,104,96,1,96,48.3735084533691,-4.86203002929688
B34,hg36-B34-12,2013-12-10T12:11:20Z,2013-12-10T13:46:00Z,2013-12-10T12:10:44Z,2013-12-10T13:45:24Z,36,36,97,1,97,48.319164276123,-4.87945508956909
B34,hg36-B34-12,2013-12-10T14:54:04Z,2013-12-10T18:31:20Z,2013-12-10T14:58:32Z,2013-12-10T18:44:48Z,268,808,98,1,98,48.3193397521973,-4.8794400691986
B34,hg36-B34-12,2013-12-11T03:28:48Z,2013-12-11T08:17:40Z,2013-12-11T03:35:44Z,2013-12-11T08:19:20Z,416,100,99,1,99,48.3735408782959,-4.8625099658966
B34,hg36-B34-12,2013-12-11T19:11:52Z,2013-12-11T23:32:28Z,2013-12-11T18:58:28Z,2013-12-11T23:27:24Z,804,304,100,1,100,48.3717155456543,-4.88152809143066
B34,hg36-B34-12,2013-12-12T00:06:40Z,2013-12-12T22:49:12Z,2013-12-12T00:06:32Z,2013-12-12T23:01:28Z,8,736,101,1,101,48.3706634521484,-4.88036994934082
B34,hg36-B34-12,2013-12-14T07:28:28Z,2013-12-14T08:19:48Z,2013-12-14T07:32:56Z,2013-12-14T08:20:20Z,268,32,102,1,102,48.5809707641602,-4.73041009902954
B34,hg36-B34-12,2013-12-15T10:45:00Z,2013-12-15T11:18:00Z,2013-12-15T10:50:16Z,2013-12-15T11:22:40Z,316,280,105,1,105,48.5810012817383,-4.73064994812012
B34,hg36-B34-12,2013-12-15T19:53:12Z,2013-12-15T23:09:04Z,2013-12-15T19:51:40Z,2013-12-15T23:12:04Z,92,180,106,1,106,48.5810050964355,-4.72782516479492
B34,hg36-B34-12,2013-12-16T09:01:32Z,2013-12-16T10:45:16Z,2013-12-16T08:54:00Z,2013-12-16T10:58:20Z,452,784,107,1,107,48.5814282537466,-4.7303799401659
B34,hg36-B34-12,2013-12-17T09:22:04Z,2013-12-17T12:57:16Z,2013-12-17T08:57:28Z,2013-12-17T12:58:52Z,1476,96,108,1,108,48.581169128418,-4.72729015350342
B34,hg36-B34-12,2013-12-17T21:44:40Z,2013-12-18T01:25:16Z,2013-12-17T21:38:36Z,2013-12-18T01:27:16Z,364,120,109,1,109,48.5796230855558,-4.73024982836085
B34,hg36-B34-12,2013-12-18T08:53:56Z,2013-12-18T12:34:20Z,2013-12-18T08:27:20Z,2013-12-18T13:05:00Z,1596,1840,110,1,110,48.5811789010038,-4.72943812561488
B34,hg36-B34-12,2013-12-18T22:38:24Z,2013-12-18T22:53:12Z,2013-12-18T22:42:24Z,2013-12-18T22:54:28Z,240,76,111,1,111,48.5796813964844,-4.73097991943359
B34,hg36-B34-12,2013-12-18T22:56:16Z,2013-12-19T01:20:24Z,2013-12-18T22:54:28Z,2013-12-19T01:21:16Z,108,52,112,1,112,48.5807304382324,-4.73045015335083
B34,hg36-B34-12,2013-12-19T23:46:32Z,2013-12-20T02:06:40Z,2013-12-19T23:50:32Z,2013-12-20T02:21:28Z,240,888,113,1,113,48.5811004638672,-4.72763013839722
B34,hg36-B34-12,2013-12-20T09:56:08Z,2013-12-20T14:32:52Z,2013-12-20T09:19:16Z,2013-12-20T14:47:24Z,2212,872,114,1,114,48.5800285339355,-4.73078012466431
B34,hg36-B34-12,2013-12-22T22:43:16Z,2013-12-22T22:56:36Z,2013-12-22T22:48:04Z,2013-12-22T23:00:04Z,288,208,117,1,117,48.3709907531738,-4.88045978546143
B34,hg36-B34-12,2013-12-23T03:45:20Z,2013-12-23T11:02:20Z,2013-12-23T03:42:20Z,2013-12-23T11:17:40Z,180,920,118,1,118,48.3713054656982,-4.87986016273499
B34,hg36-B34-12,2013-12-24T13:52:32Z,2013-12-24T14:13:52Z,2013-12-24T13:50:20Z,2013-12-24T14:02:20Z,132,692,121,1,121,48.3713912963867,-4.88264989852905
B34,hg36-B34-12,2013-12-26T07:11:08Z,2013-12-26T07:28:32Z,2013-12-26T08:00:32Z,2013-12-26T08:00:32Z,2964,1920,124,1,124,48.5655259164481,-4.71813446211782
B34,hg36-B34-12,2013-12-26T13:03:52Z,2013-12-26T13:19:20Z,2013-12-26T13:14:56Z,2013-12-26T13:14:56Z,664,264,125,1,125,48.5799102783203,-4.73098993301392
B34,hg36-B34-12,2013-12-26T13:22:36Z,2013-12-26T16:09:12Z,2013-12-26T13:26:56Z,2013-12-26T16:10:20Z,260,68,126,1,126,48.5798740386963,-4.73089504241943
B34,hg36-B34-12,2013-12-26T16:23:56Z,2013-12-26T17:43:40Z,2013-12-26T16:23:28Z,2013-12-26T18:02:04Z,28,1104,127,1,127,48.5809707641602,-4.73046016693115
B34,hg36-B34-12,2013-12-27T18:19:16Z,2013-12-27T20:32:16Z,2013-12-27T18:24:08Z,2013-12-27T20:38:08Z,292,352,128,1,128,48.5801105499268,-4.73077487945556
B34,hg36-B34-12,2013-12-28T07:01:56Z,2013-12-28T08:00:20Z,2013-12-28T07:09:24Z,2013-12-28T07:09:24Z,448,3056,129,1,129,48.5810394287109,-4.72786998748779
B34,hg36-B34-12,2013-12-28T21:56:52Z,2013-12-28T22:39:20Z,2013-12-28T21:52:08Z,2013-12-28T22:04:08Z,284,2112,130,1,130,48.5799903869629,-4.73112010955811
B34,hg36-B34-12,2013-12-29T19:38:56Z,2013-12-29T22:10:28Z,2013-12-29T18:25:52Z,2013-12-29T22:12:36Z,4384,128,133,1,133,48.5809516906738,-4.73055982589722
B34,hg36-B34-12,2013-12-30T09:08:24Z,2013-12-30T09:55:24Z,2013-12-30T09:06:16Z,2013-12-30T09:52:32Z,128,172,134,1,134,48.5790214538574,-4.73030996322632
B34,hg36-B34-12,2013-12-30T10:00:16Z,2013-12-30T10:25:32Z,2013-12-30T10:04:32Z,2013-12-30T10:37:08Z,256,696,135,1,135,48.5797004699707,-4.731369972229
B34,hg36-B34-12,2013-12-30T10:31:08Z,2013-12-30T10:43:48Z,2013-12-30T10:37:08Z,2013-12-30T10:49:08Z,360,320,136,1,136,48.5800399780273,-4.73065996170044
B34,hg36-B34-12,2013-12-30T20:56:16Z,2013-12-30T23:23:00Z,2013-12-30T20:58:04Z,2013-12-30T20:58:04Z,108,8696,137,1,137,48.5811500549316,-4.73034000396729
B34,hg36-B34-12,2013-12-31T08:13:36Z,2013-12-31T10:59:44Z,2013-12-31T08:12:00Z,2013-12-31T11:12:20Z,96,756,138,1,138,48.5807991027832,-4.73071002960205
B34,hg36-B34-12,2013-12-31T11:12:12Z,2013-12-31T11:51:28Z,2013-12-31T11:12:20Z,2013-12-31T12:20:48Z,8,1760,139,1,139,48.5808906555176,-4.73078012466431
B34,hg36-B34-12,2013-12-31T21:45:20Z,2013-12-31T22:52:16Z,2013-12-31T21:41:04Z,2013-12-31T23:15:04Z,256,1368,140,1,140,48.5810089111328,-4.73064994812012
B34,hg36-B34-12,2013-12-31T22:58:52Z,2013-12-31T23:33:12Z,2013-12-31T23:15:04Z,2013-12-31T23:15:04Z,972,1088,141,1,141,48.5810394287109,-4.72935009002686
B34,hg36-B34-12,2014-01-01T21:43:28Z,2014-01-02T00:41:56Z,2014-01-01T21:28:36Z,2014-01-02T00:43:32Z,892,96,142,1,142,48.5806503295898,-4.73076009750366
B34,hg36-B34-12,2014-01-02T09:05:56Z,2014-01-02T12:51:24Z,2014-01-02T09:08:52Z,2014-01-02T12:49:48Z,176,96,143,1,143,48.5809771219889,-4.73052994410197
B34,hg36-B34-12,2014-01-02T22:02:08Z,2014-01-03T01:54:04Z,2014-01-02T22:05:16Z,2014-01-03T00:05:16Z,188,6528,144,1,144,48.5810050964355,-4.72800016403198
B34,hg36-B34-12,2014-01-04T11:28:28Z,2014-01-04T14:13:56Z,2014-01-04T11:26:24Z,2014-01-04T14:15:16Z,124,80,145,1,145,48.5802116394043,-4.73051023483276
B34,hg36-B34-12,2014-01-05T03:12:20Z,2014-01-05T03:27:16Z,2014-01-05T03:20:04Z,2014-01-05T03:20:04Z,464,432,146,1,146,48.5808792114258,-4.7309398651123
B34,hg36-B34-12,2014-01-05T11:50:28Z,2014-01-05T15:36:48Z,2014-01-05T11:56:08Z,2014-01-05T15:39:16Z,340,148,147,1,147,48.5810089111328,-4.73053979873657
B34,hg36-B34-12,2014-01-06T12:52:00Z,2014-01-06T16:07:56Z,2014-01-06T12:51:08Z,2014-01-06T16:09:36Z,52,100,148,1,148,48.579815372189,-4.730844228749
B34,hg36-B34-12,2014-01-07T14:59:56Z,2014-01-07T16:58:40Z,2014-01-07T15:01:52Z,2014-01-07T17:45:56Z,116,2836,151,1,151,48.5811080932617,-4.73031997680664
B34,hg36-B34-12,2014-01-13T07:49:56Z,2014-01-13T11:04:52Z,2014-01-13T06:54:16Z,2014-01-13T11:20:56Z,3340,964,157,1,157,48.5792198181152,-4.73176002502441
B34,hg36-B34-12,2014-01-14T09:12:32Z,2014-01-14T11:03:44Z,2014-01-14T09:06:40Z,2014-01-14T11:02:48Z,352,56,158,1,158,48.5799293518066,-4.73160982131958
B34,hg36-B34-12,2014-01-15T10:00:20Z,2014-01-15T12:28:16Z,2014-01-15T09:22:16Z,2014-01-15T12:43:04Z,2284,888,159,1,159,48.5748985697075,-4.7301980497667
B34,hg36-B34-12,2014-01-16T09:10:52Z,2014-01-16T12:24:48Z,2014-01-16T09:17:40Z,2014-01-16T12:42:20Z,408,1052,160,1,160,48.580436706543,-4.72967481613159
B34,hg36-B34-12,2014-01-17T06:40:40Z,2014-01-18T04:58:08Z,2014-01-17T05:54:56Z,2014-01-18T05:01:40Z,2744,212,161,1,161,48.3710594177246,-4.88063001632691
B36,hg36-B36-12,2013-06-20T02:59:56Z,2013-06-20T04:15:20Z,2013-06-20T03:02:40Z,2013-06-20T04:28:52Z,164,812,0,1,0,48.0429801940918,-4.88517999649048
B36,hg36-B36-12,2013-06-20T04:22:08Z,2013-06-20T05:02:16Z,2013-06-20T04:28:52Z,2013-06-20T04:28:52Z,404,2004,1,1,1,48.0433082580566,-4.88905000686646
B36,hg36-B36-12,2013-06-20T05:59:40Z,2013-06-20T06:38:24Z,2013-06-20T06:04:00Z,2013-06-20T07:11:24Z,260,1980,2,1,2,48.0429611206055,-4.88745021820068
B36,hg36-B36-12,2013-06-20T16:36:48Z,2013-06-20T22:23:20Z,2013-06-20T16:41:24Z,2013-06-20T20:41:24Z,276,6116,3,1,3,48.0464833577474,-4.88770993550618
B36,hg36-B36-12,2013-06-21T06:33:52Z,2013-06-21T09:09:00Z,2013-06-21T06:37:44Z,2013-06-21T08:37:44Z,232,1876,4,1,4,48.0466365814209,-4.88774490356445
B36,hg36-B36-12,2013-06-21T17:33:16Z,2013-06-21T18:25:08Z,2013-06-21T16:58:16Z,2013-06-21T18:46:00Z,2100,1252,5,1,5,48.0468795842463,-4.88819657221878
B36,hg36-B36-12,2013-06-21T18:48:00Z,2013-06-21T21:58:32Z,2013-06-21T18:46:00Z,2013-06-21T22:40:12Z,120,2500,6,1,6,48.0471000671387,-4.88740015029907
B36,hg36-B36-12,2013-06-24T08:46:52Z,2013-06-24T09:55:08Z,2013-06-24T08:41:44Z,2013-06-24T08:53:44Z,308,3684,7,1,7,48.3161811828613,-4.8721399307251
B36,hg36-B36-12,2013-06-25T20:13:28Z,2013-06-26T02:47:40Z,2013-06-25T20:09:16Z,2013-06-26T02:51:00Z,252,200,8,1,8,48.0474141438802,-4.8881467183431
B36,hg36-B36-12,2013-06-26T08:59:16Z,2013-06-26T10:56:16Z,2013-06-26T08:55:36Z,2013-06-26T10:57:04Z,220,48,9,1,9,48.0498695373535,-4.88946008682251
B36,hg36-B36-12,2013-06-26T11:00:24Z,2013-06-26T13:24:28Z,2013-06-26T10:57:04Z,2013-06-26T13:27:00Z,200,152,10,1,10,48.0497703552246,-4.89238023757935
B36,hg36-B36-12,2013-06-27T00:23:44Z,2013-06-27T01:55:00Z,2013-06-26T23:53:56Z,2013-06-27T01:46:00Z,1788,540,11,1,11,48.049690246582,-4.89249992370605
B36,hg36-B36-12,2013-06-27T10:14:40Z,2013-06-27T14:17:56Z,2013-06-27T10:16:24Z,2013-06-27T14:16:24Z,104,92,12,1,12,48.0492801666259,-4.89240503311157
B36,hg36-B36-12,2013-07-01T00:07:04Z,2013-07-01T03:38:12Z,2013-07-01T00:01:16Z,2013-07-01T03:51:24Z,348,792,16,1,16,48.046199798584,-4.88767004013062
B36,hg36-B36-12,2013-07-01T16:27:56Z,2013-07-01T18:14:44Z,2013-07-01T16:30:56Z,2013-07-01T18:15:16Z,180,32,17,1,17,48.0487785339355,-4.89241981506348
B36,hg36-B36-12,2013-07-02T03:02:40Z,2013-07-02T05:00:12Z,2013-07-02T03:05:20Z,2013-07-02T06:18:36Z,160,4704,18,1,18,48.0467414855957,-4.88742017745972
B36,hg36-B36-12,2013-07-03T00:32:28Z,2013-07-03T02:56:48Z,2013-07-03T00:36:12Z,2013-07-03T02:58:48Z,224,120,19,1,19,48.0436840057373,-4.88189506530762
B36,hg36-B36-12,2013-07-03T03:46:28Z,2013-07-03T08:58:16Z,2013-07-03T03:47:16Z,2013-07-03T09:00:20Z,48,124,20,1,20,48.046807607015,-4.88768323262533
B36,hg36-B36-12,2013-07-03T13:34:36Z,2013-07-03T16:02:48Z,2013-07-03T13:31:56Z,2013-07-03T16:04:24Z,160,96,21,1,21,48.0454158782959,-4.88651490211486
B36,hg36-B36-12,2013-07-03T16:50:00Z,2013-07-03T18:20:04Z,2013-07-03T16:53:44Z,2013-07-03T16:53:44Z,224,5180,22,1,22,48.0429382324219,-4.88755989074707
B36,hg36-B36-12,2013-07-06T20:31:24Z,2013-07-06T21:32:52Z,2013-07-06T20:30:24Z,2013-07-06T21:34:04Z,60,72,23,1,23,48.0485801696777,-4.89223003387451
B36,hg36-B36-12,2013-07-06T21:36:00Z,2013-07-06T23:12:28Z,2013-07-06T21:34:04Z,2013-07-06T23:15:16Z,116,168,24,1,24,48.0497589111328,-4.8931999206543
B36,hg36-B36-12,2013-07-07T06:50:20Z,2013-07-07T08:00:32Z,2013-07-07T06:55:28Z,2013-07-07T08:00:08Z,308,24,25,1,25,48.046989440918,-4.88834500312806
B36,hg36-B36-12,2013-07-07T08:38:12Z,2013-07-07T11:09:04Z,2013-07-07T08:26:16Z,2013-07-07T11:12:16Z,716,192,26,1,26,48.0497703552246,-4.89262008666992
B36,hg36-B36-12,2013-07-10T02:00:56Z,2013-07-10T02:25:52Z,2013-07-10T01:58:16Z,2013-07-10T02:10:16Z,160,936,27,1,27,48.0493392944336,-4.89184999465942
B36,hg36-B36-12,2013-07-10T08:19:44Z,2013-07-10T10:10:08Z,2013-07-10T08:24:28Z,2013-07-10T08:24:28Z,284,6340,28,1,28,48.048828125,-4.89231014251709
B36,hg36-B36-12,2013-07-27T10:33:56Z,2013-07-27T11:30:08Z,2013-07-27T10:38:32Z,2013-07-27T10:38:32Z,276,3096,86,1,86,48.0489082336426,-4.89249992370605
B36,hg36-B36-12,2013-07-28T02:12:24Z,2013-07-28T03:01:32Z,2013-07-28T01:33:04Z,2013-07-28T01:33:04Z,2360,5308,88,1,88,48.0349765036292,-4.86675120915998
B36,hg36-B36-12,2013-07-28T12:29:00Z,2013-07-28T15:33:16Z,2013-07-28T12:45:08Z,2013-07-28T15:34:52Z,968,96,89,1,89,48.0478801727295,-4.88770508766174
B36,hg36-B36-12,2013-07-31T19:20:32Z,2013-07-31T19:35:36Z,2013-07-31T19:16:08Z,2013-07-31T19:40:08Z,264,272,98,1,98,48.046070098877,-4.8889799118042
B36,hg36-B36-12,2013-07-31T23:41:56Z,2013-08-01T06:24:12Z,2013-07-31T23:38:56Z,2013-08-01T05:50:56Z,180,1996,99,1,99,48.0522499084473,-4.94175982475281
B36,hg36-B36-12,2013-08-01T12:10:16Z,2013-08-02T10:43:24Z,2013-08-01T12:10:08Z,2013-08-02T10:57:32Z,8,848,100,1,100,48.0519920349121,-4.94656000137329
B36,hg36-B36-12,2013-08-02T16:00:36Z,2013-08-02T22:44:08Z,2013-08-02T15:56:24Z,2013-08-02T22:45:56Z,252,108,101,1,101,48.0520401000977,-4.9464750289917
B36,hg36-B36-12,2013-08-03T04:13:16Z,2013-08-03T06:09:40Z,2013-08-03T03:33:04Z,2013-08-03T06:58:16Z,2412,2916,102,1,102,48.0520407470346,-4.94576373016629
B36,hg36-B36-12,2013-08-03T06:37:00Z,2013-08-03T08:43:04Z,2013-08-03T06:58:16Z,2013-08-03T08:44:12Z,1276,68,103,1,103,48.0521697998047,-4.94515991210938
B36,hg36-B36-12,2013-08-03T15:46:32Z,2013-08-04T00:42:12Z,2013-08-03T15:35:40Z,2013-08-04T01:06:52Z,652,1480,104,1,104,48.0522193908691,-4.94650983810425
B36,hg36-B36-12,2013-08-04T04:07:28Z,2013-08-04T11:34:36Z,2013-08-04T04:10:28Z,2013-08-04T12:01:32Z,180,1616,105,1,105,48.052136739095,-4.94628000259399
B36,hg36-B36-12,2013-08-04T18:28:52Z,2013-08-04T23:36:20Z,2013-08-04T18:28:24Z,2013-08-04T23:53:28Z,28,1028,106,1,106,48.0523414611816,-4.9468297958374
B36,hg36-B36-12,2013-08-05T07:27:08Z,2013-08-05T11:12:32Z,2013-08-05T07:29:40Z,2013-08-05T11:16:44Z,152,252,107,1,107,48.0523681640625,-4.94642019271851
B36,hg36-B36-12,2013-08-09T09:20:52Z,2013-08-09T13:15:40Z,2013-08-09T08:28:08Z,2013-08-09T08:28:08Z,3164,17252,112,1,112,48.0732005573494,-4.66352384032716
B36,hg36-B36-12,2013-08-10T22:43:28Z,2013-08-11T01:26:08Z,2013-08-10T22:44:08Z,2013-08-11T01:27:36Z,40,88,113,1,113,48.0476951599121,-4.88731503486633
B36,hg36-B36-12,2013-08-11T09:20:48Z,2013-08-11T10:27:32Z,2013-08-11T09:19:40Z,2013-08-11T10:43:08Z,68,936,114,1,114,48.0486297607422,-4.89160013198853
B36,hg36-B36-12,2013-08-11T11:12:32Z,2013-08-11T14:12:16Z,2013-08-11T11:07:48Z,2013-08-11T14:14:44Z,284,148,115,1,115,48.0511150360107,-4.90386509895325
B36,hg36-B36-12,2013-08-11T14:21:28Z,2013-08-11T15:53:20Z,2013-08-11T14:26:44Z,2013-08-11T15:57:12Z,316,232,116,1,116,48.0511894226074,-4.90420007705688
B36,hg36-B36-12,2013-08-14T01:28:44Z,2013-08-14T04:37:28Z,2013-08-14T01:31:48Z,2013-08-14T04:38:08Z,184,40,118,1,118,48.0514488220214,-4.89593005180359
B36,hg36-B36-12,2013-08-14T11:59:20Z,2013-08-14T12:24:24Z,2013-08-14T12:03:04Z,2013-08-14T12:03:04Z,224,1280,119,1,119,48.0496101379395,-4.89278984069824
B36,hg36-B36-12,2013-08-14T13:53:40Z,2013-08-14T16:47:52Z,2013-08-14T13:57:40Z,2013-08-14T16:50:52Z,240,180,120,1,120,48.0514488220215,-4.9199697971344
B36,hg36-B36-12,2013-08-15T03:31:32Z,2013-08-15T05:33:36Z,2013-08-15T03:29:20Z,2013-08-15T05:36:48Z,132,192,121,1,121,48.051628112793,-4.89555978775024
B36,hg36-B36-12,2013-08-15T12:10:12Z,2013-08-15T13:18:20Z,2013-08-15T11:51:56Z,2013-08-15T13:20:44Z,1096,144,122,1,122,48.0496628019545,-4.89221840184007
B36,hg36-B36-12,2013-08-15T13:37:28Z,2013-08-15T14:39:08Z,2013-08-15T13:20:44Z,2013-08-15T14:40:36Z,1004,88,123,1,123,48.0514717102051,-4.90399980545044
B36,hg36-B36-12,2013-08-15T15:21:08Z,2013-08-15T17:35:40Z,2013-08-15T15:17:32Z,2013-08-15T17:29:32Z,216,368,124,1,124,48.0506191253662,-4.93139505386353
B36,hg36-B36-12,2013-08-20T23:30:28Z,2013-08-21T00:18:08Z,2013-08-20T23:34:08Z,2013-08-20T23:34:08Z,220,2640,127,1,127,48.0486488342285,-4.89226007461548
B36,hg36-B36-12,2013-08-21T07:00:36Z,2013-08-21T09:43:04Z,2013-08-21T07:01:28Z,2013-08-21T09:44:08Z,52,64,128,1,128,48.048900604248,-4.89229989051819
B36,hg36-B36-12,2013-08-21T10:15:12Z,2013-08-21T11:01:16Z,2013-08-21T10:09:00Z,2013-08-21T10:57:04Z,372,252,129,1,129,48.0514907836914,-4.90429019927979
B36,hg36-B36-12,2013-08-21T11:20:12Z,2013-08-21T11:36:56Z,2013-08-21T11:21:28Z,2013-08-21T11:21:28Z,76,928,130,1,130,48.0526008605957,-4.92012977600098
B36,hg36-B36-12,2013-08-21T22:36:40Z,2013-08-22T00:09:28Z,2013-08-21T22:25:24Z,2013-08-22T00:11:04Z,676,96,131,1,131,48.049526575612,-4.8925937102044
B36,hg36-B36-12,2013-08-22T00:18:36Z,2013-08-22T01:00:52Z,2013-08-22T00:23:04Z,2013-08-22T01:02:32Z,268,100,132,1,132,48.0489196777344,-4.89222002029419
B36,hg36-B36-12,2013-08-22T12:17:36Z,2013-08-22T13:18:24Z,2013-08-22T12:26:28Z,2013-08-22T12:26:28Z,532,3116,137,1,137,48.050479888916,-4.89578008651733
B36,hg36-B36-12,2013-08-25T11:25:48Z,2013-08-25T11:58:24Z,2013-08-25T11:38:20Z,2013-08-25T11:38:20Z,752,1204,141,1,141,48.3164291381836,-4.87226009368896
B36,hg36-B36-12,2013-08-25T12:14:08Z,2013-08-25T14:26:04Z,2013-08-25T12:25:08Z,2013-08-25T16:01:04Z,660,5700,142,1,142,48.322151184082,-4.87756013870239
B36,hg36-B36-12,2013-08-25T21:01:48Z,2013-08-25T21:38:12Z,2013-08-25T21:39:16Z,2013-08-25T21:39:16Z,2248,64,143,1,143,48.3188580161647,-4.87777089570698
B36,hg36-B36-12,2013-08-25T22:23:28Z,2013-08-25T22:38:36Z,2013-08-25T22:17:28Z,2013-08-25T22:29:28Z,360,548,144,1,144,48.318660736084,-4.877610206604
B36,hg36-B36-12,2013-08-25T22:52:52Z,2013-08-26T04:07:28Z,2013-08-25T22:29:28Z,2013-08-26T04:31:16Z,1404,1428,145,1,145,48.3194313049316,-4.88002014160156
B36,hg36-B36-12,2013-08-26T13:26:52Z,2013-08-26T14:00:20Z,2013-08-26T13:30:04Z,2013-08-26T13:59:16Z,192,64,146,1,146,48.3429393768311,-4.88039994239807
B36,hg36-B36-12,2013-08-26T20:48:08Z,2013-08-27T05:38:16Z,2013-08-26T20:52:00Z,2013-08-27T05:39:16Z,232,60,147,1,147,48.3192494710286,-4.8800999323527
B36,hg36-B36-12,2013-08-27T09:50:20Z,2013-08-27T10:57:56Z,2013-08-27T10:11:52Z,2013-08-27T11:14:12Z,1292,976,148,1,148,48.3192901611328,-4.87961006164551
B36,hg36-B36-12,2013-08-27T11:09:52Z,2013-08-27T11:38:04Z,2013-08-27T11:14:12Z,2013-08-27T11:14:12Z,260,1432,149,1,149,48.3194885253906,-4.87990999221802
B36,hg36-B36-12,2013-08-27T11:49:08Z,2013-08-27T13:18:44Z,2013-08-27T11:14:12Z,2013-08-27T14:33:04Z,2096,4460,150,1,150,48.3193126375388,-4.88001418665195
B36,hg36-B36-12,2013-08-27T13:50:00Z,2013-08-27T16:36:36Z,2013-08-27T14:33:04Z,2013-08-27T16:33:04Z,2584,212,151,1,151,48.3192405700683,-4.87996482849121
B36,hg36-B36-12,2013-08-28T03:57:48Z,2013-08-28T04:47:32Z,2013-08-28T03:55:44Z,2013-08-28T04:49:24Z,124,112,152,1,152,48.3234255346452,-4.83996605488086
B36,hg36-B36-12,2013-08-28T14:52:16Z,2013-08-28T16:58:32Z,2013-08-28T14:59:56Z,2013-08-28T14:59:56Z,460,7116,155,1,155,48.317569732666,-4.87892007827759
B36,hg36-B36-12,2013-08-28T23:48:32Z,2013-08-29T04:37:36Z,2013-08-28T22:57:08Z,2013-08-29T04:39:40Z,3084,124,156,1,156,48.3192100524902,-4.83336019515991
B36,hg36-B36-12,2013-08-29T04:41:20Z,2013-08-29T05:35:32Z,2013-08-29T04:39:40Z,2013-08-29T06:03:00Z,100,1648,157,1,157,48.3195304870605,-4.83468008041382
B36,hg36-B36-12,2013-08-29T10:48:16Z,2013-08-29T12:37:24Z,2013-08-29T10:44:04Z,2013-08-29T13:02:52Z,252,1528,158,1,158,48.3181035099524,-4.88479488372327
B36,hg36-B36-12,2013-08-29T13:15:52Z,2013-08-29T13:47:20Z,2013-08-29T13:26:56Z,2013-08-29T14:00:32Z,664,792,159,1,159,48.3180503845215,-4.87833023071289
B36,hg36-B36-12,2013-08-29T13:56:56Z,2013-08-29T16:26:08Z,2013-08-29T14:00:32Z,2013-08-29T16:42:28Z,216,980,160,1,160,48.3176097869873,-4.87925004959106
B36,hg36-B36-12,2013-08-29T16:31:40Z,2013-08-29T19:32:48Z,2013-08-29T16:42:28Z,2013-08-29T19:57:12Z,648,1464,161,1,161,48.3175811767578,-4.87928009033203
B36,hg36-B36-12,2013-08-30T08:05:32Z,2013-08-30T12:03:00Z,2013-08-30T04:05:40Z,2013-08-30T13:01:52Z,14392,3532,162,1,162,48.2594940017649,-4.62258022892436
B36,hg36-B36-12,2013-08-30T15:15:52Z,2013-08-30T15:43:08Z,2013-08-30T14:47:28Z,2013-08-30T14:47:28Z,1704,3340,163,1,163,48.2591081725682,-4.62428038672825
B36,hg36-B36-12,2013-09-01T03:38:04Z,2013-09-01T05:12:24Z,2013-09-01T03:05:48Z,2013-09-01T06:27:48Z,1936,4524,164,1,164,48.253276717938,-4.624791800779
B36,hg36-B36-12,2013-09-01T06:42:36Z,2013-09-01T07:54:12Z,2013-09-01T06:27:48Z,2013-09-01T06:27:48Z,888,5184,165,1,165,48.2580420955182,-4.62559890514468
B36,hg36-B36-12,2013-09-02T00:12:56Z,2013-09-02T01:30:20Z,2013-09-01T23:57:48Z,2013-09-02T01:36:44Z,908,384,168,1,168,48.2606161456867,-4.6237243865378
B36,hg36-B36-12,2013-09-03T04:23:24Z,2013-09-03T06:10:08Z,2013-09-03T07:02:48Z,2013-09-03T07:02:48Z,9564,3160,171,1,171,48.2561510315285,-4.62504654496879
B36,hg36-B36-12,2013-09-05T08:19:08Z,2013-09-05T09:09:08Z,2013-09-05T09:10:40Z,2013-09-05T09:10:40Z,3092,92,174,1,174,48.3429780842919,-4.88002391539689
B36,hg36-B36-12,2013-09-05T09:27:56Z,2013-09-05T11:00:12Z,2013-09-05T09:22:40Z,2013-09-05T10:34:40Z,316,1532,175,1,175,48.34326171875,-4.88069009780884
B36,hg36-B36-12,2013-09-06T22:12:32Z,2013-09-07T01:02:48Z,2013-09-06T22:11:56Z,2013-09-07T01:04:08Z,36,80,176,1,176,48.0493144989014,-4.89243507385254
B36,hg36-B36-12,2013-09-07T01:18:52Z,2013-09-07T02:01:28Z,2013-09-07T01:16:08Z,2013-09-07T02:18:24Z,164,1016,177,1,177,48.0461548125208,-4.88050271433455
B36,hg36-B36-12,2013-09-07T19:10:40Z,2013-09-07T21:41:28Z,2013-09-07T18:39:52Z,2013-09-07T21:44:08Z,1848,160,180,1,180,48.0468788146973,-4.88500022888184
B36,hg36-B36-12,2013-09-07T21:57:48Z,2013-09-08T01:09:24Z,2013-09-07T21:56:08Z,2013-09-08T01:11:56Z,100,152,181,1,181,48.0498845597535,-4.89196297649142
B36,hg36-B36-12,2013-09-08T09:01:04Z,2013-09-08T10:32:44Z,2013-09-08T09:01:52Z,2013-09-08T11:03:36Z,48,1852,182,1,182,48.0467987060547,-4.88741016387939
B36,hg36-B36-12,2013-09-11T23:53:44Z,2013-09-12T04:32:44Z,2013-09-11T23:53:48Z,2013-09-12T04:34:16Z,4,92,188,1,188,48.3193492889405,-4.83421492576599
B36,hg36-B36-12,2013-09-12T13:26:04Z,2013-09-13T08:52:08Z,2013-09-12T13:29:08Z,2013-09-13T07:29:08Z,184,4980,189,1,189,48.319039662679,-4.87732346852621
B36,hg36-B36-12,2013-09-13T12:11:16Z,2013-09-13T12:59:24Z,2013-09-13T12:16:28Z,2013-09-13T13:00:08Z,312,44,190,1,190,48.3184585571289,-4.87748003005981
B36,hg36-B36-12,2013-09-13T13:04:20Z,2013-09-13T19:36:20Z,2013-09-13T13:00:08Z,2013-09-13T20:18:28Z,252,2528,191,1,191,48.3190898895264,-4.87731003761292
B36,hg36-B36-12,2013-09-13T22:10:00Z,2013-09-14T08:26:44Z,2013-09-13T22:12:36Z,2013-09-14T08:12:36Z,156,848,192,1,192,48.3192202250163,-4.87793334325155
B36,hg36-B36-12,2013-09-14T15:13:32Z,2013-09-14T16:21:16Z,2013-09-14T15:12:56Z,2013-09-14T15:37:00Z,36,2656,193,1,193,48.3175811767578,-4.87902021408081
B36,hg36-B36-12,2013-09-15T01:57:16Z,2013-09-15T07:52:36Z,2013-09-15T02:07:16Z,2013-09-15T08:07:48Z,600,912,194,1,194,48.3189010620117,-4.87724018096924
B36,hg36-B36-12,2013-09-15T17:44:44Z,2013-09-15T17:57:24Z,2013-09-15T17:58:28Z,2013-09-15T17:58:28Z,824,64,195,1,195,48.3188915570224,-4.87863363833304
B36,hg36-B36-12,2013-09-15T18:12:04Z,2013-09-15T22:06:16Z,2013-09-15T18:10:40Z,2013-09-15T22:31:44Z,84,1528,196,1,196,48.3187847137451,-4.87730002403259
B36,hg36-B36-12,2013-09-16T04:48:12Z,2013-09-16T05:41:48Z,2013-09-16T04:53:32Z,2013-09-16T05:55:04Z,320,796,197,1,197,48.3190994262695,-4.87764978408813
B36,hg36-B36-12,2013-09-16T06:01:40Z,2013-09-16T09:33:36Z,2013-09-16T06:07:04Z,2013-09-16T08:07:04Z,324,5192,198,1,198,48.318775177002,-4.87667989730835
B36,hg36-B36-12,2013-09-16T17:57:36Z,2013-09-16T19:27:56Z,2013-09-16T17:45:36Z,2013-09-16T19:45:36Z,720,1060,199,1,199,48.3188386387296,-4.87908268173528
B36,hg36-B36-12,2013-09-16T19:41:08Z,2013-09-16T23:17:08Z,2013-09-16T19:45:36Z,2013-09-16T23:50:08Z,268,1980,200,1,200,48.3188056945801,-4.87725996971131
B36,hg36-B36-12,2013-09-18T09:03:56Z,2013-09-18T12:06:20Z,2013-09-18T09:12:12Z,2013-09-18T13:04:04Z,496,3464,205,1,205,48.319221496582,-4.87725019454956
B36,hg36-B36-12,2013-09-18T19:25:48Z,2013-09-18T23:38:04Z,2013-09-18T19:04:56Z,2013-09-18T23:29:00Z,1252,544,206,1,206,48.3191604614258,-4.87731981277466
B36,hg36-B36-12,2013-09-19T02:17:48Z,2013-09-19T05:52:48Z,2013-09-19T02:21:16Z,2013-09-19T06:06:16Z,208,808,207,1,207,48.318431854248,-4.87768983840942
B36,hg36-B36-12,2013-09-19T10:33:44Z,2013-09-19T11:08:16Z,2013-09-19T10:29:56Z,2013-09-19T11:07:08Z,228,68,210,1,210,48.3184452056884,-4.87731003761292
B36,hg36-B36-12,2013-09-20T08:38:36Z,2013-09-20T10:11:16Z,2013-09-20T08:29:28Z,2013-09-20T08:29:28Z,548,6108,211,1,211,48.3182903184004,-4.87761768820235
B36,hg36-B36-12,2013-09-20T21:34:28Z,2013-09-21T00:53:48Z,2013-09-20T22:43:20Z,2013-09-21T00:56:24Z,4132,156,213,1,213,48.3194046020508,-4.8344202041626
B36,hg36-B36-12,2013-09-22T11:27:28Z,2013-09-22T13:21:12Z,2013-09-22T11:31:56Z,2013-09-22T13:36:24Z,268,912,214,1,214,48.3605995178223,-4.88180017471313
B36,hg36-B36-12,2013-09-22T21:50:52Z,2013-09-23T02:00:40Z,2013-09-22T21:56:32Z,2013-09-23T04:59:44Z,340,10744,215,1,215,48.3184089660645,-4.87530994415283
B36,hg36-B36-12,2013-09-23T10:08:32Z,2013-09-23T14:13:44Z,2013-09-23T10:08:32Z,2013-09-23T14:15:24Z,0,100,216,1,216,48.3194618225098,-4.88009977340698
B36,hg36-B36-12,2013-09-24T11:02:36Z,2013-09-24T14:12:08Z,2013-09-24T11:03:20Z,2013-09-24T14:10:04Z,44,124,217,1,217,48.3408838907878,-4.87542676925659
B36,hg36-B36-12,2013-09-24T19:15:44Z,2013-09-24T20:57:40Z,2013-09-24T19:17:40Z,2013-09-24T20:59:04Z,116,84,218,1,218,48.3188896179199,-4.87746000289917
B36,hg36-B36-12,2013-09-24T21:01:40Z,2013-09-24T23:55:44Z,2013-09-24T20:59:04Z,2013-09-24T23:56:24Z,156,40,219,1,219,48.3196983337402,-4.87862014770508
B36,hg36-B36-12,2013-09-25T01:08:40Z,2013-09-25T02:18:40Z,2013-09-25T01:01:04Z,2013-09-25T02:35:12Z,456,992,220,1,220,48.3172768330777,-4.82890367744355
B36,hg36-B36-12,2013-09-27T12:10:44Z,2013-09-27T12:29:56Z,2013-09-27T11:54:32Z,2013-09-27T11:54:32Z,972,2124,224,1,224,48.2569351470181,-4.62776169037016
B36,hg36-B36-12,2013-09-29T00:38:52Z,2013-09-29T07:17:00Z,2013-09-29T00:43:04Z,2013-09-29T07:55:04Z,252,2284,228,1,228,48.3196105957031,-4.87920999526978
B36,hg36-B36-12,2013-09-29T07:43:24Z,2013-09-29T08:00:20Z,2013-09-29T07:55:04Z,2013-09-29T07:55:04Z,700,316,229,1,229,48.3192901611328,-4.87968015670776
B36,hg36-B36-12,2013-09-29T12:46:32Z,2013-09-29T14:57:52Z,2013-09-29T12:43:44Z,2013-09-29T14:55:44Z,168,128,230,1,230,48.3180751800538,-4.87931990623474
B36,hg36-B36-12,2013-09-29T18:22:36Z,2013-09-29T21:50:12Z,2013-09-29T18:45:16Z,2013-09-29T21:51:32Z,1360,80,231,1,231,48.3193702697754,-4.87992000579834
B36,hg36-B36-12,2013-09-29T22:17:24Z,2013-09-29T23:52:00Z,2013-09-29T22:15:52Z,2013-09-29T23:56:28Z,92,268,232,1,232,48.3192481994629,-4.88028001785278
B36,hg36-B36-12,2013-09-30T02:33:12Z,2013-09-30T11:18:32Z,2013-09-30T01:21:20Z,2013-09-30T11:47:56Z,4312,1764,233,1,233,48.319959640503,-4.87968492507935
B36,hg36-B36-12,2013-09-30T14:20:56Z,2013-09-30T15:29:20Z,2013-09-30T14:17:20Z,2013-09-30T15:42:12Z,216,772,234,1,234,48.3194999694824,-4.87926006317139
B36,hg36-B36-12,2013-09-30T15:51:08Z,2013-09-30T22:42:48Z,2013-09-30T15:54:12Z,2013-09-30T22:45:28Z,184,160,235,1,235,48.3193626403809,-4.87943665186564
B36,hg36-B36-12,2013-10-01T03:18:40Z,2013-10-01T04:29:40Z,2013-10-01T03:24:20Z,2013-10-01T04:55:04Z,340,1524,236,1,236,48.3091506958008,-4.88054990768433
B36,hg36-B36-12,2013-10-01T05:24:32Z,2013-10-01T10:01:08Z,2013-10-01T05:20:24Z,2013-10-01T10:18:28Z,248,1040,237,1,237,48.3195991516113,-4.87950992584229
B36,hg36-B36-12,2013-10-01T17:09:56Z,2013-10-01T17:24:20Z,2013-10-01T17:16:04Z,2013-10-01T17:28:04Z,368,224,238,1,238,48.3191719055176,-4.87998008728027
B36,hg36-B36-12,2013-10-01T18:22:08Z,2013-10-01T21:00:28Z,2013-10-01T18:18:28Z,2013-10-01T21:01:32Z,220,64,239,1,239,48.3193893432617,-4.88031005859375
B36,hg36-B36-12,2013-10-03T07:16:52Z,2013-10-03T08:31:36Z,2013-10-03T07:25:16Z,2013-10-03T09:22:16Z,504,3040,240,1,240,48.367748260498,-4.88151979446411
B36,hg36-B36-12,2013-10-03T09:28:40Z,2013-10-03T11:48:40Z,2013-10-03T09:34:16Z,2013-10-03T11:48:16Z,336,24,241,1,241,48.3677787780762,-4.86079676946004
B36,hg36-B36-12,2013-10-03T18:05:16Z,2013-10-03T23:51:20Z,2013-10-03T18:10:28Z,2013-10-04T00:11:00Z,312,1180,242,1,242,48.319149017334,-4.87960004806519
B36,hg36-B36-12,2013-10-04T10:29:24Z,2013-10-04T10:47:04Z,2013-10-04T10:18:44Z,2013-10-04T10:49:04Z,640,120,243,1,243,48.3196495601115,-4.87887069157136
B36,hg36-B36-12,2013-10-04T11:04:48Z,2013-10-04T12:03:04Z,2013-10-04T11:01:04Z,2013-10-04T12:14:20Z,224,676,244,1,244,48.3183941133898,-4.87783359331463
B36,hg36-B36-12,2013-10-04T16:56:32Z,2013-10-04T17:26:56Z,2013-10-04T16:33:00Z,2013-10-04T17:28:24Z,1412,88,245,1,245,48.3189360507273,-4.87906091279218
B36,hg36-B36-12,2013-10-04T18:43:08Z,2013-10-04T19:06:36Z,2013-10-04T18:46:56Z,2013-10-04T18:46:56Z,228,1180,246,1,246,48.3179893493652,-4.87924003601074
B36,hg36-B36-12,2013-10-04T19:15:12Z,2013-10-05T02:03:32Z,2013-10-04T18:46:56Z,2013-10-05T02:05:40Z,1696,128,247,1,247,48.319149017334,-4.88001012802124
B36,hg36-B36-12,2013-10-06T23:16:28Z,2013-10-07T01:22:20Z,2013-10-06T23:17:08Z,2013-10-07T01:17:08Z,40,312,250,1,250,48.3234405517579,-4.83929014205932
B36,hg36-B36-12,2013-10-07T07:19:32Z,2013-10-07T07:43:32Z,2013-10-07T07:05:08Z,2013-10-07T07:41:16Z,864,136,251,1,251,48.3177108764648,-4.87904977798462
B36,hg36-B36-12,2013-10-07T09:09:00Z,2013-10-07T14:09:32Z,2013-10-07T08:59:32Z,2013-10-07T14:09:16Z,568,16,252,1,252,48.3194150924683,-4.87916243076324
B36,hg36-B36-12,2013-10-07T19:59:20Z,2013-10-08T01:29:24Z,2013-10-07T20:02:52Z,2013-10-08T01:40:48Z,212,684,253,1,253,48.3192596435547,-4.87881994247437
B36,hg36-B36-12,2013-10-08T01:43:44Z,2013-10-08T02:35:16Z,2013-10-08T01:40:48Z,2013-10-08T02:37:12Z,176,116,254,1,254,48.3193511962891,-4.88100004196167
B36,hg36-B36-12,2013-10-09T09:30:20Z,2013-10-09T10:02:16Z,2013-10-09T09:16:56Z,2013-10-09T10:27:20Z,804,1504,0,1,0,48.318788696419,-4.87914275874679
B36,hg36-B36-12,2013-10-09T10:56:48Z,2013-10-09T12:57:28Z,2013-10-09T10:52:00Z,2013-10-09T12:59:36Z,288,128,1,1,1,48.3208389282227,-4.87772989273071
B36,hg36-B36-12,2013-10-09T13:21:40Z,2013-10-09T13:49:32Z,2013-10-09T12:59:36Z,2013-10-09T14:02:20Z,1324,768,2,1,2,48.3208959216645,-4.87795926913957
B36,hg36-B36-12,2013-10-09T19:04:44Z,2013-10-09T20:46:36Z,2013-10-09T19:12:56Z,2013-10-09T20:48:04Z,492,88,3,1,3,48.3182983398438,-4.87865018844604
B36,hg36-B36-12,2013-10-09T22:02:12Z,2013-10-09T22:59:04Z,2013-10-09T22:02:56Z,2013-10-09T23:24:00Z,44,1496,4,1,4,48.317928314209,-4.879310131073
B36,hg36-B36-12,2013-10-09T23:04:40Z,2013-10-10T03:26:48Z,2013-10-09T23:24:00Z,2013-10-10T04:46:16Z,1160,4768,5,1,5,48.3194389343262,-4.88007020950317
B36,hg36-B36-12,2013-10-10T12:29:40Z,2013-10-10T14:54:00Z,2013-10-10T12:30:24Z,2013-10-10T15:34:24Z,44,2424,6,1,6,48.3407897949219,-4.87556982040405
B36,hg36-B36-12,2013-10-12T03:56:28Z,2013-10-12T05:25:12Z,2013-10-12T03:32:44Z,2013-10-12T03:32:44Z,1424,6748,11,1,11,48.2614004830165,-4.62315969521711
B36,hg36-B36-12,2013-10-12T05:35:04Z,2013-10-12T10:52:28Z,2013-10-12T03:32:44Z,2013-10-12T11:30:36Z,7340,2288,12,1,12,48.2600236476532,-4.62331565156845
B36,hg36-B36-12,2013-10-12T18:27:28Z,2013-10-12T22:18:24Z,2013-10-12T22:17:32Z,2013-10-12T22:17:32Z,13804,52,15,1,15,48.2596702575684,-4.62308979034424
B36,hg36-B36-12,2013-10-13T02:35:40Z,2013-10-13T06:33:20Z,2013-10-13T02:20:20Z,2013-10-13T10:19:16Z,920,13556,16,1,16,48.2582046852876,-4.62406424507664
B36,hg36-B36-12,2013-10-14T03:55:48Z,2013-10-14T07:39:00Z,2013-10-14T03:45:28Z,2013-10-14T03:45:28Z,620,14012,19,1,19,48.262782483483,-4.62429130139703
B36,hg36-B36-12,2013-10-15T00:29:44Z,2013-10-15T04:55:36Z,2013-10-15T00:22:00Z,2013-10-15T00:22:00Z,464,16416,21,1,21,48.2609991796299,-4.62347425665492
B36,hg36-B36-12,2013-10-15T10:28:20Z,2013-10-15T11:38:56Z,2013-10-15T12:05:16Z,2013-10-15T12:05:16Z,5816,1580,23,1,23,48.2565481265649,-4.62498443537343
B36,hg36-B36-12,2013-10-17T04:21:28Z,2013-10-17T10:06:44Z,2013-10-17T02:38:48Z,2013-10-17T10:21:44Z,6160,900,24,1,24,48.3196296691895,-4.87847995758057
B36,hg36-B36-12,2013-10-17T10:19:32Z,2013-10-17T10:50:56Z,2013-10-17T10:21:44Z,2013-10-17T11:07:48Z,132,1012,25,1,25,48.3205986022949,-4.87924003601074
B36,hg36-B36-12,2013-10-17T18:12:28Z,2013-10-17T22:34:24Z,2013-10-17T17:32:52Z,2013-10-17T22:35:12Z,2376,48,26,1,26,48.3189353942871,-4.8795599937439
B36,hg36-B36-12,2013-10-17T22:43:20Z,2013-10-17T23:33:28Z,2013-10-17T22:47:12Z,2013-10-17T23:33:16Z,232,12,27,1,27,48.319751739502,-4.87951993942261
B36,hg36-B36-12,2013-10-18T05:23:28Z,2013-10-18T09:51:24Z,2013-10-18T05:26:08Z,2013-10-18T09:26:08Z,160,1516,28,1,28,48.3197631835937,-4.87858327229818
B36,hg36-B36-12,2013-10-20T22:08:44Z,2013-10-21T02:33:00Z,2013-10-20T22:09:44Z,2013-10-21T00:09:44Z,60,8596,29,1,29,48.3196048736573,-4.87866997718811
B36,hg36-B36-12,2013-10-21T08:47:48Z,2013-10-21T09:18:16Z,2013-10-21T08:48:24Z,2013-10-21T09:33:12Z,36,896,30,1,30,48.3177909851074,-4.87915992736816
B36,hg36-B36-12,2013-10-21T09:31:32Z,2013-10-21T13:39:24Z,2013-10-21T09:33:12Z,2013-10-21T13:33:12Z,100,372,31,1,31,48.3198547363281,-4.87862992286682
B36,hg36-B36-12,2013-10-23T02:25:52Z,2013-10-23T14:54:36Z,2013-10-23T01:34:28Z,2013-10-23T15:07:28Z,3084,772,32,1,32,48.3709704081217,-4.88018655776978
B36,hg36-B36-12,2013-10-23T15:10:20Z,2013-10-23T16:56:20Z,2013-10-23T15:07:28Z,2013-10-23T18:12:04Z,172,4544,33,1,33,48.3707695007324,-4.88020992279053
B36,hg36-B36-12,2013-10-23T21:13:20Z,2013-10-24T04:36:32Z,2013-10-23T21:17:16Z,2013-10-24T04:46:08Z,236,576,34,1,34,48.3180999755859,-4.87905502319336
B36,hg36-B36-12,2013-10-24T10:12:12Z,2013-10-24T14:32:24Z,2013-10-24T10:12:20Z,2013-10-24T14:35:04Z,8,160,35,1,35,48.319154103597,-4.87946669260661
B36,hg36-B36-12,2013-10-26T09:28:40Z,2013-10-26T10:46:40Z,2013-10-26T09:39:36Z,2013-10-26T10:48:48Z,656,128,42,1,42,48.3710594177246,-4.88254022598267
B36,hg36-B36-12,2013-10-26T12:02:24Z,2013-10-26T12:23:28Z,2013-10-26T12:04:52Z,2013-10-26T12:04:52Z,148,1116,43,1,43,48.3724708557129,-4.88190984725952
B36,hg36-B36-12,2013-10-26T12:47:20Z,2013-10-26T13:28:24Z,2013-10-26T12:47:12Z,2013-10-26T13:24:56Z,8,208,44,1,44,48.3709093729655,-4.87644656499227
B36,hg36-B36-12,2013-10-26T13:52:40Z,2013-10-26T15:52:00Z,2013-10-26T14:01:12Z,2013-10-26T16:45:36Z,512,3216,45,1,45,48.3713684082031,-4.87809991836548
B36,hg36-B36-12,2013-10-26T17:25:52Z,2013-10-26T17:56:04Z,2013-10-26T17:33:40Z,2013-10-26T17:49:28Z,468,396,46,1,46,48.3718051910401,-4.88200998306275
B36,hg36-B36-12,2013-10-26T18:46:52Z,2013-10-26T19:05:28Z,2013-10-26T18:44:52Z,2013-10-26T18:56:52Z,120,516,47,1,47,48.3716316223145,-4.8818302154541
B36,hg36-B36-12,2013-10-28T11:25:56Z,2013-10-28T15:02:52Z,2013-10-28T11:27:32Z,2013-10-28T16:45:04Z,96,6132,48,1,48,48.3712692260742,-4.88066005706787
B36,hg36-B36-12,2013-10-28T18:17:56Z,2013-10-28T18:40:20Z,2013-10-28T18:27:44Z,2013-10-28T18:42:20Z,588,120,49,1,49,48.3714904785156,-4.87984991073608
B36,hg36-B36-12,2013-11-01T17:27:24Z,2013-11-01T23:13:44Z,2013-11-01T17:25:12Z,2013-11-01T23:25:28Z,132,704,54,1,54,48.370979309082,-4.88034009933472
B36,hg36-B36-12,2013-11-02T02:58:00Z,2013-11-02T04:11:08Z,2013-11-02T03:03:48Z,2013-11-02T04:13:00Z,348,112,55,1,55,48.371410369873,-4.88085985183716
B36,hg36-B36-12,2013-11-02T06:52:20Z,2013-11-02T11:05:44Z,2013-11-02T06:52:48Z,2013-11-02T10:52:48Z,28,776,58,1,58,48.371083577474,-4.88017002741496
B36,hg36-B36-12,2013-11-05T01:55:32Z,2013-11-05T02:55:08Z,2013-11-05T01:55:44Z,2013-11-05T02:52:12Z,12,176,59,1,59,48.3714656829834,-4.88048005104065
B36,hg36-B36-12,2013-11-05T04:30:24Z,2013-11-05T05:19:56Z,2013-11-05T04:30:48Z,2013-11-05T04:30:48Z,24,2948,60,1,60,48.3713989257813,-4.88060998916626
B36,hg36-B36-12,2013-11-05T05:30:20Z,2013-11-05T13:50:16Z,2013-11-05T06:21:12Z,2013-11-05T13:51:04Z,3052,48,61,1,61,48.3711452484131,-4.88060998916626
B36,hg36-B36-12,2013-11-05T17:51:44Z,2013-11-06T16:45:28Z,2013-11-05T17:42:36Z,2013-11-06T16:47:32Z,548,124,62,1,62,48.3713043212891,-4.88064212799072
B36,hg36-B36-12,2013-11-08T06:15:12Z,2013-11-08T10:16:32Z,2013-11-08T05:23:36Z,2013-11-08T10:18:20Z,3096,108,63,1,63,48.3709983825684,-4.88075017929077
B36,hg36-B36-12,2013-11-08T13:11:16Z,2013-11-08T14:58:00Z,2013-11-08T13:22:40Z,2013-11-08T16:01:52Z,684,3832,64,1,64,48.3700790405273,-4.87739992141724
B36,hg36-B36-12,2013-11-09T07:42:20Z,2013-11-09T07:59:12Z,2013-11-09T07:40:56Z,2013-11-09T08:05:04Z,84,352,67,1,67,48.3712593257757,-4.88141506284626
B36,hg36-B36-12,2013-11-09T09:23:52Z,2013-11-09T10:24:52Z,2013-11-09T09:20:32Z,2013-11-09T10:23:56Z,200,56,68,1,68,48.3711605072021,-4.88038492202759
B36,hg36-B36-12,2013-11-09T11:37:52Z,2013-11-09T18:54:32Z,2013-11-09T11:41:24Z,2013-11-09T18:56:36Z,212,124,69,1,69,48.3711795806884,-4.88017010688782
B36,hg36-B36-12,2013-11-11T14:37:20Z,2013-11-12T13:57:40Z,2013-11-11T14:38:24Z,2013-11-12T13:58:20Z,64,40,70,1,70,48.3710971832275,-4.88021693229675
B36,hg36-B36-12,2013-11-12T14:41:08Z,2013-11-12T16:08:36Z,2013-11-12T14:51:00Z,2013-11-12T16:06:12Z,592,144,71,1,71,48.3700561523438,-4.88188481330872
B36,hg36-B36-12,2013-11-12T17:11:20Z,2013-11-12T17:33:40Z,2013-11-12T17:08:56Z,2013-11-12T17:33:20Z,144,20,72,1,72,48.3679389953613,-4.88113498687744
B36,hg36-B36-12,2013-11-12T17:46:20Z,2013-11-12T18:25:24Z,2013-11-12T17:45:20Z,2013-11-12T18:22:20Z,60,184,73,1,73,48.3703117370605,-4.88180017471313
B36,hg36-B36-12,2013-11-12T19:43:28Z,2013-11-12T20:25:36Z,2013-11-12T19:37:36Z,2013-11-12T20:24:32Z,352,64,74,1,74,48.370231628418,-4.88218998908997
B36,hg36-B36-12,2013-11-12T20:44:52Z,2013-11-13T00:02:40Z,2013-11-12T20:48:36Z,2013-11-13T00:39:12Z,224,2192,75,1,75,48.370719909668,-4.87984991073608
B36,hg36-B36-12,2013-11-13T03:03:52Z,2013-11-13T06:32:16Z,2013-11-13T02:51:40Z,2013-11-13T06:33:44Z,732,88,76,1,76,48.3184700012207,-4.87883996963501
B36,hg36-B36-12,2013-11-13T07:00:40Z,2013-11-13T07:17:12Z,2013-11-13T06:59:36Z,2013-11-13T06:59:36Z,64,1056,77,1,77,48.3200475575613,-4.87403660273539
B36,hg36-B36-12,2013-11-15T21:45:36Z,2013-11-15T23:46:28Z,2013-11-15T21:39:00Z,2013-11-15T23:40:28Z,396,360,79,1,79,48.3179550170899,-4.87935018539429
B36,hg36-B36-12,2013-11-16T02:30:56Z,2013-11-16T04:35:04Z,2013-11-16T02:34:16Z,2013-11-16T04:47:40Z,200,756,80,1,80,48.3710594177246,-4.88044023513794
B36,hg36-B36-12,2013-11-16T05:05:28Z,2013-11-16T05:39:36Z,2013-11-16T05:12:08Z,2013-11-16T05:52:04Z,400,748,81,1,81,48.3710289001465,-4.88254022598267
B36,hg36-B36-12,2013-11-16T05:55:52Z,2013-11-16T08:05:16Z,2013-11-16T05:52:04Z,2013-11-16T08:06:04Z,228,48,82,1,82,48.3705753924242,-4.87944012435524
B36,hg36-B36-12,2013-11-16T08:27:24Z,2013-11-16T09:13:40Z,2013-11-16T08:30:20Z,2013-11-16T09:24:28Z,176,648,83,1,83,48.3676490783691,-4.8659200668335
B36,hg36-B36-12,2013-11-16T16:56:32Z,2013-11-16T19:41:28Z,2013-11-16T17:17:40Z,2013-11-16T19:42:08Z,1268,40,84,1,84,48.3183689117432,-4.8776650428772
B36,hg36-B36-12,2013-11-16T19:47:12Z,2013-11-17T00:40:28Z,2013-11-16T19:42:08Z,2013-11-16T19:54:08Z,304,17180,85,1,85,48.3175086975098,-4.87949991226196
B36,hg36-B36-12,2013-11-17T12:31:56Z,2013-11-17T14:05:28Z,2013-11-17T12:00:12Z,2013-11-17T12:00:12Z,1904,7516,86,1,86,48.2617913863611,-4.62760142239986
B36,hg36-B36-12,2013-11-18T13:39:04Z,2013-11-18T15:02:04Z,2013-11-18T15:15:48Z,2013-11-18T15:15:48Z,5804,824,87,1,87,48.2596709162717,-4.62458063666325
B36,hg36-B36-12,2013-11-19T09:36:04Z,2013-11-19T09:54:20Z,2013-11-19T09:39:52Z,2013-11-19T09:55:20Z,228,60,88,1,88,48.3407707214355,-4.87515020370483
B36,hg36-B36-12,2013-11-19T10:38:48Z,2013-11-19T12:39:52Z,2013-11-19T10:33:08Z,2013-11-19T12:42:40Z,340,168,89,1,89,48.3173904418945,-4.87938022613525
B36,hg36-B36-12,2013-11-19T22:27:40Z,2013-11-20T01:17:12Z,2013-11-19T22:20:32Z,2013-11-20T01:20:04Z,428,172,90,1,90,48.3195304870605,-4.83524990081787
B36,hg36-B36-12,2013-11-20T06:15:08Z,2013-11-20T06:31:16Z,2013-11-20T06:19:00Z,2013-11-20T06:32:12Z,232,56,91,1,91,48.3709602355957,-4.88029003143311
B36,hg36-B36-12,2013-11-20T06:55:28Z,2013-11-20T14:19:40Z,2013-11-20T06:32:12Z,2013-11-20T14:32:28Z,1396,768,92,1,92,48.3712005615234,-4.8799901008606
B36,hg36-B36-12,2013-11-21T02:01:28Z,2013-11-21T03:53:48Z,2013-11-21T01:24:56Z,2013-11-21T01:24:56Z,2192,8932,93,1,93,48.2592532675679,-4.62497086994241
B36,hg36-B36-12,2013-11-21T20:58:36Z,2013-11-21T21:12:20Z,2013-11-21T21:14:56Z,2013-11-21T21:14:56Z,980,156,94,1,94,48.2807803561786,-4.63184785398794
B36,hg36-B36-12,2013-11-23T08:23:44Z,2013-11-23T15:42:36Z,2013-11-23T08:23:12Z,2013-11-23T15:55:52Z,32,796,99,1,99,48.3702812194824,-4.88128995895386
B37,hg36-B37s-13,2013-06-19T08:14:04Z,2013-06-19T08:37:00Z,2013-06-19T08:10:40Z,2013-06-19T08:38:12Z,204,72,11,1,11,48.3696098327637,-4.88162994384766
B37,hg36-B37s-13,2013-06-24T08:55:36Z,2013-06-24T10:59:40Z,2013-06-24T09:05:36Z,2013-06-24T11:00:36Z,600,56,12,1,12,48.0448913574219,-4.89498996734619
B37,hg36-B37s-13,2013-06-24T20:23:04Z,2013-06-25T01:18:16Z,2013-06-24T20:22:32Z,2013-06-25T01:31:24Z,32,788,13,1,13,48.0488300323486,-4.89239501953125
B37,hg36-B37s-13,2013-06-25T08:15:40Z,2013-06-25T09:04:12Z,2013-06-25T08:26:56Z,2013-06-25T09:02:04Z,676,128,14,1,14,48.0485706329346,-4.89230489730835
B37,hg36-B37s-13,2013-06-25T09:20:32Z,2013-06-25T11:50:48Z,2013-06-25T09:14:36Z,2013-06-25T11:49:04Z,356,104,15,1,15,48.0478426615397,-4.89575004577637
B37,hg36-B37s-13,2013-06-25T12:00:28Z,2013-06-25T12:59:56Z,2013-06-25T12:01:04Z,2013-06-25T13:02:16Z,36,140,16,1,16,48.0482406616211,-4.89549016952515
B37,hg36-B37s-13,2013-06-25T20:29:44Z,2013-06-26T01:41:32Z,2013-06-25T20:26:28Z,2013-06-26T01:43:40Z,196,128,17,1,17,48.047597249349,-4.89355993270874
B37,hg36-B37s-13,2013-06-26T08:47:32Z,2013-06-26T09:57:00Z,2013-06-26T08:34:32Z,2013-06-26T09:58:32Z,780,92,18,1,18,48.0476303100586,-4.89317989349365
B37,hg36-B37s-13,2013-06-26T10:19:12Z,2013-06-26T10:54:20Z,2013-06-26T10:22:36Z,2013-06-26T11:07:36Z,204,796,19,1,19,48.0480995178223,-4.89525985717773
B37,hg36-B37s-13,2013-06-26T11:15:16Z,2013-06-26T12:33:40Z,2013-06-26T11:20:24Z,2013-06-26T11:20:24Z,308,4396,20,1,20,48.0489082336426,-4.89046001434326
B37,hg36-B37s-13,2013-06-26T22:38:48Z,2013-06-27T00:53:52Z,2013-06-26T22:43:12Z,2013-06-27T01:23:48Z,264,1796,21,1,21,48.0486602783203,-4.89169979095459
B37,hg36-B37s-13,2013-07-04T19:20:44Z,2013-07-04T21:32:40Z,2013-07-04T19:23:40Z,2013-07-04T21:36:00Z,176,200,22,1,22,48.3700504302979,-4.87526512145996
B37,hg36-B37s-13,2013-07-05T07:49:48Z,2013-07-05T09:24:04Z,2013-07-05T07:54:36Z,2013-07-05T09:41:48Z,288,1064,23,1,23,48.319278717041,-4.87813997268677
B37,hg36-B37s-13,2013-07-05T19:20:08Z,2013-07-05T22:16:28Z,2013-07-05T19:19:52Z,2013-07-05T22:15:28Z,16,60,24,1,24,48.3195991516113,-4.87737003962199
B37,hg36-B37s-13,2013-07-06T06:38:52Z,2013-07-06T08:19:48Z,2013-07-06T06:35:24Z,2013-07-06T08:34:16Z,208,868,25,1,25,48.3193016052246,-4.87728023529053
B37,hg36-B37s-13,2013-07-06T08:33:44Z,2013-07-06T09:59:00Z,2013-07-06T08:34:16Z,2013-07-06T10:13:32Z,32,872,26,1,26,48.3195304870605,-4.87706995010376
B37,hg36-B37s-13,2013-07-06T18:38:52Z,2013-07-06T22:15:36Z,2013-07-06T18:43:52Z,2013-07-06T22:16:08Z,300,32,27,1,27,48.3186359405518,-4.87733507156372
B37,hg36-B37s-13,2013-07-06T22:18:44Z,2013-07-06T23:20:12Z,2013-07-06T22:16:08Z,2013-07-06T23:21:12Z,156,60,28,1,28,48.3188781738281,-4.87687015533447
B37,hg36-B37s-13,2013-07-07T07:34:20Z,2013-07-07T09:29:12Z,2013-07-07T07:31:48Z,2013-07-07T07:43:48Z,152,6324,29,1,29,48.3179206848145,-4.87782001495361
B37,hg36-B37s-13,2013-07-14T07:54:00Z,2013-07-14T08:13:32Z,2013-07-14T07:50:40Z,2013-07-14T08:02:40Z,200,652,30,1,30,48.3205184936523,-4.87875986099243
B37,hg36-B37s-13,2013-07-14T09:17:32Z,2013-07-14T09:33:12Z,2013-07-14T09:23:32Z,2013-07-14T09:36:36Z,360,204,31,1,31,48.3186111450195,-4.87763977050781
B37,hg36-B37s-13,2013-07-14T20:28:28Z,2013-07-14T22:52:20Z,2013-07-14T20:22:32Z,2013-07-14T22:53:24Z,356,64,32,1,32,48.318769454956,-4.87760996818542
B37,hg36-B37s-13,2013-07-14T23:42:56Z,2013-07-15T00:33:36Z,2013-07-14T23:42:48Z,2013-07-15T00:35:52Z,8,136,33,1,33,48.3184700012207,-4.87743997573853
B37,hg36-B37s-13,2013-07-15T12:43:44Z,2013-07-15T15:35:12Z,2013-07-15T12:42:44Z,2013-07-15T15:30:44Z,60,268,36,1,36,48.316333770752,-4.8946099281311
B37,hg36-B37s-13,2013-07-15T20:10:20Z,2013-07-15T21:40:12Z,2013-07-15T20:13:52Z,2013-07-15T22:08:04Z,212,1672,37,1,37,48.3167381286621,-4.89452981948853
B37,hg36-B37s-13,2013-07-15T22:01:12Z,2013-07-15T22:29:16Z,2013-07-15T22:08:04Z,2013-07-15T22:08:04Z,412,1272,38,1,38,48.3186187744141,-4.87763977050781
B37,hg36-B37s-13,2013-07-19T06:23:20Z,2013-07-19T06:53:36Z,2013-07-19T06:34:00Z,2013-07-19T06:34:00Z,640,1176,39,1,39,48.3164482116699,-4.89570999145508
B37,hg36-B37s-13,2013-07-19T16:52:08Z,2013-07-19T18:36:04Z,2013-07-19T16:51:16Z,2013-07-19T18:35:04Z,52,60,40,1,40,48.3167304992676,-4.89468002319336
B37,hg36-B37s-13,2013-07-20T02:25:20Z,2013-07-20T03:15:24Z,2013-07-20T02:20:20Z,2013-07-20T03:16:24Z,300,60,41,1,41,48.3164482116699,-4.8951997756958
B37,hg36-B37s-13,2013-07-20T03:41:12Z,2013-07-20T06:20:12Z,2013-07-20T03:40:32Z,2013-07-20T06:30:12Z,40,600,42,1,42,48.3160800933838,-4.89454007148742
B37,hg36-B37s-13,2013-07-20T07:19:00Z,2013-07-20T08:13:04Z,2013-07-20T07:24:16Z,2013-07-20T07:24:16Z,316,2928,43,1,43,48.3161392211914,-4.89425992965698
B37,hg36-B37s-13,2013-07-20T19:01:48Z,2013-07-20T21:35:24Z,2013-07-20T19:10:36Z,2013-07-20T19:10:36Z,528,8688,44,1,44,48.3164482116699,-4.89569997787476
B37,hg36-B37s-13,2013-07-25T09:19:56Z,2013-07-25T09:52:32Z,2013-07-25T09:32:12Z,2013-07-25T10:03:16Z,736,644,45,1,45,48.3165817260742,-4.89447021484375
B37,hg36-B37s-13,2013-07-25T10:53:00Z,2013-07-25T12:44:36Z,2013-07-25T11:04:20Z,2013-07-25T13:27:40Z,680,2584,46,1,46,48.316478729248,-4.89553022384644
B37,hg36-B37s-13,2013-07-25T21:10:08Z,2013-07-26T02:06:08Z,2013-07-25T20:52:16Z,2013-07-26T02:19:08Z,1072,780,47,1,47,48.3164825439453,-4.89532661437988
B37,hg36-B37s-13,2013-07-26T10:52:12Z,2013-07-26T11:48:56Z,2013-07-26T10:47:44Z,2013-07-26T11:47:04Z,268,112,48,1,48,48.316104888916,-4.89415502548218
B37,hg36-B37s-13,2013-07-26T11:52:28Z,2013-07-26T13:16:48Z,2013-07-26T11:47:04Z,2013-07-26T11:59:04Z,324,4664,49,1,49,48.3163986206055,-4.89586019515991
B37,hg36-B37s-13,2013-07-31T15:54:36Z,2013-07-31T16:47:36Z,2013-07-31T15:53:24Z,2013-07-31T17:01:24Z,72,828,50,1,50,48.3694610595703,-4.87547016143799
B37,hg36-B37s-13,2013-07-31T22:28:32Z,2013-08-01T01:21:36Z,2013-07-31T22:34:24Z,2013-08-01T01:37:08Z,352,932,51,1,51,48.3709354400634,-4.87808513641358
B37,hg36-B37s-13,2013-08-01T01:41:08Z,2013-08-01T03:22:04Z,2013-08-01T01:37:08Z,2013-08-01T03:23:20Z,240,76,52,1,52,48.3693736304447,-4.87571106687407
B37,hg36-B37s-13,2013-08-01T04:14:16Z,2013-08-01T05:00:44Z,2013-08-01T04:11:44Z,2013-08-01T05:03:28Z,152,164,53,1,53,48.369758605957,-4.87526988983154
B37,hg36-B37s-13,2013-08-01T15:56:20Z,2013-08-01T17:03:20Z,2013-08-01T15:58:36Z,2013-08-01T17:00:56Z,136,144,54,1,54,48.3168506622314,-4.89473986625671
B37,hg36-B37s-13,2013-08-01T20:06:12Z,2013-08-01T20:37:16Z,2013-08-01T20:12:00Z,2013-08-01T20:35:08Z,348,128,55,1,55,48.3162937164306,-4.8947651386261
B37,hg36-B37s-13,2013-08-01T21:01:08Z,2013-08-01T21:24:44Z,2013-08-01T21:11:32Z,2013-08-01T21:11:32Z,624,792,56,1,56,48.3162384033203,-4.89448976516724
B37,hg36-B37s-13,2013-08-02T17:45:32Z,2013-08-02T20:19:32Z,2013-08-02T17:46:52Z,2013-08-02T20:35:12Z,80,940,59,1,59,48.3192310333252,-4.87973499298096
B37,hg36-B37s-13,2013-08-03T05:02:52Z,2013-08-03T07:17:16Z,2013-08-03T05:06:40Z,2013-08-03T07:18:44Z,228,88,60,1,60,48.3193359375,-4.88000988960266
B37,hg36-B37s-13,2013-08-03T17:23:52Z,2013-08-03T18:48:36Z,2013-08-03T17:22:04Z,2013-08-03T18:50:56Z,108,140,61,1,61,48.3189010620117,-4.87984991073608
B37,hg36-B37s-13,2013-08-03T18:55:32Z,2013-08-03T21:34:24Z,2013-08-03T18:50:56Z,2013-08-03T22:08:16Z,276,2032,62,1,62,48.3191604614258,-4.87978982925415
B37,hg36-B37s-13,2013-08-04T08:36:56Z,2013-08-04T09:42:36Z,2013-08-04T08:28:12Z,2013-08-04T09:40:12Z,524,144,65,1,65,48.3190612792969,-4.87968015670776
B37,hg36-B37s-13,2013-08-04T18:43:32Z,2013-08-04T21:20:00Z,2013-08-04T18:48:48Z,2013-08-04T21:45:32Z,316,1532,66,1,66,48.3199939727783,-4.88176012039185
B37,hg36-B37s-13,2013-08-05T22:42:12Z,2013-08-05T23:17:04Z,2013-08-05T22:36:04Z,2013-08-05T23:12:04Z,368,300,69,1,69,48.3193092346191,-4.87759017944336
B37,hg36-B37s-13,2013-08-10T10:37:52Z,2013-08-10T11:23:08Z,2013-08-10T10:42:48Z,2013-08-10T11:34:28Z,296,680,70,1,70,48.3163604736328,-4.89441013336182
B37,hg36-B37s-13,2013-08-10T11:47:08Z,2013-08-10T12:38:00Z,2013-08-10T11:46:28Z,2013-08-10T12:59:28Z,40,1288,71,1,71,48.3169143519989,-4.89477907076273
B37,hg36-B37s-13,2013-08-14T13:30:52Z,2013-08-14T15:26:56Z,2013-08-14T13:36:32Z,2013-08-14T15:28:04Z,340,68,72,1,72,48.0499382019043,-4.91099977493286
B37,hg36-B37s-13,2013-08-16T05:14:20Z,2013-08-16T05:51:40Z,2013-08-16T05:14:36Z,2013-08-16T05:14:36Z,16,2224,73,1,73,48.3194808959961,-4.88001012802124
B37,hg36-B37s-13,2013-08-16T16:51:56Z,2013-08-16T17:51:28Z,2013-08-16T16:48:00Z,2013-08-16T18:04:04Z,236,756,74,1,74,48.3195114135742,-4.88014984130859
B37,hg36-B37s-13,2013-08-16T18:21:44Z,2013-08-16T19:15:56Z,2013-08-16T18:28:04Z,2013-08-16T18:28:04Z,380,2872,75,1,75,48.3164215087891,-4.89477014541626
B37,hg36-B37s-13,2013-08-26T01:48:16Z,2013-08-26T03:34:56Z,2013-08-26T01:49:24Z,2013-08-26T04:00:40Z,68,1544,76,1,76,50.0158805847168,-5.08835983276367
B37,hg36-B37s-13,2013-08-26T23:20:48Z,2013-08-27T02:40:48Z,2013-08-26T23:07:12Z,2013-08-27T02:40:36Z,816,12,77,1,77,50.061710357666,-5.55111010869344
B37,hg36-B37s-13,2013-08-27T18:57:04Z,2013-08-27T19:14:40Z,2013-08-27T18:50:44Z,2013-08-27T18:50:44Z,380,1436,78,1,78,50.066736754455,-5.74523153425936
B37,hg36-B37s-13,2013-08-30T21:28:00Z,2013-08-30T22:54:56Z,2013-08-30T21:31:20Z,2013-08-30T23:20:40Z,200,1544,79,1,79,51.1626396179199,-4.64946985244751
B37,hg36-B37s-13,2013-08-30T23:41:04Z,2013-08-31T00:31:44Z,2013-08-30T23:46:16Z,2013-08-31T00:32:32Z,312,48,80,1,80,51.1647415161133,-4.65306997299194
B37,hg36-B37s-13,2013-08-31T02:38:36Z,2013-08-31T08:31:36Z,2013-08-31T02:36:44Z,2013-08-31T10:59:24Z,112,8868,81,1,81,51.1628799438477,-4.64990997314453
B37,hg36-B37s-13,2013-08-31T15:30:44Z,2013-08-31T19:52:36Z,2013-08-31T15:27:48Z,2013-08-31T19:55:00Z,176,144,82,1,82,51.1636161804199,-4.65213513374329
B37,hg36-B37s-13,2013-08-31T20:34:08Z,2013-08-31T23:07:20Z,2013-08-31T20:31:56Z,2013-08-31T20:43:56Z,132,8604,83,1,83,51.1624984741211,-4.65267992019653
B37,hg36-B37s-13,2013-09-01T02:58:32Z,2013-09-01T04:53:48Z,2013-09-01T03:02:40Z,2013-09-01T06:07:40Z,248,4432,84,1,84,51.1624603271484,-4.65031003952026
B37,hg36-B37s-13,2013-09-01T05:05:12Z,2013-09-01T07:49:16Z,2013-09-01T06:07:40Z,2013-09-01T07:51:48Z,3748,152,85,1,85,51.1624717712402,-4.64977979660034
B37,hg36-B37s-13,2013-09-01T16:44:04Z,2013-09-02T02:09:56Z,2013-09-01T16:41:56Z,2013-09-02T00:53:56Z,128,4560,86,1,86,51.1622985839844,-4.65213403701782
B37,hg36-B37s-13,2013-09-02T05:14:32Z,2013-09-02T07:49:52Z,2013-09-02T05:12:08Z,2013-09-02T07:24:08Z,144,1544,87,1,87,51.1601047515869,-4.6536750793457
B37,hg36-B37s-13,2013-09-02T17:28:44Z,2013-09-03T02:43:32Z,2013-09-02T17:29:44Z,2013-09-03T04:23:28Z,60,5996,88,1,88,51.1619453430176,-4.65186500549316
B37,hg36-B37s-13,2013-09-03T05:52:04Z,2013-09-03T07:30:24Z,2013-09-03T05:38:52Z,2013-09-03T07:30:16Z,792,8,89,1,89,51.1621913909912,-4.65218520164489
B37,hg36-B37s-13,2013-09-03T08:07:16Z,2013-09-03T09:41:00Z,2013-09-03T08:08:08Z,2013-09-03T09:07:48Z,52,1992,90,1,90,51.1623096466064,-4.65189480781556
B37,hg36-B37s-13,2013-09-04T09:13:08Z,2013-09-04T12:37:40Z,2013-09-04T09:09:56Z,2013-09-04T11:21:56Z,192,4544,93,1,93,51.2027587890625,-4.67867493629456
B37,hg36-B37s-13,2013-09-04T19:49:40Z,2013-09-05T02:58:04Z,2013-09-04T19:53:32Z,2013-09-05T03:33:08Z,232,2104,94,1,94,51.2024784088135,-4.67885494232178
B37,hg36-B37s-13,2013-09-05T23:39:36Z,2013-09-06T00:20:00Z,2013-09-05T23:43:40Z,2013-09-06T00:33:20Z,244,800,95,1,95,51.2022705078125,-4.67670011520386
B37,hg36-B37s-13,2013-09-06T00:40:00Z,2013-09-06T01:12:36Z,2013-09-06T00:45:20Z,2013-09-06T01:27:24Z,320,888,96,1,96,51.2015419006348,-4.67260980606079
B37,hg36-B37s-13,2013-09-06T11:51:16Z,2013-09-06T13:35:20Z,2013-09-06T11:45:28Z,2013-09-06T12:09:28Z,348,5152,97,1,97,51.202808380127,-4.67875003814697
B37,hg36-B37s-13,2013-09-06T21:35:04Z,2013-09-07T02:58:04Z,2013-09-06T21:34:36Z,2013-09-07T03:01:00Z,28,176,98,1,98,51.2027301788331,-4.67641997337341
B37,hg36-B37s-13,2013-09-07T21:53:20Z,2013-09-08T03:35:56Z,2013-09-07T21:56:12Z,2013-09-08T03:40:56Z,172,300,99,1,99,51.2024065653483,-4.67680660883586
B37,hg36-B37s-13,2013-09-10T00:16:00Z,2013-09-10T04:12:44Z,2013-09-10T00:16:28Z,2013-09-10T04:14:04Z,28,80,102,1,102,51.2021713256836,-4.67673015594482
B37,hg36-B37s-13,2013-09-11T00:53:40Z,2013-09-11T04:55:16Z,2013-09-11T00:52:00Z,2013-09-11T04:57:24Z,100,128,103,1,103,51.2006759643555,-4.67839002609253
B37,hg36-B37s-13,2013-09-11T14:53:44Z,2013-09-11T16:54:20Z,2013-09-11T14:54:56Z,2013-09-11T16:55:48Z,72,88,104,1,104,51.2029495239258,-4.67827987670898
B37,hg36-B37s-13,2013-09-11T21:06:56Z,2013-09-12T04:54:52Z,2013-09-11T20:52:32Z,2013-09-12T04:53:24Z,864,88,105,1,105,51.2032699584961,-4.67708015441895
B37,hg36-B37s-13,2013-09-12T16:25:12Z,2013-09-12T17:39:12Z,2013-09-12T15:29:48Z,2013-09-12T17:34:16Z,3324,296,106,1,106,51.2016906738281,-4.67451000213623
B37,hg36-B37s-13,2013-09-13T00:45:28Z,2013-09-13T07:33:52Z,2013-09-13T00:43:48Z,2013-09-13T07:43:28Z,100,576,107,1,107,51.2024536132813,-4.67649984359742
B37,hg36-B37s-13,2013-09-14T22:43:24Z,2013-09-14T23:24:08Z,2013-09-14T22:38:08Z,2013-09-14T23:32:24Z,316,496,108,1,108,51.2019004821777,-4.67592000961304
B37,hg36-B37s-13,2013-09-15T03:07:20Z,2013-09-15T05:14:44Z,2013-09-15T03:10:32Z,2013-09-15T06:48:40Z,192,5636,109,1,109,51.201789855957,-4.67563009262085
B37,hg36-B37s-13,2013-09-15T05:40:08Z,2013-09-15T07:46:16Z,2013-09-15T06:48:40Z,2013-09-15T07:50:16Z,4112,240,110,1,110,51.2019004821777,-4.67383003234863
B37,hg36-B37s-13,2013-09-15T20:01:28Z,2013-09-15T21:43:20Z,2013-09-15T20:00:56Z,2013-09-15T21:44:04Z,32,44,111,1,111,51.1948699951172,-4.66955995559692
B37,hg36-B37s-13,2013-09-17T10:27:52Z,2013-09-17T11:06:04Z,2013-09-17T10:33:12Z,2013-09-17T10:33:12Z,320,1972,112,1,112,51.2012786865234,-4.67070007324219
B37,hg36-B37s-13,2013-09-17T21:16:32Z,2013-09-17T23:51:12Z,2013-09-17T21:25:20Z,2013-09-17T23:51:04Z,528,8,113,1,113,51.2000490824381,-4.66949653625488
B37,hg36-B37s-13,2013-09-18T08:50:08Z,2013-09-18T09:18:40Z,2013-09-18T08:02:20Z,2013-09-18T08:02:20Z,2868,4580,114,1,114,51.2052326226205,-4.67333106720788
B37,hg36-B37s-13,2013-09-18T09:24:32Z,2013-09-18T13:37:16Z,2013-09-18T08:02:20Z,2013-09-18T14:16:08Z,4932,2332,115,1,115,51.2036344042771,-4.67474987844067
B37,hg36-B37s-13,2013-09-18T20:17:28Z,2013-09-18T20:44:16Z,2013-09-18T20:21:16Z,2013-09-18T20:47:20Z,228,184,116,1,116,51.2022018432617,-4.67669010162354
B37,hg36-B37s-13,2013-09-18T21:18:08Z,2013-09-19T01:15:16Z,2013-09-18T21:23:20Z,2013-09-19T01:38:16Z,312,1380,117,1,117,51.2002792358398,-4.66967010498047
B37,hg36-B37s-13,2013-09-19T21:20:36Z,2013-09-20T01:24:12Z,2013-09-19T21:25:48Z,2013-09-20T01:29:20Z,312,308,118,1,118,51.1998863220214,-4.66972517967224
B37,hg36-B37s-13,2013-09-20T20:32:04Z,2013-09-21T04:16:12Z,2013-09-20T20:40:48Z,2013-09-21T05:34:28Z,524,4696,119,1,119,51.2023798624674,-4.67639668782552
B37,hg36-B37s-13,2013-09-21T21:07:36Z,2013-09-21T21:38:04Z,2013-09-21T21:10:12Z,2013-09-21T21:39:12Z,156,68,120,1,120,51.2024116516113,-4.67636013031006
B37,hg36-B37s-13,2013-09-21T21:49:08Z,2013-09-22T02:52:20Z,2013-09-21T21:51:12Z,2013-09-22T03:02:12Z,124,592,121,1,121,51.202283859253,-4.67225980758667
B37,hg36-B37s-13,2013-09-22T21:27:16Z,2013-09-23T05:23:24Z,2013-09-22T21:33:16Z,2013-09-23T03:33:16Z,360,6608,122,1,122,51.2022495269775,-4.67636990547181
B37,hg36-B37s-13,2013-09-24T23:33:52Z,2013-09-25T06:14:16Z,2013-09-24T23:28:56Z,2013-09-25T06:45:56Z,296,1900,123,1,123,51.2018394470215,-4.67563009262085
B37,hg36-B37s-13,2013-09-25T16:53:32Z,2013-09-25T17:43:20Z,2013-09-25T16:48:16Z,2013-09-25T17:00:16Z,316,2584,124,1,124,51.2015419006348,-4.67578983306885
B37,hg36-B37s-13,2013-09-25T23:11:52Z,2013-09-26T04:18:28Z,2013-09-25T23:23:40Z,2013-09-26T05:22:24Z,708,3836,125,1,125,51.2015247344971,-4.67572021484375
B37,hg36-B37s-13,2013-09-27T03:49:36Z,2013-09-27T05:31:16Z,2013-09-27T03:49:52Z,2013-09-27T03:49:52Z,16,6084,126,1,126,51.1947593688965,-4.66914987564087
B37,hg36-B37s-13,2013-09-27T18:40:52Z,2013-09-27T19:13:36Z,2013-09-27T18:42:32Z,2013-09-27T18:42:32Z,100,1864,127,1,127,51.1944198608398,-4.66921997070313
B37,hg36-B37s-13,2013-09-29T16:10:24Z,2013-09-29T16:31:28Z,2013-09-29T16:22:40Z,2013-09-29T16:22:40Z,736,528,128,1,128,50.2400207519531,-5.38972997665405
B37,hg36-B37s-13,2013-09-29T16:42:44Z,2013-09-29T20:52:36Z,2013-09-29T16:22:40Z,2013-09-29T20:48:12Z,1204,264,129,1,129,50.2403736114502,-5.38850498199463
B37,hg36-B37s-13,2013-09-29T21:18:48Z,2013-09-29T22:48:08Z,2013-09-29T21:13:00Z,2013-09-29T22:53:16Z,348,308,130,1,130,50.2402496337891,-5.388916015625
B37,hg36-B37s-13,2013-09-30T05:35:40Z,2013-09-30T09:45:36Z,2013-09-30T05:35:52Z,2013-09-30T09:49:12Z,12,216,133,1,133,50.2405490875244,-5.38882493972778
B37,hg36-B37s-13,2013-09-30T17:21:40Z,2013-09-30T21:20:12Z,2013-09-30T17:41:24Z,2013-09-30T22:01:32Z,1184,2480,134,1,134,50.2404613494873,-5.38925004005432
B37,hg36-B37s-13,2013-10-01T17:30:12Z,2013-10-01T18:15:52Z,2013-10-01T16:56:24Z,2013-10-01T16:56:24Z,2028,4768,135,1,135,50.2436489431502,-5.39482829772679
B37,hg36-B37s-13,2013-10-03T19:07:04Z,2013-10-04T03:04:44Z,2013-10-03T19:29:28Z,2013-10-04T01:29:28Z,1344,5716,140,1,140,50.2400341033936,-5.38920998573303
B37,hg36-B37s-13,2013-10-04T06:48:44Z,2013-10-04T08:25:12Z,2013-10-04T06:55:12Z,2013-10-04T08:26:04Z,388,52,141,1,141,50.2398796081543,-5.39011001586914
B37,hg36-B37s-13,2013-10-04T09:55:08Z,2013-10-04T11:42:24Z,2013-10-04T09:57:40Z,2013-10-04T09:57:40Z,152,6284,142,1,142,50.2406883239746,-5.38874006271362
B37,hg36-B37s-13,2013-10-04T18:50:48Z,2013-10-05T03:42:16Z,2013-10-04T18:57:00Z,2013-10-05T00:57:00Z,372,9916,143,1,143,50.2399253845214,-5.38950991630554
B37,hg36-B37s-13,2013-10-05T10:11:20Z,2013-10-05T10:30:32Z,2013-10-05T10:22:44Z,2013-10-05T10:35:04Z,684,272,144,1,144,50.2412490844727,-5.40038013458252
B37,hg36-B37s-13,2013-10-05T21:38:44Z,2013-10-06T01:50:52Z,2013-10-05T21:37:08Z,2013-10-06T01:51:40Z,96,48,147,1,147,50.2406902313232,-5.38908982276917
B37,hg36-B37s-13,2013-10-10T12:11:04Z,2013-10-10T12:47:32Z,2013-10-10T12:14:16Z,2013-10-10T12:49:08Z,192,96,150,1,150,48.365478515625,-4.87944984436035
B37,hg36-B37s-13,2013-10-10T12:59:32Z,2013-10-10T14:51:04Z,2013-10-10T13:01:08Z,2013-10-10T15:07:08Z,96,964,151,1,151,48.3607711791992,-4.88148021697998
B37,hg36-B37s-13,2013-10-10T19:59:04Z,2013-10-10T21:03:08Z,2013-10-10T20:07:40Z,2013-10-10T21:05:04Z,516,116,152,1,152,48.3710403442383,-4.8869800567627
B37,hg36-B37s-13,2013-10-10T21:43:04Z,2013-10-10T22:19:56Z,2013-10-10T21:41:28Z,2013-10-10T22:23:04Z,96,188,153,1,153,48.3706398010254,-4.88659000396729
B37,hg36-B37s-13,2013-10-10T22:57:56Z,2013-10-11T00:49:52Z,2013-10-10T23:00:16Z,2013-10-11T00:50:56Z,140,64,154,1,154,48.3700218200684,-4.88741016387939
B37,hg36-B37s-13,2013-10-11T01:16:40Z,2013-10-11T03:20:20Z,2013-10-11T01:14:56Z,2013-10-11T01:14:56Z,104,7524,155,1,155,48.3633365322987,-4.88196459153219
B37,hg36-B37s-13,2013-10-11T13:00:16Z,2013-10-11T16:20:28Z,2013-10-11T13:02:56Z,2013-10-11T17:01:44Z,160,2476,156,1,156,48.3653793334961,-4.87938022613525
B37,hg36-B37s-13,2013-10-12T00:05:48Z,2013-10-12T05:57:16Z,2013-10-12T00:03:12Z,2013-10-12T06:00:00Z,156,164,157,1,157,48.3655948432216,-4.87895027226219
B37,hg36-B37s-13,2013-10-12T13:44:32Z,2013-10-12T18:03:40Z,2013-10-12T13:54:52Z,2013-10-12T18:07:04Z,620,204,158,1,158,48.3654403686523,-4.8792200088501
B37,hg36-B37s-13,2013-10-12T22:52:04Z,2013-10-13T02:01:16Z,2013-10-12T22:57:08Z,2013-10-13T02:15:24Z,304,848,159,1,159,48.370288848877,-4.88163995742798
B37,hg36-B37s-13,2013-10-13T02:15:08Z,2013-10-13T07:03:48Z,2013-10-13T02:15:24Z,2013-10-13T07:06:24Z,16,156,160,1,160,48.3656902313232,-4.87905502319336
B37,hg36-B37s-13,2013-10-19T08:26:40Z,2013-10-19T11:28:44Z,2013-10-19T08:22:52Z,2013-10-19T11:43:12Z,228,868,161,1,161,48.3197803497315,-4.87847018241883
B37,hg36-B37s-13,2013-10-19T18:33:12Z,2013-10-19T19:17:44Z,2013-10-19T18:28:52Z,2013-10-19T19:04:52Z,260,772,162,1,162,48.370059967041,-4.87972021102905
B37,hg36-B37s-13,2013-10-19T19:50:16Z,2013-10-20T00:37:36Z,2013-10-19T19:55:44Z,2013-10-20T00:39:00Z,328,84,163,1,163,48.3691005706787,-4.87603497505188
B37,hg36-B37s-13,2013-10-20T01:40:52Z,2013-10-20T04:00:00Z,2013-10-20T01:51:20Z,2013-10-20T04:05:08Z,628,308,164,1,164,48.3711013793945,-4.88018989562988
B37,hg36-B37s-13,2013-10-20T10:07:44Z,2013-10-20T11:39:00Z,2013-10-20T10:08:40Z,2013-10-20T11:41:00Z,56,120,165,1,165,48.3653984069824,-4.87945985794067
B37,hg36-B37s-13,2013-10-20T19:24:32Z,2013-10-20T20:14:32Z,2013-10-20T19:23:56Z,2013-10-20T20:16:04Z,36,92,166,1,166,48.3700294494629,-4.87959003448486
B37,hg36-B37s-13,2013-10-20T20:23:56Z,2013-10-21T01:24:08Z,2013-10-20T20:28:04Z,2013-10-21T01:25:12Z,248,64,167,1,167,48.3693504333496,-4.87571001052856
B37,hg36-B37s-13,2013-10-21T02:42:32Z,2013-10-21T04:43:04Z,2013-10-21T02:36:20Z,2013-10-21T05:34:04Z,372,3060,168,1,168,48.3704649445176,-4.87974645066603
B37,hg36-B37s-13,2013-10-21T08:21:48Z,2013-10-21T09:18:12Z,2013-10-21T08:08:04Z,2013-10-21T09:19:56Z,824,104,169,1,169,48.3698196411133,-4.87657022476196
B37,hg36-B37s-13,2013-10-21T09:29:16Z,2013-10-21T11:55:20Z,2013-10-21T09:19:56Z,2013-10-21T11:57:48Z,560,148,170,1,170,48.3683090209961,-4.8826699256897
B37,hg36-B37s-13,2013-10-24T07:03:00Z,2013-10-24T07:30:16Z,2013-10-24T07:08:56Z,2013-10-24T07:08:56Z,356,1280,171,1,171,48.3711090087891,-4.88073015213013
B37,hg36-B37s-13,2013-10-24T11:40:20Z,2013-10-24T14:41:56Z,2013-10-24T11:43:36Z,2013-10-24T14:43:56Z,196,120,172,1,172,48.3656997680664,-4.87913990020752
B37,hg36-B37s-13,2013-10-24T17:45:20Z,2013-10-24T20:56:52Z,2013-10-24T17:40:04Z,2013-10-24T20:58:28Z,316,96,173,1,173,48.3709449768067,-4.88030505180359
B37,hg36-B37s-13,2013-10-24T21:57:40Z,2013-10-24T22:53:52Z,2013-10-24T21:53:04Z,2013-10-24T22:55:32Z,276,100,174,1,174,48.3710289001465,-4.8788800239563
B37,hg36-B37s-13,2013-10-24T23:00:12Z,2013-10-25T03:40:44Z,2013-10-24T22:55:32Z,2013-10-25T03:55:16Z,280,872,175,1,175,48.3697566986084,-4.87595510482788
B37,hg36-B37s-13,2013-10-25T04:42:40Z,2013-10-25T04:55:28Z,2013-10-25T04:43:16Z,2013-10-25T04:43:16Z,36,732,176,1,176,48.3711013793945,-4.88027000427246
B37,hg36-B37s-13,2013-10-25T05:59:36Z,2013-10-25T10:11:04Z,2013-10-25T06:03:24Z,2013-10-25T10:17:52Z,228,408,177,1,177,48.3715000152588,-4.88195013999939
B37,hg36-B37s-13,2013-10-25T10:44:36Z,2013-10-25T12:00:24Z,2013-10-25T10:42:16Z,2013-10-25T12:16:20Z,140,956,178,1,178,48.3712005615234,-4.87812995910645
B37,hg36-B37s-13,2013-10-25T12:37:12Z,2013-10-25T15:49:32Z,2013-10-25T12:40:20Z,2013-10-25T15:51:04Z,188,92,179,1,179,48.3714790344238,-4.87798976898193
B37,hg36-B37s-13,2013-10-25T17:16:08Z,2013-10-26T07:02:56Z,2013-10-25T17:20:32Z,2013-10-26T07:14:52Z,264,716,180,1,180,48.371379852295,-4.88199520111084
B37,hg36-B37s-13,2013-10-26T13:35:08Z,2013-10-26T13:53:56Z,2013-10-26T13:23:00Z,2013-10-26T14:00:00Z,728,364,181,1,181,48.3718109130859,-4.879469871521
B37,hg36-B37s-13,2013-10-26T17:15:36Z,2013-10-26T21:23:00Z,2013-10-26T17:12:52Z,2013-10-26T21:24:16Z,164,76,182,1,182,48.3712558746338,-4.88107991218567
B37,hg36-B37s-13,2013-10-31T04:51:00Z,2013-10-31T07:35:36Z,2013-10-31T04:33:00Z,2013-10-31T07:36:56Z,1080,80,185,1,185,48.3700790405273,-4.87703990936279
B37,hg36-B37s-13,2013-10-31T14:20:04Z,2013-10-31T22:31:32Z,2013-10-31T14:23:36Z,2013-10-31T22:36:16Z,212,284,186,1,186,48.3711853027344,-4.88046979904175
B37,hg36-B37s-13,2013-11-01T00:39:36Z,2013-11-01T01:18:20Z,2013-11-01T00:38:12Z,2013-11-01T01:35:00Z,84,1000,187,1,187,48.3713493347168,-4.8804497718811
B37,hg36-B37s-13,2013-11-01T07:33:00Z,2013-11-01T07:51:00Z,2013-11-01T07:32:20Z,2013-11-01T07:56:24Z,40,324,188,1,188,48.371410369873,-4.87750005722046
B37,hg36-B37s-13,2013-11-04T10:11:16Z,2013-11-04T11:49:32Z,2013-11-04T10:12:40Z,2013-11-04T11:50:44Z,84,72,189,1,189,48.3713417053223,-4.87766981124878
B37,hg36-B37s-13,2013-11-04T13:11:00Z,2013-11-04T15:32:16Z,2013-11-04T13:19:32Z,2013-11-04T15:19:32Z,512,764,190,1,190,48.3709335327149,-4.88037490844727
B37,hg36-B37s-13,2013-11-04T17:18:04Z,2013-11-04T20:39:16Z,2013-11-04T17:19:24Z,2013-11-04T20:40:52Z,80,96,191,1,191,48.3714008331298,-4.88076496124268
B37,hg36-B37s-13,2013-11-04T20:44:52Z,2013-11-05T01:20:08Z,2013-11-04T20:40:52Z,2013-11-05T01:15:36Z,240,272,192,1,192,48.3703804016113,-4.87804317474365
B37,hg36-B37s-13,2013-11-05T09:42:16Z,2013-11-05T12:54:44Z,2013-11-05T09:38:16Z,2013-11-05T12:50:32Z,240,252,193,1,193,48.3709297180175,-4.87738513946533
B37,hg36-B37s-13,2013-11-05T17:25:00Z,2013-11-06T09:19:16Z,2013-11-05T17:19:28Z,2013-11-06T09:20:44Z,332,88,194,1,194,48.3713932037354,-4.88054752349854
B37,hg36-B37s-13,2013-11-06T16:27:20Z,2013-11-07T06:29:20Z,2013-11-06T16:29:04Z,2013-11-07T07:33:40Z,104,3860,195,1,195,48.3713734944661,-4.88072331746419
B37,hg36-B37s-13,2013-11-10T09:12:32Z,2013-11-10T14:40:08Z,2013-11-10T09:15:48Z,2013-11-10T14:41:08Z,196,60,196,1,196,48.3708801269531,-4.88051319122314
B37,hg36-B37s-13,2013-11-10T15:40:24Z,2013-11-10T15:58:56Z,2013-11-10T15:41:20Z,2013-11-10T15:41:20Z,56,1056,197,1,197,48.3701705932617,-4.88150978088379
B37,hg36-B37s-13,2013-11-10T19:23:56Z,2013-11-11T00:39:16Z,2013-11-10T19:25:08Z,2013-11-11T00:51:48Z,72,752,198,1,198,48.3711013793945,-4.88038015365601
B37,hg36-B37s-13,2013-11-11T00:51:00Z,2013-11-11T04:20:24Z,2013-11-11T00:51:48Z,2013-11-11T04:16:32Z,48,232,199,1,199,48.3707466125488,-4.8781349658966
B37,hg36-B37s-13,2013-11-11T04:29:04Z,2013-11-11T06:28:24Z,2013-11-11T04:29:04Z,2013-11-11T06:30:04Z,0,100,200,1,200,48.3714218139648,-4.87768983840942
B37,hg36-B37s-13,2013-11-12T22:09:36Z,2013-11-13T11:28:08Z,2013-11-12T22:06:40Z,2013-11-13T11:29:04Z,176,56,203,1,203,48.3710479736328,-4.88040335973104
B37,hg36-B37s-13,2013-11-16T05:08:12Z,2013-11-16T12:18:52Z,2013-11-16T04:55:52Z,2013-11-16T12:09:56Z,740,536,204,1,204,48.3705952962239,-4.88032658894857
B37,hg36-B37s-13,2013-11-16T18:09:00Z,2013-11-17T03:00:36Z,2013-11-16T18:09:00Z,2013-11-17T03:18:52Z,0,1096,205,1,205,48.3709259033203,-4.88017511367797
B37,hg36-B37s-13,2013-11-17T07:35:56Z,2013-11-17T12:24:20Z,2013-11-17T07:44:36Z,2013-11-17T12:03:04Z,520,1276,206,1,206,48.3710556030274,-4.87989747524261
B37,hg36-B37s-13,2013-11-17T19:22:32Z,2013-11-18T03:00:28Z,2013-11-17T19:04:24Z,2013-11-18T04:08:36Z,1088,4088,207,1,207,48.3710136413574,-4.87935495376587
B37,hg36-B37s-13,2013-11-18T06:50:52Z,2013-11-18T07:21:36Z,2013-11-18T06:50:20Z,2013-11-18T07:02:36Z,32,1140,208,1,208,48.3710708618164,-4.88028001785278
B37,hg36-B37s-13,2013-11-18T09:06:04Z,2013-11-18T11:16:08Z,2013-11-18T09:07:24Z,2013-11-18T11:19:28Z,80,200,211,1,211,48.3654708862304,-4.87949991226196
B37,hg36-B37s-13,2013-11-18T18:44:08Z,2013-11-19T06:13:28Z,2013-11-18T18:49:16Z,2013-11-19T06:40:00Z,308,1592,212,1,212,48.3708801269531,-4.88055992126465
B37,hg36-B37s-13,2013-11-23T02:07:08Z,2013-11-23T05:07:52Z,2013-11-23T01:50:20Z,2013-11-23T04:05:24Z,1008,3748,213,1,213,48.1690101623535,-4.5562801361084
B37,hg36-B37s-13,2013-11-25T01:29:52Z,2013-11-25T04:25:08Z,2013-11-25T01:41:48Z,2013-11-25T03:41:48Z,716,2600,214,1,214,48.1673889160157,-4.55579495429992
B37,hg36-B37s-13,2013-11-27T00:43:56Z,2013-11-27T01:15:28Z,2013-11-27T01:40:08Z,2013-11-27T01:40:08Z,3372,1480,215,1,215,48.1657264366615,-4.55313597095864
B37,hg36-B37s-13,2013-11-27T01:47:04Z,2013-11-27T03:29:24Z,2013-11-27T01:40:08Z,2013-11-27T03:37:24Z,416,480,216,1,216,48.1683883666992,-4.54720020294189
B37,hg36-B37s-13,2013-11-27T20:47:28Z,2013-11-27T21:19:12Z,2013-11-27T20:56:08Z,2013-11-27T20:56:08Z,520,1384,217,1,217,48.1683502197266,-4.54754018783569
B37,hg36-B37s-13,2013-11-27T21:40:40Z,2013-11-27T22:06:52Z,2013-11-27T21:44:16Z,2013-11-27T21:44:16Z,216,1356,218,1,218,48.1680183410645,-4.54708003997803
B37,hg36-B37s-13,2013-11-27T22:27:16Z,2013-11-27T22:40:48Z,2013-11-27T22:31:40Z,2013-11-27T22:31:40Z,264,548,219,1,219,48.1684608459473,-4.54751014709473
B37,hg36-B37s-13,2013-11-29T01:50:40Z,2013-11-29T02:04:48Z,2013-11-29T01:53:48Z,2013-11-29T01:53:48Z,188,660,220,1,220,48.3708992004395,-4.88103008270264
B37,hg36-B37s-13,2013-11-29T02:22:08Z,2013-11-29T03:16:52Z,2013-11-29T02:20:16Z,2013-11-29T03:30:08Z,112,796,221,1,221,48.3709983825684,-4.87802982330322
B37,hg36-B37s-13,2013-11-29T03:21:04Z,2013-11-29T04:30:00Z,2013-11-29T03:30:08Z,2013-11-29T04:57:24Z,544,1644,222,1,222,48.3697700500488,-4.87579011917114
B37,hg36-B37s-13,2013-11-29T17:22:00Z,2013-11-29T21:47:20Z,2013-11-29T17:28:44Z,2013-11-29T21:48:32Z,404,72,223,1,223,48.3706016540527,-4.87737989425659
B37,hg36-B37s-13,2013-11-29T21:52:52Z,2013-11-29T22:42:08Z,2013-11-29T21:48:32Z,2013-11-29T22:00:32Z,260,2496,224,1,224,48.370719909668,-4.87998008728027
B37,hg36-B37s-13,2013-12-02T18:00:12Z,2013-12-02T23:05:52Z,2013-12-02T18:20:08Z,2013-12-02T20:20:08Z,1196,9944,225,1,225,48.1682205200195,-4.54715991020203
B37,hg36-B37s-13,2013-12-03T21:05:52Z,2013-12-04T00:06:00Z,2013-12-03T21:09:40Z,2013-12-03T23:52:12Z,228,828,226,1,226,48.1676330566406,-4.5451766649882
